t,dir,allowed,why,grade,size_mult
1740497700000,SELL,False,Empirical RAG Trade Twin Veto,,
1743632100000,BUY,True,,A_plus_prime,1.5
1743684000000,SELL,False,Empirical RAG Trade Twin Veto,,
1743765300000,BUY,True,,A_plus_prime,1.5
1743771300000,SELL,False,Empirical RAG Trade Twin Veto,,
1743775800000,SELL,False,Empirical RAG Trade Twin Veto,,
1743778200000,SELL,False,Empirical RAG Trade Twin Veto,,
1743780600000,SELL,False,Empirical RAG Trade Twin Veto,,
1743781200000,SELL,False,Empirical RAG Trade Twin Veto,,
1743781500000,SELL,False,Empirical RAG Trade Twin Veto,,
1743981900000,SELL,False,Empirical Regime Veto,,
1743982200000,SELL,False,Empirical Regime Veto,,
1743982500000,SELL,False,Empirical Regime Veto,,
1743990000000,BUY,True,,A_plus_prime,1.5
1743990300000,BUY,True,,A_plus_prime,1.5
1744033200000,SELL,False,Empirical RAG Trade Twin Veto,,
1744036800000,SELL,False,Empirical RAG Trade Twin Veto,,
1744162500000,BUY,True,,A_plus_prime,1.5
1744163100000,BUY,True,,A_plus_prime,1.5
1744294200000,BUY,True,,A_plus_prime,1.5
1744581900000,SELL,False,Empirical RAG Trade Twin Veto,,
1744854900000,SELL,True,,A_plus_prime,1.5
1744900500000,SELL,False,Empirical RAG Trade Twin Veto,,
1745326500000,SELL,False,Empirical RAG Trade Twin Veto,,
1745329500000,SELL,False,Empirical RAG Trade Twin Veto,,
1745338800000,SELL,False,Empirical RAG Trade Twin Veto,,
1745339100000,SELL,False,Empirical RAG Trade Twin Veto,,
1745339400000,SELL,False,Empirical RAG Trade Twin Veto,,
1745340000000,SELL,False,Empirical RAG Trade Twin Veto,,
1745359500000,SELL,False,Empirical RAG Trade Twin Veto,,
1745372700000,BUY,True,,A_plus_prime,1.5
1745386800000,SELL,True,,A_plus_prime,1.5
1745387100000,SELL,True,,A_plus_prime,1.5
1745387400000,SELL,True,,A_plus_prime,1.5
1745388300000,SELL,True,,A_plus_prime,1.5
1745391300000,SELL,True,,A_plus_prime,1.5
1745415600000,SELL,False,Empirical RAG Trade Twin Veto,,
1745416200000,SELL,False,Empirical RAG Trade Twin Veto,,
1745416500000,SELL,False,Empirical RAG Trade Twin Veto,,
1745417100000,SELL,False,Empirical RAG Trade Twin Veto,,
1745457000000,BUY,True,,A_plus_prime,1.5
1745457300000,BUY,True,,A_plus_prime,1.5
1745533800000,BUY,True,,A_plus_prime,1.5
1745534100000,BUY,True,,A_plus_prime,1.5
1745560500000,SELL,True,,A_plus_prime,1.5
1745587500000,SELL,False,Empirical RAG Trade Twin Veto,,
1745803800000,SELL,True,,A_plus_prime,1.5
1745804100000,SELL,True,,A_plus_prime,1.5
1745806500000,SELL,True,,A_plus_prime,1.5
1746059100000,SELL,True,,A_plus_prime,1.5
1746493800000,BUY,True,,A_plus_prime,1.5
1746494100000,BUY,True,,A_plus_prime,1.5
1746495900000,BUY,True,,A_plus_prime,1.5
1746569400000,SELL,False,Empirical RAG Trade Twin Veto,,
1746570600000,SELL,False,Empirical RAG Trade Twin Veto,,
1746572400000,SELL,False,Empirical Regime Veto,,
1746578700000,SELL,True,,A_plus_prime,1.5
1746579000000,SELL,True,,A_plus_prime,1.5
1746645600000,SELL,False,Empirical RAG Trade Twin Veto,,
1746684000000,SELL,True,,A_plus_prime,1.5
1746684900000,SELL,True,,A_plus_prime,1.5
1746685200000,SELL,True,,A_plus_prime,1.5
1746686100000,SELL,True,,A_plus_prime,1.5
1746687000000,SELL,True,,A_plus_prime,1.5
1746719100000,SELL,False,Empirical RAG Trade Twin Veto,,
1746719400000,SELL,False,Empirical RAG Trade Twin Veto,,
1746754800000,SELL,True,,A_plus_prime,1.5
1747012500000,SELL,True,,A_plus_prime,1.5
1747033500000,SELL,True,,A_plus_prime,1.5
1747033800000,SELL,True,,A_plus_prime,1.5
1747034700000,SELL,True,,A_plus_prime,1.5
1747035000000,SELL,True,,A_plus_prime,1.5
1747036200000,SELL,True,,A_plus_prime,1.5
1747226400000,SELL,False,Empirical RAG Trade Twin Veto,,
1747227000000,SELL,False,Empirical RAG Trade Twin Veto,,
1747227300000,SELL,False,Empirical RAG Trade Twin Veto,,
1747227600000,SELL,False,Empirical RAG Trade Twin Veto,,
1747392900000,SELL,False,Empirical RAG Trade Twin Veto,,
1747605900000,BUY,True,,A_plus_prime,1.5
1747606800000,BUY,True,,A_plus_prime,1.5
1747749900000,BUY,True,,A_plus_prime,1.5
1747750200000,BUY,True,,A_plus_prime,1.5
1747750800000,BUY,True,,A_plus_prime,1.5
1748001000000,BUY,True,,A_plus_prime,1.5
1748474700000,SELL,False,Empirical Regime Veto,,
1748607300000,BUY,False,News Risk Veto,,
1749135000000,SELL,False,Empirical RAG Trade Twin Veto,,
1749219600000,SELL,False,Empirical RAG Trade Twin Veto,,
1749219900000,SELL,False,Empirical RAG Trade Twin Veto,,
1749714300000,SELL,True,,A_plus_prime,1.5
1749773400000,BUY,True,,A_plus_prime,1.5
1749774600000,BUY,True,,A_plus_prime,1.5
1749774900000,BUY,True,,A_plus_prime,1.5
1750082100000,SELL,False,Empirical RAG Trade Twin Veto,,
1750082400000,SELL,False,Empirical RAG Trade Twin Veto,,
1751236200000,SELL,False,Empirical RAG Trade Twin Veto,,
1751546100000,SELL,False,politician_freeze_5m,,
1751546400000,SELL,False,Empirical RAG Trade Twin Veto,,
1751546700000,SELL,False,Empirical RAG Trade Twin Veto,,
1752678300000,BUY,True,,A_plus_prime,1.5
1752678600000,BUY,True,,A_plus_prime,1.5
1752679200000,BUY,True,,A_plus_prime,1.5
1752680100000,BUY,True,,A_plus_prime,1.5
1753711200000,SELL,False,Empirical RAG Trade Twin Veto,,
1753901400000,SELL,False,Empirical RAG Trade Twin Veto,,
1754052000000,BUY,True,,macro_sovereign_titan,1.5
1754052300000,BUY,True,,macro_sovereign_titan,1.5
1755872100000,BUY,True,,macro_sovereign_titan,1.5
1755872400000,BUY,True,,macro_sovereign_titan,1.5
1757075700000,BUY,False,politician_freeze_5m,,
1757076000000,BUY,True,,macro_sovereign_titan,1.5
1757594100000,BUY,False,politician_freeze_5m,,
1758132300000,BUY,False,politician_freeze_5m,,
1758132600000,BUY,True,,macro_sovereign_titan,1.5
1758135300000,SELL,False,Empirical RAG Trade Twin Veto,,
1759220700000,SELL,True,,A_plus_prime,1.5
1759221300000,SELL,True,,A_plus_prime,1.5
1759221600000,SELL,True,,A_plus_prime,1.5
1759321800000,SELL,False,Empirical RAG Trade Twin Veto,,
1759416000000,SELL,False,Empirical RAG Trade Twin Veto,,
1759416300000,SELL,False,Empirical RAG Trade Twin Veto,,
1759416600000,SELL,False,Empirical RAG Trade Twin Veto,,
1759416900000,SELL,False,Empirical RAG Trade Twin Veto,,
1759961400000,SELL,False,Empirical RAG Trade Twin Veto,,
1760017500000,SELL,False,Empirical RAG Trade Twin Veto,,
1760017800000,SELL,False,Empirical RAG Trade Twin Veto,,
1760018400000,SELL,False,Empirical RAG Trade Twin Veto,,
1760019900000,SELL,False,Empirical RAG Trade Twin Veto,,
1760020200000,SELL,False,Empirical RAG Trade Twin Veto,,
1760020500000,SELL,False,Empirical RAG Trade Twin Veto,,
1760028000000,SELL,False,Empirical RAG Trade Twin Veto,,
1760028900000,SELL,False,Empirical RAG Trade Twin Veto,,
1760029200000,SELL,False,Empirical RAG Trade Twin Veto,,
1760030100000,SELL,False,Empirical RAG Trade Twin Veto,,
1760105100000,SELL,False,Empirical RAG Trade Twin Veto,,
1760109000000,BUY,True,,A_plus_prime,1.5
1760109900000,BUY,True,,A_plus_prime,1.5
1760110200000,BUY,True,,A_plus_prime,1.5
1760307900000,BUY,True,,A_plus_prime,1.5
1760420700000,SELL,True,,A_plus_prime,1.5
1760421000000,SELL,True,,A_plus_prime,1.5
1760423100000,SELL,True,,A_plus_prime,1.5
1760445300000,SELL,False,Empirical RAG Trade Twin Veto,,
1760445600000,SELL,False,Empirical RAG Trade Twin Veto,,
1760445900000,SELL,False,Empirical RAG Trade Twin Veto,,
1760592900000,SELL,True,,A_plus_prime,1.5
1760645100000,BUY,True,,A_plus_prime,1.5
1760652300000,BUY,True,,A_plus_prime,1.5
1760652600000,BUY,True,,A_plus_prime,1.5
1760653200000,BUY,True,,A_plus_prime,1.5
1760665500000,SELL,True,,A_plus_prime,1.5
1760685600000,SELL,True,,A_plus_prime,1.5
1760700900000,SELL,False,Empirical RAG Trade Twin Veto,,
1760702100000,SELL,False,Empirical RAG Trade Twin Veto,,
1760702400000,SELL,False,Empirical RAG Trade Twin Veto,,
1760708400000,SELL,False,Empirical RAG Trade Twin Veto,,
1760709900000,SELL,False,Empirical RAG Trade Twin Veto,,
1760710500000,SELL,False,Empirical RAG Trade Twin Veto,,
1760718600000,SELL,False,Empirical RAG Trade Twin Veto,,
1760718900000,SELL,False,Empirical RAG Trade Twin Veto,,
1760720700000,SELL,False,Empirical RAG Trade Twin Veto,,
1760911500000,BUY,True,,A_plus_prime,1.5
1760940000000,SELL,True,,A_plus_prime,1.5
1760940300000,SELL,True,,A_plus_prime,1.5
1760963100000,BUY,True,,A_plus_prime,1.5
1760963700000,BUY,True,,A_plus_prime,1.5
1760964000000,BUY,True,,A_plus_prime,1.5
1760964300000,BUY,True,,A_plus_prime,1.5
1760970300000,BUY,True,,A_plus_prime,1.5
1761010500000,SELL,True,,A_plus_prime,1.5
1761010800000,SELL,True,,A_plus_prime,1.5
1761032100000,SELL,True,,A_plus_prime,1.5
1761032400000,SELL,True,,A_plus_prime,1.5
1761033900000,SELL,True,,A_plus_prime,1.5
1761034500000,SELL,True,,A_plus_prime,1.5
1761048900000,SELL,False,Empirical RAG Trade Twin Veto,,
1761051900000,SELL,False,Empirical RAG Trade Twin Veto,,
1761054600000,SELL,False,Empirical RAG Trade Twin Veto,,
1761056700000,SELL,False,Empirical RAG Trade Twin Veto,,
1761057000000,SELL,False,Empirical RAG Trade Twin Veto,,
1761057600000,SELL,False,Empirical RAG Trade Twin Veto,,
1761057900000,SELL,False,Empirical RAG Trade Twin Veto,,
1761091200000,SELL,True,,A_plus_prime,1.5
1761091500000,SELL,True,,A_plus_prime,1.5
1761091800000,SELL,True,,A_plus_prime,1.5
1761104700000,BUY,True,,A_plus_prime,1.5
1761120600000,SELL,True,,A_plus_prime,1.5
1761120900000,SELL,True,,A_plus_prime,1.5
1761121200000,SELL,True,,A_plus_prime,1.5
1761129900000,SELL,False,Empirical RAG Trade Twin Veto,,
1761130500000,SELL,False,Empirical RAG Trade Twin Veto,,
1761144900000,SELL,False,Empirical RAG Trade Twin Veto,,
1761161700000,BUY,True,,A_plus_prime,1.5
1761179100000,SELL,True,,A_plus_prime,1.5
1761199800000,BUY,True,,A_plus_prime,1.5
1761200100000,BUY,True,,A_plus_prime,1.5
1761225600000,BUY,True,,A_plus_prime,1.5
1761228600000,BUY,True,,A_plus_prime,1.5
1761286200000,SELL,True,,A_plus_prime,1.5
1761286500000,SELL,True,,A_plus_prime,1.5
1761292500000,SELL,True,,A_plus_prime,1.5
1761293100000,SELL,True,,A_plus_prime,1.5
1761293700000,SELL,True,,A_plus_prime,1.5
1761309300000,BUY,False,politician_freeze_5m,,
1761311400000,BUY,True,,macro_sovereign_titan,1.5
1761312000000,BUY,True,,A_plus_prime,1.5
1761315300000,BUY,True,,A_plus_prime,1.5
1761516300000,SELL,False,Empirical RAG Trade Twin Veto,,
1761573900000,SELL,False,Empirical RAG Trade Twin Veto,,
1761574200000,SELL,False,Empirical RAG Trade Twin Veto,,
1761574800000,SELL,False,Empirical RAG Trade Twin Veto,,
1761577500000,SELL,False,Empirical RAG Trade Twin Veto,,
1761577800000,SELL,False,Empirical RAG Trade Twin Veto,,
1761625800000,SELL,True,,A_plus_prime,1.5
1761630000000,SELL,True,,A_plus_prime,1.5
1761636300000,SELL,True,,A_plus_prime,1.5
1761642600000,SELL,False,Empirical RAG Trade Twin Veto,,
1761659700000,BUY,True,,A_plus_prime,1.5
1761689400000,SELL,False,Empirical RAG Trade Twin Veto,,
1761763200000,SELL,False,Empirical RAG Trade Twin Veto,,
1761767100000,SELL,False,Empirical RAG Trade Twin Veto,,
1761793500000,SELL,True,,A_plus_prime,1.5
1761799200000,BUY,True,,A_plus_prime,1.5
1761815700000,BUY,True,,A_plus_prime,1.5
1761829200000,SELL,False,Empirical RAG Trade Twin Veto,,
1761833400000,BUY,True,,A_plus_prime,1.5
1761876900000,SELL,True,,A_plus_prime,1.5
1761878700000,SELL,True,,A_plus_prime,1.5
1761880500000,SELL,True,,A_plus_prime,1.5
1761927000000,SELL,False,Empirical RAG Trade Twin Veto,,
1761927300000,SELL,False,Empirical RAG Trade Twin Veto,,
1761927600000,SELL,False,Empirical RAG Trade Twin Veto,,
1762211700000,SELL,False,Empirical Regime Veto,,
1762266900000,SELL,False,Empirical RAG Trade Twin Veto,,
1762267500000,SELL,False,Empirical RAG Trade Twin Veto,,
1762441500000,SELL,False,Empirical RAG Trade Twin Veto,,
1762738200000,BUY,True,,A_plus_prime,1.5
1762875000000,SELL,False,Empirical RAG Trade Twin Veto,,
1762960500000,BUY,True,,A_plus_prime,1.5
1762960800000,BUY,True,,A_plus_prime,1.5
1763045100000,SELL,False,Empirical RAG Trade Twin Veto,,
1763058900000,SELL,False,Empirical RAG Trade Twin Veto,,
1763059200000,SELL,False,Empirical RAG Trade Twin Veto,,
1763119200000,SELL,False,Empirical RAG Trade Twin Veto,,
1763121600000,SELL,False,Empirical RAG Trade Twin Veto,,
1763122500000,SELL,False,Empirical RAG Trade Twin Veto,,
1763122800000,SELL,False,Empirical RAG Trade Twin Veto,,
1763125800000,SELL,False,Empirical RAG Trade Twin Veto,,
1763126100000,SELL,False,Empirical RAG Trade Twin Veto,,
1763126400000,SELL,False,Empirical RAG Trade Twin Veto,,
1763126700000,SELL,False,Empirical RAG Trade Twin Veto,,
1763127000000,SELL,False,Empirical RAG Trade Twin Veto,,
1763408400000,SELL,False,Empirical RAG Trade Twin Veto,,
1763408700000,SELL,False,Empirical RAG Trade Twin Veto,,
1763409600000,SELL,False,Empirical RAG Trade Twin Veto,,
1763473200000,BUY,True,,A_plus_prime,1.5
1763567700000,SELL,False,Empirical RAG Trade Twin Veto,,
1763569800000,SELL,False,Empirical RAG Trade Twin Veto,,
1763571900000,SELL,False,Empirical RAG Trade Twin Veto,,
1763604600000,SELL,True,,A_plus_prime,1.5
1763605200000,SELL,True,,A_plus_prime,1.5
1763626500000,SELL,True,,A_plus_prime,1.5
1763650200000,BUY,True,,A_plus_prime,1.5
1763656200000,SELL,False,Empirical RAG Trade Twin Veto,,
1763657100000,SELL,False,Empirical RAG Trade Twin Veto,,
1763657700000,SELL,False,Empirical RAG Trade Twin Veto,,
1763658000000,SELL,False,Empirical RAG Trade Twin Veto,,
1763729400000,BUY,True,,A_plus_prime,1.5
1763744100000,BUY,True,,A_plus_prime,1.5
1763744400000,BUY,True,,A_plus_prime,1.5
1763757300000,SELL,False,Empirical RAG Trade Twin Veto,,
1764082200000,SELL,False,Empirical RAG Trade Twin Veto,,
1764566700000,SELL,True,,A_plus_prime,1.5
1764600000000,SELL,False,Empirical RAG Trade Twin Veto,,
1764600300000,SELL,False,News Risk Veto,,
1764637800000,SELL,True,,A_plus_prime,1.5
1764668400000,SELL,False,Empirical RAG Trade Twin Veto,,
1764689400000,SELL,False,Empirical RAG Trade Twin Veto,,
1764689700000,SELL,False,Empirical RAG Trade Twin Veto,,
1764691200000,SELL,False,Empirical RAG Trade Twin Veto,,
1764951300000,SELL,False,Empirical RAG Trade Twin Veto,,
1765206300000,SELL,False,Empirical RAG Trade Twin Veto,,
1765206600000,SELL,False,Empirical RAG Trade Twin Veto,,
1765393500000,BUY,False,politician_freeze_5m,,
1765393800000,BUY,True,,macro_sovereign_titan,1.5
1765395900000,SELL,False,Empirical RAG Trade Twin Veto,,
1765397100000,BUY,True,,macro_sovereign_titan,1.5
1765397400000,BUY,True,,macro_sovereign_titan,1.5
1765397700000,BUY,True,,macro_sovereign_titan,1.5
1765551300000,BUY,True,,A_plus_prime,1.5
1765553100000,SELL,False,Empirical RAG Trade Twin Veto,,
1765553400000,SELL,False,Empirical RAG Trade Twin Veto,,
1765555200000,SELL,False,Empirical RAG Trade Twin Veto,,
1765555500000,SELL,False,Empirical RAG Trade Twin Veto,,
1765557600000,SELL,False,Empirical RAG Trade Twin Veto,,
1765810500000,SELL,False,Empirical RAG Trade Twin Veto,,
1765815900000,SELL,False,Empirical RAG Trade Twin Veto,,
1765816500000,SELL,False,Empirical RAG Trade Twin Veto,,
1766064900000,BUY,False,politician_freeze_5m,,
1766069100000,SELL,False,Empirical RAG Trade Twin Veto,,
