variant,theta,exit,kappa,cap,tr_n,tr_wr,tr_pf,tr_avg_pts,tr_avg_R,tr_sum_R,tr_maxdd_R,tr_avg_risk,tr_tpd,tr_t,tr_tp,tr_pf_h1,tr_pf_h2,tr_fe_n,tr_fe_avgR,tr_nL,tr_avgRL,tr_nS,tr_avgRS,mid_n,mid_pf,mid_avg_pts,mid_avg_R,mid_t,mid_tp,stage,rank_t,med_n
a,0.3,60,0.75,skip,62,0.323,1.062,0.093,0.074,4.6,11.4,2.27,1.0,0.3,0.19,1.496,0.711,62,0.074,33,0.19,29,-0.058,62,1.384,0.506,0.264,1.03,1.02,h5s2,0.3,10.0
a,0.3,60,0.75,none,127,0.22,0.912,-0.119,-0.034,-4.3,25.0,1.69,1.0,-0.16,-0.38,0.945,0.885,77,-0.247,76,0.096,51,-0.228,127,1.206,0.244,0.228,0.99,0.74,h5s2,-0.16,40.0
a,0.3,60,0.75,clamp,134,0.254,0.878,-0.185,-0.058,-7.8,24.1,2.01,1.0,-0.32,-0.56,0.968,0.808,77,-0.013,81,0.065,53,-0.247,134,1.128,0.173,0.156,0.82,0.51,h5s2,-0.32,10.0
a,0.15,60,0.75,clamp,172,0.256,0.874,-0.197,-0.064,-11.1,26.3,2.05,1.0,-0.41,-0.66,1.212,0.643,104,0.002,107,0.024,65,-0.211,172,1.093,0.131,0.128,0.78,0.43,h5s2,-0.41,10.0
a,0.3,60,0.75,clamp,127,0.228,0.887,-0.162,-0.08,-10.2,22.8,1.8,1.0,-0.42,-0.51,0.922,0.856,78,-0.236,76,0.082,51,-0.323,127,1.165,0.208,0.15,0.75,0.62,h5s2,-0.42,40.0
a,0.4,60,0.75,clamp,122,0.238,0.85,-0.239,-0.083,-10.1,22.4,2.04,1.0,-0.43,-0.67,0.908,0.804,71,0.004,75,0.07,47,-0.328,122,1.089,0.127,0.134,0.66,0.35,h5s2,-0.43,10.0
a,0.15,60,0.75,clamp,164,0.232,0.866,-0.198,-0.087,-14.3,32.8,1.86,1.0,-0.52,-0.68,1.17,0.638,106,-0.191,101,0.006,63,-0.238,164,1.14,0.185,0.156,0.87,0.61,h5s2,-0.52,40.0
a,0.3,45,0.75,clamp,132,0.258,0.906,-0.127,-0.091,-12.1,21.6,1.79,1.0,-0.52,-0.43,1.012,0.814,80,-0.177,80,-0.018,52,-0.204,132,1.193,0.231,0.13,0.71,0.75,h5s2,-0.52,40.0
a,0.5,60,0.75,none,92,0.207,0.832,-0.223,-0.135,-12.4,20.9,1.61,1.0,-0.54,-0.67,0.932,0.748,52,-0.253,57,0.212,35,-0.698,92,1.166,0.19,0.168,0.64,0.54,h5s2,-0.54,40.0
a,0.4,60,0.75,clamp,115,0.209,0.87,-0.191,-0.111,-12.8,20.5,1.78,1.0,-0.54,-0.55,0.96,0.793,71,-0.228,70,0.087,45,-0.418,115,1.145,0.187,0.126,0.58,0.52,h5s2,-0.54,40.0
a,0.5,60,0.75,clamp,96,0.25,0.839,-0.248,-0.109,-10.5,18.5,1.99,1.0,-0.54,-0.68,1.045,0.687,56,-0.035,60,0.114,36,-0.481,96,1.118,0.159,0.135,0.63,0.42,h5s2,-0.54,10.0
a,0.5,60,0.75,clamp,92,0.217,0.815,-0.26,-0.136,-12.5,18.7,1.72,1.0,-0.61,-0.77,0.923,0.72,53,-0.236,57,0.201,35,-0.684,92,1.132,0.161,0.131,0.56,0.45,h5s2,-0.61,40.0
a,0.25,60,0.75,clamp,144,0.243,0.8,-0.316,-0.104,-15.0,24.9,2.03,1.0,-0.61,-1.02,0.939,0.7,83,-0.088,87,0.029,57,-0.307,144,1.021,0.03,0.102,0.57,0.09,h5s2,-0.61,10.0
a,0.3,45,0.75,clamp,139,0.273,0.874,-0.186,-0.099,-13.8,21.3,2.0,1.0,-0.62,-0.62,1.046,0.734,78,0.064,85,-0.099,54,-0.1,139,1.131,0.171,0.114,0.69,0.55,h5s2,-0.62,10.0
a,0.5,45,0.75,clamp,100,0.29,0.887,-0.163,-0.119,-11.9,17.4,1.98,1.0,-0.67,-0.49,1.167,0.66,57,0.093,64,-0.067,36,-0.21,100,1.19,0.239,0.122,0.66,0.69,h5s2,-0.67,10.0
a,0.5,60,3.0,none,96,0.49,1.016,0.034,-0.057,-5.5,10.2,7.89,1.0,-0.67,0.06,1.571,0.76,23,-0.528,60,-0.014,36,-0.129,96,1.264,0.509,0.048,0.55,0.86,h5s2,-0.67,10.0
a,0.25,60,0.75,clamp,137,0.219,0.807,-0.286,-0.127,-17.4,25.0,1.82,1.0,-0.71,-0.95,0.96,0.687,85,-0.304,82,0.042,55,-0.379,137,1.053,0.069,0.095,0.5,0.22,h5s2,-0.71,40.0
a,0.3,60,0.75,none,134,0.231,0.838,-0.247,-0.134,-17.9,34.3,1.99,1.0,-0.72,-0.74,0.983,0.736,62,0.074,81,-0.061,53,-0.244,134,1.075,0.101,0.104,0.54,0.3,h5s2,-0.72,10.0
a,0.5,45,0.75,clamp,96,0.26,0.891,-0.142,-0.143,-13.7,18.3,1.71,1.0,-0.74,-0.45,1.249,0.603,55,-0.093,61,0.028,35,-0.439,96,1.234,0.263,0.111,0.55,0.79,h5s2,-0.74,40.0
a,0.5,60,1.0,clamp,96,0.26,0.812,-0.317,-0.14,-13.4,20.3,2.34,1.0,-0.74,-0.83,1.065,0.638,77,-0.225,60,0.096,36,-0.533,96,1.036,0.054,0.058,0.29,0.14,h5s1,-0.74,
a,0.3,60,3.0,none,134,0.47,0.991,-0.018,-0.056,-7.6,15.3,7.97,1.0,-0.78,-0.04,1.197,0.872,32,-0.548,81,-0.035,53,-0.089,134,1.236,0.447,0.043,0.59,0.9,h5s2,-0.78,10.0
a,0.8,60,0.75,clamp,62,0.258,0.923,-0.106,-0.186,-11.5,14.1,1.89,1.0,-0.81,-0.24,1.304,0.656,32,-0.038,40,-0.016,22,-0.494,62,1.116,0.145,-0.029,-0.12,0.32,h5s2,-0.81,10.0
a,0.5,60,1.0,none,96,0.26,0.802,-0.333,-0.162,-15.6,24.4,2.4,1.0,-0.85,-0.86,1.028,0.649,68,-0.192,60,0.102,36,-0.603,96,0.976,-0.037,0.017,0.09,-0.09,h5s1,-0.85,
a,0.8,45,0.75,clamp,64,0.281,0.896,-0.144,-0.187,-12.0,15.5,1.91,1.0,-0.87,-0.35,1.242,0.63,33,0.045,42,-0.183,22,-0.196,64,1.093,0.116,-0.025,-0.11,0.27,h5s2,-0.87,10.0
a,0.8,45,0.75,clamp,60,0.233,0.878,-0.15,-0.223,-13.4,17.3,1.55,1.0,-0.9,-0.39,1.534,0.432,28,0.045,39,-0.088,21,-0.472,60,1.13,0.139,-0.025,-0.1,0.35,h5s2,-0.9,40.0
a,0.5,45,1.0,clamp,100,0.32,0.871,-0.202,-0.147,-14.7,16.9,2.33,1.0,-0.93,-0.58,1.157,0.66,81,-0.197,64,-0.086,36,-0.256,100,1.123,0.172,0.043,0.26,0.48,h5s1,-0.93,
a,0.5,60,1.0,skip,68,0.279,0.842,-0.263,-0.192,-13.0,14.0,2.44,1.0,-1.03,-0.58,1.184,0.581,68,-0.192,41,0.053,27,-0.564,68,1.001,0.002,-0.063,-0.33,0.0,h5s1,-1.03,
a,0.25,60,1.0,clamp,144,0.257,0.748,-0.443,-0.16,-23.1,28.3,2.42,1.0,-1.06,-1.37,0.884,0.651,118,-0.22,87,-0.058,57,-0.316,144,0.925,-0.119,0.008,0.05,-0.36,h5s1,-1.06,
a,0.5,60,0.75,none,96,0.219,0.781,-0.34,-0.222,-21.3,26.1,1.97,1.0,-1.08,-0.92,1.046,0.607,47,0.056,60,-0.061,36,-0.49,96,1.039,0.053,0.046,0.21,0.14,h5s2,-1.08,10.0
a,0.5,45,1.0,none,100,0.32,0.869,-0.204,-0.177,-17.7,21.5,2.39,1.0,-1.12,-0.58,1.112,0.69,72,-0.223,64,-0.086,36,-0.339,100,1.075,0.108,0.012,0.07,0.29,h5s1,-1.12,
a,0.25,60,1.0,skip,100,0.27,0.779,-0.375,-0.185,-18.5,26.6,2.45,1.0,-1.13,-1.02,1.022,0.574,100,-0.185,57,-0.026,43,-0.396,100,0.923,-0.12,-0.063,-0.37,-0.32,h5s1,-1.13,
c,0.25,45,2.0,clamp,175,0.314,0.805,-0.405,-0.131,-22.9,32.6,3.37,1.0,-1.15,-0.98,0.742,0.856,175,-0.131,97,-0.176,78,-0.075,175,0.979,-0.039,-0.015,-0.13,-0.09,h5s1,-1.15,
a,0.8,60,3.0,none,62,0.484,1.05,0.107,-0.129,-8.0,9.5,7.38,1.0,-1.16,0.14,1.853,0.681,20,-0.567,40,-0.123,22,-0.139,62,1.331,0.627,0.002,0.02,0.83,h5s2,-1.16,10.0
c,0.0,25,2.0,skip,98,0.357,0.713,-0.375,-0.124,-12.2,19.5,2.58,1.0,-1.17,-1.33,1.154,0.394,98,-0.124,52,-0.175,46,-0.068,98,1.058,0.062,0.051,0.46,0.22,h5s1,-1.17,
c,0.5,45,2.0,clamp,122,0.352,0.795,-0.403,-0.135,-16.4,25.4,3.34,1.0,-1.19,-1.02,0.755,0.832,122,-0.135,64,-0.145,58,-0.123,122,1.001,0.001,-0.008,-0.07,0.0,h5s1,-1.19,
c,0.0,30,2.0,skip,98,0.337,0.73,-0.362,-0.139,-13.6,19.0,2.58,1.0,-1.22,-1.16,1.044,0.46,98,-0.139,52,-0.289,46,0.031,98,1.059,0.067,0.038,0.32,0.21,h5s1,-1.22,
c,0.25,45,2.0,skip,79,0.316,0.724,-0.431,-0.174,-13.7,24.9,2.6,1.0,-1.22,-1.12,0.688,0.753,79,-0.174,40,-0.182,39,-0.165,79,0.957,-0.057,-0.026,-0.18,-0.15,h5s1,-1.22,
a,0.25,60,1.0,none,144,0.257,0.719,-0.511,-0.185,-26.7,32.6,2.55,1.0,-1.22,-1.54,0.869,0.619,100,-0.185,87,-0.054,57,-0.385,144,0.994,-0.01,0.016,0.1,-0.03,h5s1,-1.22,
a,0.25,45,1.0,clamp,149,0.289,0.755,-0.415,-0.17,-25.3,25.9,2.4,1.0,-1.24,-1.39,0.942,0.618,122,-0.204,91,-0.168,58,-0.172,149,0.943,-0.088,-0.005,-0.04,-0.29,h5s1,-1.24,
c,0.0,45,2.0,skip,96,0.323,0.751,-0.38,-0.163,-15.7,29.5,2.58,1.0,-1.26,-1.09,0.647,0.844,96,-0.163,50,-0.196,46,-0.127,96,0.995,-0.007,-0.015,-0.11,-0.02,h5s1,-1.26,
a,0.3,60,1.5,none,127,0.331,0.786,-0.421,-0.164,-20.8,23.9,3.39,1.0,-1.27,-1.08,0.83,0.751,86,-0.234,76,-0.051,51,-0.332,127,0.916,-0.156,-0.073,-0.55,-0.39,h5s2,-1.27,40.0
a,0.25,45,1.0,skip,104,0.298,0.735,-0.443,-0.203,-21.1,28.6,2.43,1.0,-1.29,-1.31,1.072,0.466,104,-0.203,61,-0.161,43,-0.262,104,0.882,-0.182,-0.077,-0.47,-0.52,h5s1,-1.29,
a,0.5,45,1.0,skip,72,0.319,0.811,-0.306,-0.223,-16.0,16.0,2.42,1.0,-1.34,-0.75,1.314,0.465,72,-0.223,45,-0.167,27,-0.315,72,0.977,-0.034,-0.088,-0.52,-0.08,h5s1,-1.34,
c,0.25,30,2.0,skip,80,0.338,0.667,-0.475,-0.172,-13.8,20.3,2.59,1.0,-1.34,-1.37,0.959,0.423,80,-0.172,41,-0.372,39,0.038,80,0.978,-0.027,0.013,0.1,-0.08,h5s1,-1.34,
a,0.25,60,2.0,skip,64,0.297,0.647,-0.629,-0.233,-14.9,23.6,2.57,1.0,-1.34,-1.45,0.454,0.849,64,-0.233,41,-0.21,23,-0.274,64,0.796,-0.327,-0.103,-0.58,-0.74,h5s1,-1.34,
a,0.3,60,3.0,none,127,0.425,0.824,-0.402,-0.11,-14.0,18.9,6.77,1.0,-1.34,-0.88,0.749,0.883,33,-0.091,76,0.009,51,-0.287,127,0.994,-0.013,-0.034,-0.41,-0.03,h5s2,-1.34,40.0
a,0.3,60,1.5,skip,86,0.256,0.684,-0.554,-0.234,-20.1,22.5,2.39,1.0,-1.35,-1.46,0.782,0.591,86,-0.234,53,-0.051,33,-0.528,86,0.804,-0.32,-0.13,-0.73,-0.82,h5s2,-1.35,40.0
c,0.5,45,1.0,skip,80,0.287,0.768,-0.381,-0.222,-17.8,18.2,2.41,1.0,-1.36,-0.97,1.064,0.529,80,-0.222,43,-0.11,37,-0.353,80,1.014,0.021,-0.021,-0.12,0.05,h5s1,-1.36,
a,0.3,60,0.75,skip,77,0.234,0.746,-0.427,-0.247,-19.0,22.4,2.15,1.0,-1.36,-1.0,0.93,0.61,77,-0.247,43,-0.109,34,-0.421,77,0.979,-0.032,-0.042,-0.22,-0.07,h5s2,-1.36,40.0
a,0.15,60,1.5,clamp,164,0.305,0.757,-0.482,-0.164,-27.0,35.0,2.97,1.0,-1.37,-1.44,1.05,0.551,164,-0.164,101,-0.129,63,-0.222,164,0.941,-0.106,-0.035,-0.29,-0.31,h5s2,-1.37,40.0
a,0.5,60,1.5,skip,67,0.254,0.706,-0.527,-0.265,-17.8,20.7,2.39,1.0,-1.38,-1.19,0.8,0.622,67,-0.265,44,0.048,23,-0.864,67,0.819,-0.302,-0.166,-0.84,-0.66,h5s2,-1.38,40.0
a,0.3,60,1.5,skip,77,0.273,0.688,-0.542,-0.241,-18.5,30.0,2.37,1.0,-1.39,-1.32,0.523,0.856,77,-0.241,50,-0.214,27,-0.29,77,0.866,-0.214,-0.091,-0.5,-0.5,h5s2,-1.39,10.0
a,0.25,45,2.0,skip,67,0.328,0.656,-0.568,-0.219,-14.7,21.9,2.57,1.0,-1.41,-1.41,0.542,0.763,67,-0.219,43,-0.229,24,-0.201,67,0.87,-0.185,-0.064,-0.4,-0.45,h5s1,-1.41,
a,0.15,60,3.0,clamp,164,0.372,0.785,-0.484,-0.135,-22.2,24.4,3.86,1.0,-1.42,-1.31,0.906,0.689,164,-0.135,101,-0.131,63,-0.142,164,0.966,-0.068,-0.025,-0.26,-0.18,h5s2,-1.42,40.0
a,0.5,25,1.0,skip,74,0.378,0.716,-0.41,-0.201,-14.9,16.4,2.44,1.0,-1.42,-1.24,1.305,0.37,74,-0.201,45,-0.099,29,-0.36,74,0.928,-0.093,-0.053,-0.36,-0.27,h5s1,-1.42,
a,0.8,60,0.75,none,62,0.226,0.874,-0.17,-0.325,-20.1,21.3,1.84,1.0,-1.44,-0.38,1.305,0.603,26,0.009,40,-0.224,22,-0.507,62,1.081,0.098,-0.107,-0.45,0.22,h5s2,-1.44,10.0
a,0.3,60,1.5,clamp,127,0.299,0.732,-0.512,-0.193,-24.5,25.2,2.91,1.0,-1.45,-1.42,0.818,0.663,127,-0.193,76,-0.099,51,-0.333,127,0.89,-0.192,-0.082,-0.6,-0.52,h5s2,-1.45,40.0
a,0.25,25,2.0,skip,67,0.358,0.645,-0.481,-0.181,-12.1,15.0,2.57,1.0,-1.47,-1.49,0.666,0.627,67,-0.181,43,-0.208,24,-0.132,67,0.974,-0.029,0.001,0.01,-0.09,h5s1,-1.47,
a,0.5,25,1.0,clamp,102,0.363,0.85,-0.208,-0.185,-18.9,22.2,2.34,1.0,-1.47,-0.65,0.97,0.768,83,-0.119,64,-0.148,38,-0.248,102,1.076,0.095,-0.032,-0.25,0.29,h5s1,-1.47,
a,0.5,60,1.5,clamp,96,0.323,0.717,-0.56,-0.209,-20.1,20.1,2.95,1.0,-1.48,-1.37,0.923,0.578,92,-0.218,60,-0.024,36,-0.518,96,0.903,-0.176,-0.065,-0.44,-0.42,h5s2,-1.48,10.0
a,0.25,45,1.0,none,149,0.289,0.729,-0.475,-0.201,-30.0,31.3,2.52,1.0,-1.49,-1.55,0.92,0.599,104,-0.203,91,-0.166,58,-0.257,149,0.988,-0.02,-0.0,-0.0,-0.06,h5s1,-1.49,
c,0.0,45,2.0,clamp,227,0.33,0.778,-0.452,-0.142,-32.2,37.1,3.4,1.0,-1.5,-1.33,0.789,0.77,227,-0.142,128,-0.189,99,-0.081,227,0.948,-0.097,-0.03,-0.31,-0.28,h5s1,-1.5,
c,0.25,45,1.0,clamp,175,0.257,0.8,-0.35,-0.199,-34.8,41.8,2.4,1.0,-1.51,-0.92,0.887,0.74,144,-0.173,97,-0.21,78,-0.185,175,1.0,-0.0,-0.028,-0.21,-0.0,h5s1,-1.51,
c,0.25,25,2.0,skip,80,0.338,0.614,-0.526,-0.174,-13.9,22.4,2.59,1.0,-1.53,-1.78,1.001,0.337,80,-0.174,41,-0.291,39,-0.052,80,0.936,-0.071,0.007,0.06,-0.24,h5s1,-1.53,
a,0.15,60,1.5,clamp,172,0.32,0.778,-0.433,-0.171,-29.5,31.2,2.99,1.0,-1.54,-1.31,0.958,0.643,166,-0.164,107,-0.141,65,-0.222,172,0.958,-0.075,-0.042,-0.36,-0.22,h5s2,-1.54,10.0
c,0.5,45,2.0,none,122,0.393,0.788,-0.463,-0.143,-17.4,24.7,5.03,1.0,-1.55,-1.04,0.681,0.888,56,-0.217,64,-0.167,58,-0.116,122,0.957,-0.086,-0.041,-0.44,-0.19,h5s1,-1.55,
a,0.5,45,3.0,clamp,100,0.42,0.757,-0.491,-0.16,-16.0,16.1,3.76,1.0,-1.55,-1.22,0.965,0.592,100,-0.16,64,-0.155,36,-0.17,100,1.04,0.069,-0.003,-0.03,0.17,h5s2,-1.55,10.0
c,0.5,30,1.0,skip,81,0.284,0.718,-0.449,-0.241,-19.5,25.9,2.41,1.0,-1.56,-1.22,1.09,0.449,81,-0.241,43,-0.173,38,-0.318,81,0.96,-0.057,-0.042,-0.24,-0.15,h5s1,-1.56,
a,0.5,60,1.5,none,92,0.315,0.695,-0.605,-0.232,-21.4,21.4,3.23,1.0,-1.57,-1.47,0.87,0.564,67,-0.265,57,-0.017,35,-0.582,92,0.808,-0.359,-0.144,-0.95,-0.85,h5s2,-1.57,40.0
a,0.4,60,1.5,clamp,115,0.278,0.715,-0.565,-0.225,-25.9,26.6,2.89,1.0,-1.57,-1.46,0.871,0.596,115,-0.225,70,-0.096,45,-0.427,115,0.863,-0.247,-0.116,-0.79,-0.62,h5s2,-1.57,40.0
a,0.3,60,1.5,clamp,134,0.321,0.746,-0.488,-0.194,-26.0,29.2,2.94,1.0,-1.57,-1.36,0.826,0.686,128,-0.186,81,-0.109,53,-0.325,134,0.921,-0.14,-0.063,-0.5,-0.38,h5s2,-1.57,10.0
a,0.5,60,1.5,none,96,0.365,0.696,-0.665,-0.21,-20.2,21.0,3.95,1.0,-1.58,-1.45,0.948,0.544,56,-0.275,60,-0.063,36,-0.456,96,0.855,-0.294,-0.082,-0.59,-0.63,h5s2,-1.58,10.0
c,0.25,60,1.0,clamp,169,0.249,0.782,-0.396,-0.218,-36.8,42.4,2.41,1.0,-1.59,-1.02,0.903,0.7,139,-0.189,95,-0.292,74,-0.123,169,0.931,-0.114,-0.088,-0.63,-0.29,h5s1,-1.59,
a,0.5,60,1.5,clamp,92,0.293,0.7,-0.57,-0.24,-22.1,22.1,2.83,1.0,-1.59,-1.46,0.92,0.539,92,-0.24,57,-0.021,35,-0.595,92,0.848,-0.264,-0.132,-0.85,-0.66,h5s2,-1.59,40.0
c,0.25,45,2.0,none,175,0.366,0.825,-0.406,-0.133,-23.3,32.9,5.08,1.0,-1.61,-0.88,0.676,0.944,79,-0.174,97,-0.105,78,-0.169,175,0.978,-0.046,-0.037,-0.44,-0.1,h5s1,-1.61,
a,0.25,60,2.0,none,144,0.396,0.812,-0.438,-0.153,-22.1,29.1,5.09,1.0,-1.61,-0.95,0.712,0.886,64,-0.233,87,-0.052,57,-0.309,144,0.959,-0.089,-0.063,-0.65,-0.19,h5s1,-1.61,
a,0.5,45,2.0,clamp,100,0.37,0.724,-0.564,-0.19,-19.0,19.1,3.33,1.0,-1.61,-1.43,1.011,0.521,100,-0.19,64,-0.174,36,-0.218,100,0.942,-0.104,-0.049,-0.41,-0.26,h5s1,-1.61,
c,0.5,45,1.0,clamp,122,0.279,0.767,-0.393,-0.223,-27.2,33.2,2.38,1.0,-1.62,-1.11,0.864,0.692,97,-0.206,64,-0.181,58,-0.269,122,1.004,0.006,-0.029,-0.2,0.02,h5s1,-1.62,
a,0.4,60,1.5,clamp,122,0.303,0.723,-0.557,-0.216,-26.3,29.1,2.95,1.0,-1.63,-1.44,0.783,0.677,116,-0.207,75,-0.094,47,-0.41,122,0.889,-0.205,-0.084,-0.61,-0.52,h5s2,-1.63,10.0
a,0.3,60,1.5,none,134,0.366,0.741,-0.544,-0.187,-25.1,29.7,3.98,1.0,-1.64,-1.36,0.87,0.655,77,-0.241,81,-0.109,53,-0.308,134,0.899,-0.197,-0.07,-0.58,-0.48,h5s2,-1.64,10.0
a,0.5,60,2.0,clamp,96,0.333,0.677,-0.701,-0.216,-20.7,20.7,3.32,1.0,-1.64,-1.66,0.947,0.509,96,-0.216,60,-0.072,36,-0.456,96,0.812,-0.38,-0.117,-0.87,-0.88,h5s1,-1.64,
a,0.3,60,3.0,clamp,127,0.37,0.729,-0.612,-0.173,-21.9,22.6,3.86,1.0,-1.65,-1.51,0.695,0.759,127,-0.173,76,-0.095,51,-0.288,127,0.901,-0.202,-0.063,-0.59,-0.49,h5s2,-1.65,40.0
a,0.4,60,3.0,clamp,115,0.357,0.719,-0.661,-0.186,-21.3,22.1,3.86,1.0,-1.65,-1.51,0.737,0.703,115,-0.186,70,-0.082,45,-0.346,115,0.883,-0.249,-0.075,-0.66,-0.56,h5s2,-1.65,40.0
a,0.25,45,2.0,none,149,0.409,0.83,-0.371,-0.143,-21.3,26.8,5.05,1.0,-1.65,-0.9,0.746,0.9,67,-0.219,91,-0.109,58,-0.198,149,1.027,0.053,-0.032,-0.37,0.13,h5s1,-1.65,
a,0.0,25,2.0,skip,98,0.378,0.69,-0.41,-0.172,-16.9,21.5,2.58,1.0,-1.65,-1.49,0.703,0.676,98,-0.172,59,-0.242,39,-0.067,98,1.093,0.098,0.037,0.35,0.35,h5s1,-1.65,
a,0.5,45,3.0,clamp,96,0.406,0.715,-0.618,-0.178,-17.1,17.1,3.86,1.0,-1.66,-1.47,0.936,0.534,96,-0.178,61,-0.149,35,-0.229,96,0.917,-0.16,-0.058,-0.53,-0.37,h5s2,-1.66,40.0
a,0.3,45,3.0,clamp,132,0.386,0.739,-0.565,-0.161,-21.2,21.3,3.85,1.0,-1.66,-1.5,0.739,0.738,132,-0.161,80,-0.167,52,-0.151,132,0.943,-0.11,-0.042,-0.43,-0.29,h5s2,-1.66,40.0
a,0.5,30,1.0,skip,74,0.338,0.736,-0.394,-0.239,-17.7,21.7,2.44,1.0,-1.67,-1.13,1.495,0.32,74,-0.239,45,-0.19,29,-0.315,74,0.938,-0.084,-0.09,-0.61,-0.23,h5s1,-1.67,
a,0.5,60,3.0,clamp,96,0.385,0.71,-0.637,-0.191,-18.4,18.4,3.76,1.0,-1.68,-1.47,0.908,0.577,96,-0.191,60,-0.069,36,-0.396,96,0.927,-0.141,-0.047,-0.41,-0.32,h5s2,-1.68,10.0
a,0.4,60,3.0,clamp,122,0.361,0.736,-0.583,-0.18,-22.0,22.7,3.76,1.0,-1.69,-1.42,0.75,0.725,122,-0.18,75,-0.102,47,-0.306,122,0.957,-0.082,-0.037,-0.34,-0.2,h5s2,-1.69,10.0
a,0.3,45,1.5,clamp,132,0.318,0.725,-0.513,-0.206,-27.2,27.2,2.89,1.0,-1.69,-1.54,0.844,0.627,132,-0.206,80,-0.193,52,-0.225,132,0.915,-0.142,-0.08,-0.64,-0.42,h5s2,-1.69,40.0
a,0.3,60,3.0,clamp,134,0.373,0.746,-0.541,-0.169,-22.7,23.6,3.76,1.0,-1.71,-1.41,0.771,0.726,134,-0.169,81,-0.113,53,-0.255,134,0.973,-0.05,-0.029,-0.29,-0.13,h5s2,-1.71,10.0
c,0.25,60,2.0,clamp,169,0.32,0.724,-0.616,-0.2,-33.9,41.5,3.37,1.0,-1.72,-1.46,0.755,0.703,169,-0.2,95,-0.286,74,-0.091,169,0.861,-0.285,-0.095,-0.8,-0.67,h5s1,-1.72,
a,0.5,25,1.0,none,102,0.353,0.827,-0.247,-0.217,-22.1,24.2,2.4,1.0,-1.75,-0.76,0.97,0.733,74,-0.201,64,-0.162,38,-0.311,102,1.051,0.065,-0.05,-0.39,0.2,h5s1,-1.75,
a,0.5,45,1.5,clamp,100,0.36,0.768,-0.427,-0.214,-21.4,21.4,2.93,1.0,-1.75,-1.14,0.95,0.62,96,-0.194,64,-0.154,36,-0.319,100,1.016,0.027,-0.041,-0.32,0.07,h5s2,-1.75,10.0
a,0.3,45,3.0,clamp,139,0.388,0.759,-0.49,-0.161,-22.4,22.7,3.75,1.0,-1.76,-1.38,0.813,0.712,139,-0.161,85,-0.184,54,-0.125,139,1.023,0.041,-0.014,-0.15,0.11,h5s2,-1.76,10.0
c,0.25,45,1.0,skip,118,0.263,0.673,-0.549,-0.244,-28.7,28.7,2.37,1.0,-1.76,-1.79,0.985,0.422,118,-0.244,68,-0.168,50,-0.346,118,0.868,-0.201,-0.068,-0.46,-0.62,h5s1,-1.76,
c,0.5,60,1.0,skip,76,0.263,0.683,-0.544,-0.292,-22.2,22.2,2.42,1.0,-1.78,-1.38,1.049,0.408,76,-0.292,42,-0.268,34,-0.322,76,0.832,-0.265,-0.169,-1.0,-0.65,h5s1,-1.78,
a,0.5,60,3.0,none,92,0.413,0.706,-0.723,-0.174,-16.0,16.9,6.45,1.0,-1.79,-1.41,0.793,0.646,24,-0.204,57,-0.01,35,-0.44,92,0.857,-0.324,-0.091,-0.93,-0.62,h5s2,-1.79,40.0
a,0.15,60,3.0,clamp,172,0.366,0.761,-0.519,-0.162,-27.9,28.3,3.76,1.0,-1.8,-1.49,0.858,0.682,172,-0.162,107,-0.158,65,-0.17,172,0.991,-0.016,-0.02,-0.22,-0.05,h5s2,-1.8,10.0
a,0.5,30,1.0,clamp,102,0.343,0.833,-0.239,-0.226,-23.1,23.6,2.34,1.0,-1.8,-0.75,1.087,0.666,83,-0.165,64,-0.208,38,-0.257,102,1.049,0.063,-0.07,-0.54,0.19,h5s1,-1.8,
a,0.8,60,1.5,clamp,62,0.306,0.657,-0.669,-0.305,-18.9,18.9,2.79,1.0,-1.81,-1.36,1.003,0.445,59,-0.338,40,-0.12,22,-0.641,62,0.827,-0.313,-0.154,-0.87,-0.61,h5s2,-1.81,10.0
a,0.8,60,3.0,clamp,62,0.371,0.631,-0.856,-0.259,-16.0,16.0,3.68,1.0,-1.82,-1.6,0.919,0.442,62,-0.259,40,-0.119,22,-0.512,62,0.83,-0.345,-0.1,-0.69,-0.63,h5s2,-1.82,10.0
a,0.5,45,1.5,clamp,96,0.333,0.732,-0.487,-0.241,-23.1,23.1,2.82,1.0,-1.83,-1.33,1.066,0.485,96,-0.241,61,-0.162,35,-0.379,96,0.925,-0.123,-0.116,-0.86,-0.33,h5s2,-1.83,40.0
c,0.0,45,2.0,none,227,0.383,0.799,-0.46,-0.13,-29.6,38.0,5.25,1.0,-1.84,-1.2,0.71,0.867,96,-0.163,128,-0.117,99,-0.147,227,0.952,-0.1,-0.037,-0.51,-0.26,h5s1,-1.84,
c,0.25,60,1.0,none,169,0.249,0.754,-0.462,-0.245,-41.5,48.8,2.54,1.0,-1.84,-1.17,0.884,0.671,114,-0.264,95,-0.295,74,-0.182,169,0.891,-0.189,-0.095,-0.69,-0.47,h5s1,-1.84,
a,0.25,60,1.5,clamp,137,0.285,0.661,-0.677,-0.233,-31.9,31.9,2.92,1.0,-1.85,-1.99,0.861,0.519,137,-0.233,82,-0.131,55,-0.385,137,0.824,-0.315,-0.106,-0.82,-0.91,h5s2,-1.85,40.0
c,0.25,60,1.0,skip,114,0.263,0.646,-0.61,-0.264,-30.1,30.1,2.37,1.0,-1.85,-1.96,1.031,0.354,114,-0.264,67,-0.241,47,-0.298,114,0.781,-0.348,-0.144,-0.98,-1.08,h5s1,-1.85,
a,0.5,25,2.0,clamp,102,0.382,0.705,-0.528,-0.19,-19.4,19.4,3.34,1.0,-1.85,-1.47,0.895,0.581,102,-0.19,64,-0.202,38,-0.17,102,0.966,-0.054,-0.039,-0.37,-0.14,h5s1,-1.85,
a,0.5,60,3.0,clamp,92,0.37,0.676,-0.76,-0.217,-19.9,19.9,3.85,1.0,-1.86,-1.67,0.787,0.592,92,-0.217,57,-0.062,35,-0.468,92,0.837,-0.346,-0.104,-0.88,-0.74,h5s2,-1.86,40.0
a,0.5,60,2.0,none,96,0.385,0.675,-0.787,-0.22,-21.1,22.9,4.81,1.0,-1.86,-1.62,0.843,0.57,45,-0.292,60,-0.094,36,-0.431,96,0.797,-0.459,-0.14,-1.16,-0.93,h5s1,-1.86,
a,0.5,30,2.0,clamp,102,0.353,0.708,-0.541,-0.202,-20.6,20.7,3.34,1.0,-1.87,-1.45,1.011,0.511,102,-0.202,64,-0.254,38,-0.115,102,0.976,-0.039,-0.039,-0.34,-0.1,h5s1,-1.87,
a,0.25,25,2.0,none,152,0.421,0.776,-0.367,-0.124,-18.9,22.6,5.11,1.0,-1.88,-1.23,0.686,0.858,67,-0.181,92,-0.108,60,-0.15,152,1.077,0.109,0.003,0.04,0.36,h5s1,-1.88,
a,0.25,25,1.0,clamp,152,0.349,0.71,-0.427,-0.193,-29.4,29.4,2.42,1.0,-1.88,-1.72,0.776,0.663,125,-0.199,92,-0.156,60,-0.251,152,0.928,-0.094,-0.031,-0.29,-0.37,h5s1,-1.88,
c,0.5,45,1.0,none,122,0.27,0.735,-0.461,-0.263,-32.0,39.5,2.52,1.0,-1.9,-1.28,0.8,0.686,80,-0.222,64,-0.2,58,-0.332,122,0.959,-0.065,-0.024,-0.16,-0.17,h5s1,-1.9,
c,0.25,45,1.0,none,175,0.251,0.767,-0.421,-0.241,-42.1,48.4,2.54,1.0,-1.92,-1.09,0.846,0.716,118,-0.244,97,-0.213,78,-0.275,175,0.956,-0.072,-0.034,-0.25,-0.18,h5s1,-1.92,
b,0.25,45,2.0,skip,110,0.382,0.626,-0.531,-0.191,-21.1,22.3,2.7,1.0,-1.93,-2.06,0.594,0.66,110,-0.191,69,-0.261,41,-0.075,110,0.941,-0.071,-0.028,-0.27,-0.26,h5s1,-1.93,
a,0.25,60,1.5,clamp,144,0.306,0.687,-0.619,-0.227,-32.7,34.4,2.95,1.0,-1.94,-1.83,0.775,0.62,138,-0.22,87,-0.129,57,-0.378,144,0.847,-0.279,-0.099,-0.82,-0.8,h5s2,-1.94,10.0
c,0.0,60,2.0,skip,93,0.312,0.605,-0.685,-0.263,-24.5,33.6,2.58,1.0,-1.96,-1.94,0.609,0.601,93,-0.263,49,-0.311,44,-0.21,93,0.766,-0.362,-0.132,-0.96,-1.01,h5s1,-1.96,
a,0.25,45,2.0,clamp,149,0.342,0.693,-0.638,-0.194,-28.9,29.1,3.36,1.0,-1.96,-1.91,0.788,0.616,149,-0.194,91,-0.215,58,-0.162,149,0.896,-0.189,-0.055,-0.55,-0.56,h5s1,-1.96,
a,0.5,45,2.0,none,100,0.41,0.767,-0.52,-0.205,-20.5,20.6,4.78,1.0,-1.97,-1.14,0.845,0.703,47,-0.334,64,-0.182,36,-0.246,100,0.964,-0.071,-0.089,-0.84,-0.16,h5s1,-1.97,
a,0.25,25,1.0,skip,106,0.349,0.624,-0.569,-0.236,-25.0,27.2,2.45,1.0,-1.97,-2.11,0.914,0.423,106,-0.236,61,-0.085,45,-0.442,106,0.839,-0.212,-0.075,-0.6,-0.76,h5s1,-1.97,
a,0.25,60,2.0,clamp,144,0.326,0.672,-0.712,-0.212,-30.5,30.5,3.36,1.0,-1.97,-2.0,0.726,0.629,144,-0.212,87,-0.156,57,-0.296,144,0.817,-0.361,-0.1,-0.91,-1.0,h5s1,-1.97,
a,0.8,45,3.0,clamp,64,0.375,0.62,-0.844,-0.26,-16.6,16.7,3.69,1.0,-1.99,-1.67,0.924,0.405,64,-0.26,42,-0.235,22,-0.309,64,0.861,-0.264,-0.09,-0.67,-0.51,h5s2,-1.99,10.0
a,0.3,45,1.5,clamp,139,0.338,0.761,-0.44,-0.216,-30.1,30.1,2.92,1.0,-2.0,-1.34,0.852,0.685,133,-0.193,85,-0.222,54,-0.208,139,0.977,-0.039,-0.063,-0.55,-0.11,h5s2,-2.0,10.0
c,0.0,45,1.0,clamp,227,0.264,0.731,-0.477,-0.225,-51.2,55.4,2.48,1.0,-2.03,-1.53,0.866,0.639,187,-0.232,128,-0.214,99,-0.24,227,0.972,-0.044,-0.021,-0.18,-0.14,h5s1,-2.03,
c,0.0,60,1.0,clamp,219,0.247,0.723,-0.51,-0.236,-51.7,56.3,2.48,1.0,-2.03,-1.59,0.842,0.638,180,-0.244,124,-0.275,95,-0.185,219,0.91,-0.149,-0.07,-0.58,-0.45,h5s1,-2.03,
a,0.25,25,1.0,none,152,0.342,0.669,-0.519,-0.213,-32.3,32.3,2.56,1.0,-2.04,-2.0,0.781,0.597,106,-0.236,92,-0.179,60,-0.265,152,0.896,-0.141,-0.025,-0.23,-0.53,h5s1,-2.04,
c,0.5,60,1.0,clamp,117,0.239,0.701,-0.539,-0.291,-34.0,39.1,2.38,1.0,-2.04,-1.46,0.824,0.614,92,-0.271,62,-0.363,55,-0.208,117,0.857,-0.234,-0.153,-1.04,-0.62,h5s1,-2.04,
a,0.25,60,3.0,clamp,137,0.358,0.681,-0.733,-0.202,-27.6,27.6,3.85,1.0,-2.05,-1.92,0.735,0.637,137,-0.202,82,-0.127,55,-0.314,137,0.84,-0.334,-0.095,-0.95,-0.86,h5s2,-2.05,40.0
a,0.5,30,1.0,none,102,0.333,0.812,-0.275,-0.254,-25.9,25.9,2.4,1.0,-2.05,-0.85,1.092,0.637,74,-0.239,64,-0.221,38,-0.311,102,1.024,0.031,-0.088,-0.69,0.09,h5s1,-2.05,
a,0.8,45,3.0,clamp,60,0.35,0.589,-0.981,-0.281,-16.9,16.9,3.82,1.0,-2.05,-1.83,0.919,0.354,60,-0.281,39,-0.209,21,-0.415,60,0.74,-0.559,-0.168,-1.2,-1.02,h5s2,-2.05,40.0
c,0.0,60,2.0,clamp,219,0.329,0.706,-0.641,-0.199,-43.7,46.9,3.4,1.0,-2.06,-1.85,0.766,0.662,219,-0.199,124,-0.273,95,-0.104,219,0.841,-0.319,-0.098,-0.99,-0.9,h5s1,-2.06,
a,0.25,25,2.0,clamp,152,0.388,0.675,-0.569,-0.169,-25.7,25.7,3.37,1.0,-2.08,-2.01,0.709,0.649,152,-0.169,92,-0.16,60,-0.182,152,0.937,-0.095,-0.02,-0.24,-0.33,h5s1,-2.08,
c,0.25,60,2.0,skip,76,0.289,0.558,-0.811,-0.306,-23.2,29.7,2.6,1.0,-2.08,-2.09,0.574,0.546,76,-0.306,39,-0.364,37,-0.245,76,0.704,-0.482,-0.173,-1.15,-1.21,h5s1,-2.08,
a,0.25,60,3.0,clamp,144,0.361,0.698,-0.658,-0.197,-28.4,28.4,3.76,1.0,-2.1,-1.82,0.705,0.691,144,-0.197,87,-0.143,57,-0.281,144,0.905,-0.181,-0.062,-0.65,-0.49,h5s2,-2.1,10.0
a,0.5,25,2.0,none,102,0.422,0.862,-0.218,-0.174,-17.7,21.2,4.81,1.0,-2.11,-0.6,0.826,0.895,47,-0.328,64,-0.176,38,-0.17,102,1.214,0.29,-0.035,-0.41,0.78,h5s1,-2.11,
a,0.25,30,2.0,skip,67,0.313,0.533,-0.694,-0.271,-18.2,18.6,2.57,1.0,-2.11,-2.01,0.62,0.453,67,-0.271,43,-0.386,24,-0.066,67,0.806,-0.246,-0.085,-0.61,-0.67,h5s1,-2.11,
c,0.5,25,1.0,skip,81,0.284,0.618,-0.607,-0.302,-24.5,25.9,2.41,1.0,-2.12,-1.78,0.85,0.447,81,-0.302,43,-0.152,38,-0.472,81,0.815,-0.262,-0.129,-0.85,-0.74,h5s1,-2.12,
a,0.0,60,1.0,clamp,219,0.265,0.703,-0.542,-0.238,-52.2,52.2,2.48,1.0,-2.12,-2.03,0.946,0.542,180,-0.267,130,-0.173,89,-0.334,219,0.909,-0.148,-0.046,-0.39,-0.54,h5s1,-2.12,
a,0.5,30,2.0,none,102,0.402,0.86,-0.254,-0.197,-20.1,24.0,4.81,1.0,-2.13,-0.6,0.936,0.802,47,-0.39,64,-0.244,38,-0.119,102,1.183,0.29,-0.044,-0.44,0.66,h5s1,-2.13,
b,0.25,45,1.0,skip,108,0.296,0.551,-0.622,-0.294,-31.8,33.1,1.85,1.0,-2.13,-2.59,0.383,0.756,108,-0.294,65,-0.188,43,-0.456,108,0.763,-0.291,-0.102,-0.7,-1.15,h5s1,-2.13,
b,0.25,45,1.0,clamp,148,0.297,0.619,-0.504,-0.258,-38.2,38.4,1.81,1.0,-2.14,-2.41,0.475,0.78,115,-0.276,89,-0.318,59,-0.167,148,0.835,-0.194,-0.069,-0.54,-0.88,h5s1,-2.14,
c,0.25,30,1.0,skip,119,0.269,0.609,-0.627,-0.269,-32.1,38.4,2.37,1.0,-2.14,-2.22,0.984,0.344,119,-0.269,68,-0.195,51,-0.368,119,0.828,-0.247,-0.072,-0.52,-0.82,h5s1,-2.14,
a,0.0,60,2.0,skip,93,0.29,0.601,-0.717,-0.294,-27.3,33.1,2.58,1.0,-2.16,-2.01,0.474,0.723,93,-0.294,57,-0.346,36,-0.21,93,0.764,-0.372,-0.15,-1.08,-1.02,h5s1,-2.16,
a,0.8,60,1.5,none,62,0.339,0.664,-0.695,-0.337,-20.9,20.9,3.69,1.0,-2.17,-1.29,1.155,0.413,41,-0.515,40,-0.202,22,-0.584,62,0.828,-0.332,-0.193,-1.16,-0.59,h5s2,-2.17,10.0
c,0.5,60,1.0,none,117,0.239,0.675,-0.601,-0.316,-37.0,45.1,2.51,1.0,-2.17,-1.6,0.784,0.6,76,-0.292,62,-0.384,55,-0.24,117,0.819,-0.309,-0.151,-0.98,-0.8,h5s1,-2.17,
c,0.5,30,2.0,none,125,0.344,0.633,-0.771,-0.187,-23.4,27.0,5.05,1.0,-2.2,-2.0,0.648,0.62,57,-0.239,66,-0.29,59,-0.071,125,0.819,-0.34,-0.061,-0.69,-0.86,h5s1,-2.2,
b,0.5,15,1.0,skip,73,0.26,0.447,-0.684,-0.34,-24.8,25.8,1.83,1.0,-2.21,-2.81,0.342,0.556,73,-0.34,45,-0.173,28,-0.61,73,0.669,-0.334,-0.142,-0.89,-1.33,h5s1,-2.21,
a,0.0,60,1.0,skip,146,0.267,0.669,-0.596,-0.284,-41.4,48.9,2.47,1.0,-2.25,-1.95,0.917,0.464,146,-0.284,82,-0.101,64,-0.518,146,0.876,-0.199,-0.1,-0.75,-0.63,h5s1,-2.25,
c,0.0,60,1.0,none,219,0.247,0.693,-0.585,-0.261,-57.1,64.4,2.63,1.0,-2.27,-1.8,0.823,0.607,146,-0.299,124,-0.273,95,-0.244,219,0.87,-0.226,-0.073,-0.6,-0.68,h5s1,-2.27,
c,0.5,60,2.0,clamp,117,0.308,0.641,-0.805,-0.267,-31.2,37.5,3.33,1.0,-2.28,-1.97,0.678,0.611,117,-0.267,62,-0.336,55,-0.189,117,0.777,-0.456,-0.158,-1.32,-1.1,h5s1,-2.28,
a,0.0,60,1.0,none,219,0.265,0.675,-0.616,-0.258,-56.4,56.4,2.63,1.0,-2.29,-2.25,0.946,0.51,146,-0.284,130,-0.16,89,-0.4,219,0.938,-0.106,-0.042,-0.35,-0.34,h5s1,-2.29,
a,0.8,45,1.5,clamp,64,0.297,0.633,-0.718,-0.347,-22.2,22.2,2.8,1.0,-2.31,-1.56,0.919,0.432,61,-0.338,42,-0.274,22,-0.484,64,0.818,-0.329,-0.182,-1.11,-0.68,h5s2,-2.31,10.0
b,0.0,45,2.0,skip,162,0.383,0.608,-0.536,-0.182,-29.5,32.4,2.69,1.0,-2.32,-2.63,0.448,0.805,162,-0.182,97,-0.263,65,-0.061,162,0.902,-0.114,-0.025,-0.31,-0.54,h5s1,-2.32,
c,0.25,60,2.0,none,169,0.385,0.75,-0.645,-0.201,-34.0,39.4,5.08,1.0,-2.32,-1.34,0.682,0.796,76,-0.306,95,-0.2,74,-0.203,169,0.872,-0.309,-0.112,-1.27,-0.63,h5s1,-2.32,
b,0.5,45,1.0,skip,73,0.26,0.466,-0.799,-0.397,-29.0,33.3,1.83,1.0,-2.32,-2.72,0.368,0.574,73,-0.397,45,-0.199,28,-0.714,73,0.652,-0.465,-0.198,-1.09,-1.48,h5s1,-2.32,
b,0.5,45,1.0,none,99,0.263,0.583,-0.559,-0.361,-35.8,40.8,1.73,1.0,-2.33,-2.15,0.33,0.901,73,-0.397,65,-0.336,34,-0.41,99,0.787,-0.255,-0.164,-0.99,-0.93,h5s1,-2.33,
b,0.25,30,1.0,skip,108,0.306,0.544,-0.581,-0.297,-32.1,37.9,1.85,1.0,-2.35,-2.57,0.353,0.778,108,-0.297,65,-0.21,43,-0.429,108,0.782,-0.241,-0.1,-0.75,-1.01,h5s1,-2.35,
c,0.5,30,2.0,clamp,125,0.328,0.622,-0.71,-0.223,-27.9,31.8,3.34,1.0,-2.36,-2.2,0.698,0.55,125,-0.223,66,-0.321,59,-0.114,125,0.815,-0.31,-0.086,-0.87,-0.93,h5s1,-2.36,
b,0.25,45,2.0,none,148,0.392,0.609,-0.625,-0.187,-27.7,28.0,3.53,1.0,-2.38,-2.45,0.59,0.627,110,-0.191,89,-0.231,59,-0.121,148,0.896,-0.142,-0.038,-0.46,-0.54,h5s1,-2.38,
c,0.0,45,1.0,none,227,0.256,0.698,-0.556,-0.26,-59.1,65.4,2.63,1.0,-2.42,-1.76,0.828,0.613,152,-0.278,128,-0.213,99,-0.321,227,0.929,-0.119,-0.022,-0.19,-0.36,h5s1,-2.42,
c,0.0,45,1.0,skip,152,0.27,0.637,-0.625,-0.278,-42.3,42.3,2.47,1.0,-2.42,-2.35,0.995,0.353,152,-0.278,89,-0.189,63,-0.405,152,0.908,-0.141,-0.05,-0.39,-0.49,h5s1,-2.42,
a,0.25,30,2.0,none,152,0.408,0.731,-0.487,-0.171,-25.9,27.3,5.11,1.0,-2.44,-1.5,0.712,0.747,67,-0.271,92,-0.211,60,-0.109,152,1.002,0.002,-0.038,-0.51,0.01,h5s1,-2.44,
c,0.25,25,1.0,skip,119,0.286,0.56,-0.686,-0.288,-34.2,37.4,2.37,1.0,-2.46,-2.62,0.823,0.373,119,-0.288,68,-0.142,51,-0.482,119,0.746,-0.353,-0.118,-0.95,-1.29,h5s1,-2.46,
a,0.0,45,1.0,skip,152,0.276,0.635,-0.651,-0.297,-45.2,53.0,2.47,1.0,-2.47,-2.29,0.858,0.442,152,-0.297,87,-0.205,65,-0.421,152,0.824,-0.285,-0.122,-0.95,-0.96,h5s1,-2.47,
c,0.0,60,2.0,none,219,0.393,0.732,-0.667,-0.183,-40.1,44.8,5.25,1.0,-2.48,-1.67,0.68,0.77,93,-0.263,124,-0.181,95,-0.186,219,0.857,-0.334,-0.098,-1.3,-0.82,h5s1,-2.48,
a,0.0,25,2.0,none,234,0.41,0.737,-0.449,-0.134,-31.3,33.6,5.29,1.0,-2.49,-1.84,0.664,0.809,98,-0.172,138,-0.141,96,-0.123,234,1.028,0.041,-0.001,-0.03,0.17,h5s1,-2.49,
c,0.0,60,1.0,skip,146,0.267,0.611,-0.693,-0.299,-43.7,43.7,2.47,1.0,-2.51,-2.53,0.995,0.31,146,-0.299,86,-0.243,60,-0.379,146,0.811,-0.304,-0.123,-0.97,-1.05,h5s1,-2.51,
c,0.25,30,2.0,none,178,0.354,0.598,-0.833,-0.174,-31.0,36.1,5.08,1.0,-2.51,-2.66,0.621,0.579,80,-0.172,99,-0.23,79,-0.103,178,0.771,-0.427,-0.059,-0.82,-1.34,h5s1,-2.51,
c,0.5,25,2.0,clamp,125,0.32,0.597,-0.738,-0.229,-28.6,32.2,3.34,1.0,-2.54,-2.36,0.591,0.602,125,-0.229,66,-0.253,59,-0.201,125,0.796,-0.326,-0.092,-0.99,-1.02,h5s1,-2.54,
a,0.0,45,2.0,skip,96,0.292,0.542,-0.763,-0.304,-29.2,33.7,2.58,1.0,-2.54,-2.46,0.521,0.564,96,-0.304,59,-0.338,37,-0.249,96,0.74,-0.368,-0.143,-1.18,-1.16,h5s1,-2.54,
b,0.5,45,1.0,clamp,99,0.263,0.562,-0.609,-0.377,-37.3,42.6,1.78,1.0,-2.55,-2.34,0.329,0.833,77,-0.339,65,-0.348,34,-0.432,99,0.756,-0.304,-0.189,-1.21,-1.11,h5s1,-2.55,
a,0.8,45,1.5,clamp,60,0.267,0.585,-0.776,-0.412,-24.7,24.7,2.59,1.0,-2.56,-1.78,1.025,0.292,60,-0.412,39,-0.305,21,-0.609,60,0.712,-0.489,-0.302,-1.83,-1.09,h5s2,-2.56,40.0
b,0.0,45,1.0,clamp,220,0.309,0.609,-0.515,-0.245,-53.8,57.3,1.84,1.0,-2.57,-3.06,0.469,0.745,167,-0.294,128,-0.326,92,-0.132,220,0.812,-0.223,-0.066,-0.65,-1.26,h5s1,-2.57,
a,0.0,25,2.0,clamp,234,0.38,0.676,-0.562,-0.17,-39.7,40.9,3.4,1.0,-2.59,-2.48,0.714,0.644,234,-0.17,138,-0.195,96,-0.133,234,0.933,-0.1,-0.02,-0.29,-0.43,h5s1,-2.59,
a,0.25,30,2.0,clamp,152,0.368,0.621,-0.694,-0.217,-32.9,32.9,3.37,1.0,-2.62,-2.44,0.734,0.535,152,-0.217,92,-0.272,60,-0.132,152,0.86,-0.228,-0.067,-0.77,-0.77,h5s1,-2.62,
a,0.0,30,2.0,skip,98,0.306,0.538,-0.683,-0.276,-27.1,27.1,2.58,1.0,-2.63,-2.42,0.623,0.447,98,-0.276,59,-0.396,39,-0.095,98,0.824,-0.215,-0.082,-0.74,-0.73,h5s1,-2.63,
c,0.0,30,2.0,none,234,0.372,0.609,-0.786,-0.153,-35.7,39.8,5.29,1.0,-2.63,-2.94,0.72,0.528,98,-0.139,133,-0.187,101,-0.107,234,0.786,-0.388,-0.045,-0.75,-1.42,h5s1,-2.63,
c,0.0,25,2.0,none,234,0.376,0.61,-0.723,-0.142,-33.3,38.6,5.29,1.0,-2.63,-2.96,0.727,0.519,98,-0.124,133,-0.122,101,-0.169,234,0.812,-0.306,-0.034,-0.62,-1.24,h5s1,-2.63,
b,0.0,45,1.0,skip,156,0.295,0.563,-0.615,-0.296,-46.2,51.8,1.9,1.0,-2.64,-3.03,0.423,0.705,156,-0.296,88,-0.23,68,-0.382,156,0.753,-0.313,-0.123,-1.04,-1.47,h5s1,-2.64,
a,0.0,25,1.0,none,234,0.333,0.647,-0.556,-0.217,-50.8,54.3,2.64,1.0,-2.64,-2.68,0.761,0.571,156,-0.25,138,-0.196,96,-0.248,234,0.935,-0.086,0.013,0.14,-0.4,h5s1,-2.64,
a,0.0,25,1.0,clamp,234,0.338,0.682,-0.476,-0.211,-49.4,51.4,2.49,1.0,-2.64,-2.39,0.75,0.631,193,-0.214,138,-0.195,96,-0.234,234,0.962,-0.049,-0.002,-0.02,-0.24,h5s1,-2.64,
a,0.0,25,1.0,skip,156,0.333,0.605,-0.592,-0.25,-39.0,43.3,2.47,1.0,-2.64,-2.64,0.75,0.476,156,-0.25,88,-0.106,68,-0.436,156,0.93,-0.088,-0.01,-0.09,-0.36,h5s1,-2.64,
c,0.0,25,1.0,skip,156,0.301,0.579,-0.648,-0.265,-41.3,42.7,2.47,1.0,-2.65,-2.84,0.89,0.357,156,-0.265,91,-0.102,65,-0.492,156,0.826,-0.237,-0.057,-0.51,-0.96,h5s1,-2.65,
a,0.0,45,1.0,clamp,227,0.282,0.652,-0.615,-0.267,-60.6,60.6,2.48,1.0,-2.66,-2.6,0.864,0.504,187,-0.284,136,-0.255,91,-0.285,227,0.849,-0.241,-0.083,-0.79,-0.98,h5s1,-2.66,
b,0.25,45,1.0,none,148,0.277,0.577,-0.554,-0.321,-47.4,47.5,1.76,1.0,-2.66,-2.71,0.476,0.691,108,-0.294,89,-0.307,59,-0.341,148,0.859,-0.161,-0.018,-0.13,-0.73,h5s1,-2.66,
c,0.25,25,1.0,none,178,0.292,0.549,-0.738,-0.266,-47.3,61.3,2.54,1.0,-2.69,-3.2,0.748,0.425,119,-0.288,99,-0.22,79,-0.324,178,0.726,-0.4,-0.082,-0.78,-1.68,h5s1,-2.69,
c,0.0,30,1.0,skip,156,0.295,0.575,-0.683,-0.282,-43.9,48.0,2.47,1.0,-2.7,-2.85,0.943,0.309,156,-0.282,91,-0.177,65,-0.428,156,0.845,-0.219,-0.047,-0.4,-0.84,h5s1,-2.7,
a,0.0,60,2.0,none,219,0.393,0.744,-0.629,-0.199,-43.6,43.6,5.25,1.0,-2.7,-1.7,0.735,0.75,93,-0.294,130,-0.164,89,-0.25,219,0.88,-0.273,-0.107,-1.43,-0.73,h5s1,-2.7,
b,0.5,45,2.0,skip,75,0.333,0.507,-0.784,-0.321,-24.1,27.0,2.69,1.0,-2.7,-2.47,0.537,0.48,75,-0.321,51,-0.272,24,-0.426,75,0.78,-0.298,-0.154,-1.23,-0.89,h5s1,-2.7,
b,0.25,45,2.0,clamp,148,0.358,0.558,-0.732,-0.227,-33.5,33.8,3.04,1.0,-2.74,-2.98,0.504,0.615,148,-0.227,89,-0.295,59,-0.123,148,0.862,-0.19,-0.055,-0.64,-0.75,h5s1,-2.74,
a,0.0,60,2.0,clamp,219,0.329,0.66,-0.758,-0.238,-52.1,52.1,3.4,1.0,-2.76,-2.55,0.79,0.563,219,-0.238,130,-0.257,89,-0.21,219,0.808,-0.388,-0.121,-1.38,-1.28,h5s1,-2.76,
b,0.5,30,1.0,skip,73,0.233,0.402,-0.834,-0.432,-31.5,34.3,1.83,1.0,-2.82,-3.09,0.323,0.495,73,-0.432,45,-0.267,28,-0.697,73,0.592,-0.495,-0.231,-1.42,-1.73,h5s1,-2.82,
c,0.5,60,2.0,none,117,0.368,0.65,-0.888,-0.266,-31.2,35.1,5.01,1.0,-2.82,-1.86,0.596,0.692,54,-0.429,62,-0.321,55,-0.204,117,0.768,-0.547,-0.178,-1.84,-1.13,h5s1,-2.82,
c,0.5,25,2.0,none,125,0.328,0.554,-0.908,-0.214,-26.7,30.2,5.05,1.0,-2.87,-2.58,0.538,0.568,57,-0.262,66,-0.239,59,-0.186,125,0.746,-0.445,-0.087,-1.15,-1.26,h5s1,-2.87,
b,0.0,30,1.0,skip,156,0.308,0.581,-0.538,-0.291,-45.3,53.4,1.9,1.0,-2.87,-2.77,0.413,0.758,156,-0.291,88,-0.274,68,-0.312,156,0.821,-0.199,-0.099,-0.93,-0.98,h5s1,-2.87,
c,0.0,25,1.0,none,234,0.303,0.572,-0.689,-0.243,-56.9,68.5,2.64,1.0,-2.87,-3.46,0.824,0.419,156,-0.265,133,-0.169,101,-0.34,234,0.79,-0.3,-0.035,-0.37,-1.42,h5s1,-2.87,
c,0.25,30,1.0,none,178,0.275,0.54,-0.782,-0.292,-52.0,63.3,2.54,1.0,-2.87,-3.31,0.796,0.378,119,-0.269,99,-0.27,79,-0.321,178,0.721,-0.428,-0.095,-0.86,-1.73,h5s1,-2.87,
a,0.0,45,1.0,none,227,0.282,0.627,-0.682,-0.287,-65.2,65.2,2.63,1.0,-2.88,-2.8,0.858,0.48,152,-0.297,136,-0.244,91,-0.351,227,0.864,-0.224,-0.078,-0.73,-0.84,h5s1,-2.88,
c,0.5,25,1.0,none,125,0.264,0.581,-0.696,-0.332,-41.5,48.8,2.52,1.0,-2.88,-2.39,0.661,0.526,81,-0.302,66,-0.252,59,-0.421,125,0.754,-0.367,-0.147,-1.2,-1.22,h5s1,-2.88,
b,0.25,15,1.0,skip,108,0.315,0.421,-0.64,-0.322,-34.7,34.8,1.85,1.0,-2.9,-3.6,0.315,0.537,108,-0.322,65,-0.195,43,-0.513,108,0.722,-0.24,-0.095,-0.83,-1.31,h5s1,-2.9,
a,0.25,30,1.0,skip,106,0.311,0.579,-0.658,-0.324,-34.3,34.7,2.45,1.0,-2.91,-2.41,0.938,0.331,106,-0.324,61,-0.23,45,-0.45,106,0.788,-0.292,-0.151,-1.31,-1.03,h5s1,-2.91,
a,0.25,30,1.0,clamp,152,0.329,0.635,-0.565,-0.285,-43.4,43.4,2.42,1.0,-2.92,-2.31,0.783,0.535,125,-0.289,92,-0.275,60,-0.301,152,0.835,-0.228,-0.117,-1.14,-0.9,h5s1,-2.92,
c,0.5,25,1.0,clamp,125,0.272,0.605,-0.633,-0.327,-40.9,46.0,2.39,1.0,-2.92,-2.24,0.667,0.559,99,-0.284,66,-0.255,59,-0.408,125,0.783,-0.311,-0.156,-1.32,-1.06,h5s1,-2.92,
b,0.5,45,2.0,none,99,0.374,0.568,-0.747,-0.286,-28.3,30.6,3.46,1.0,-2.94,-2.32,0.51,0.622,75,-0.321,65,-0.224,34,-0.404,99,0.849,-0.223,-0.127,-1.26,-0.67,h5s1,-2.94,
c,0.5,30,1.0,none,125,0.264,0.564,-0.735,-0.339,-42.4,49.3,2.52,1.0,-2.94,-2.6,0.782,0.413,81,-0.241,66,-0.304,59,-0.379,125,0.75,-0.381,-0.14,-1.1,-1.27,h5s1,-2.94,
c,0.25,25,1.0,clamp,178,0.298,0.572,-0.675,-0.277,-49.4,59.1,2.41,1.0,-2.94,-3.02,0.749,0.453,146,-0.284,99,-0.228,79,-0.34,178,0.747,-0.359,-0.11,-1.1,-1.55,h5s1,-2.94,
c,0.25,30,2.0,clamp,178,0.331,0.566,-0.829,-0.231,-41.2,46.5,3.37,1.0,-2.95,-3.14,0.685,0.468,178,-0.231,99,-0.32,79,-0.12,178,0.734,-0.46,-0.106,-1.29,-1.68,h5s1,-2.95,
c,0.5,30,1.0,clamp,125,0.272,0.588,-0.667,-0.337,-42.1,47.2,2.39,1.0,-2.99,-2.44,0.793,0.439,99,-0.269,66,-0.31,59,-0.367,125,0.779,-0.324,-0.154,-1.24,-1.12,h5s1,-2.99,
a,0.25,30,1.0,none,152,0.322,0.598,-0.66,-0.298,-45.4,45.4,2.56,1.0,-3.01,-2.57,0.791,0.482,106,-0.324,92,-0.286,60,-0.318,152,0.814,-0.268,-0.111,-1.07,-1.02,h5s1,-3.01,
b,0.0,45,2.0,none,220,0.386,0.563,-0.711,-0.189,-41.5,43.6,3.58,1.0,-3.02,-3.45,0.523,0.599,162,-0.182,128,-0.247,92,-0.107,220,0.805,-0.276,-0.05,-0.76,-1.3,h5s1,-3.02,
c,0.25,25,2.0,none,178,0.354,0.534,-0.927,-0.188,-33.4,39.8,5.08,1.0,-3.02,-3.31,0.555,0.514,80,-0.174,99,-0.192,79,-0.182,178,0.714,-0.498,-0.072,-1.13,-1.76,h5s1,-3.02,
b,0.0,45,1.0,none,220,0.286,0.572,-0.561,-0.293,-64.5,68.0,1.79,1.0,-3.03,-3.39,0.447,0.693,156,-0.296,128,-0.301,92,-0.282,220,0.82,-0.208,-0.026,-0.24,-1.18,h5s1,-3.03,
c,0.0,25,2.0,clamp,234,0.355,0.592,-0.725,-0.194,-45.4,50.9,3.4,1.0,-3.05,-3.33,0.817,0.437,234,-0.194,133,-0.204,101,-0.181,234,0.777,-0.352,-0.073,-1.12,-1.58,h5s1,-3.05,
c,0.0,25,1.0,clamp,234,0.308,0.591,-0.636,-0.25,-58.5,67.0,2.49,1.0,-3.07,-3.29,0.831,0.44,193,-0.264,133,-0.185,101,-0.335,234,0.807,-0.269,-0.059,-0.66,-1.3,h5s1,-3.07,
c,0.25,30,1.0,clamp,178,0.281,0.562,-0.716,-0.301,-53.5,61.5,2.41,1.0,-3.08,-3.13,0.801,0.402,146,-0.286,99,-0.283,79,-0.322,178,0.748,-0.373,-0.118,-1.12,-1.55,h5s1,-3.08,
c,0.25,25,2.0,clamp,178,0.337,0.542,-0.844,-0.23,-41.0,47.6,3.37,1.0,-3.15,-3.4,0.629,0.471,178,-0.23,99,-0.261,79,-0.191,178,0.718,-0.46,-0.104,-1.37,-1.81,h5s1,-3.15,
b,0.5,15,1.0,clamp,99,0.242,0.471,-0.628,-0.396,-39.2,42.1,1.78,1.0,-3.19,-3.0,0.354,0.594,77,-0.299,65,-0.383,34,-0.422,99,0.707,-0.281,-0.186,-1.45,-1.3,h5s1,-3.19,
b,0.5,45,2.0,clamp,99,0.323,0.495,-0.929,-0.327,-32.4,34.8,3.01,1.0,-3.19,-2.98,0.41,0.581,99,-0.327,65,-0.297,34,-0.385,99,0.795,-0.308,-0.137,-1.28,-0.95,h5s1,-3.19,
a,0.0,45,2.0,none,227,0.392,0.692,-0.712,-0.209,-47.5,47.7,5.25,1.0,-3.21,-2.21,0.688,0.696,96,-0.304,136,-0.196,91,-0.23,227,0.858,-0.295,-0.103,-1.56,-0.91,h5s1,-3.21,
c,0.0,30,2.0,clamp,234,0.346,0.582,-0.769,-0.213,-49.7,54.1,3.4,1.0,-3.21,-3.4,0.803,0.425,234,-0.213,133,-0.281,101,-0.123,234,0.755,-0.41,-0.093,-1.35,-1.76,h5s1,-3.21,
b,0.5,15,1.0,none,99,0.242,0.489,-0.585,-0.407,-40.3,43.0,1.73,1.0,-3.23,-2.82,0.356,0.639,73,-0.34,65,-0.383,34,-0.454,99,0.728,-0.253,-0.195,-1.48,-1.18,h5s1,-3.23,
b,0.25,30,1.0,clamp,148,0.304,0.518,-0.594,-0.331,-49.0,54.8,1.81,1.0,-3.26,-3.24,0.462,0.581,115,-0.294,89,-0.37,59,-0.273,148,0.745,-0.273,-0.135,-1.26,-1.42,h5s1,-3.26,
b,0.0,15,1.0,skip,156,0.308,0.512,-0.535,-0.293,-45.8,49.5,1.9,1.0,-3.29,-3.3,0.365,0.653,156,-0.293,88,-0.253,68,-0.345,156,0.855,-0.125,-0.061,-0.66,-0.75,h5s1,-3.29,
b,0.25,25,1.0,skip,108,0.25,0.451,-0.692,-0.353,-38.1,42.7,1.85,1.0,-3.3,-3.6,0.312,0.614,108,-0.353,65,-0.291,43,-0.447,108,0.659,-0.363,-0.161,-1.44,-1.81,h5s1,-3.3,
a,0.0,45,2.0,clamp,227,0.33,0.61,-0.829,-0.255,-57.9,58.0,3.4,1.0,-3.35,-3.16,0.754,0.497,227,-0.255,136,-0.287,91,-0.207,227,0.782,-0.411,-0.125,-1.61,-1.54,h5s1,-3.35,
a,0.0,30,2.0,none,234,0.402,0.669,-0.622,-0.184,-43.1,43.2,5.29,1.0,-3.36,-2.41,0.662,0.674,98,-0.276,138,-0.233,96,-0.114,234,0.904,-0.159,-0.059,-1.03,-0.6,h5s1,-3.36,
a,0.0,30,2.0,clamp,234,0.368,0.615,-0.697,-0.219,-51.1,51.1,3.4,1.0,-3.37,-3.11,0.701,0.543,234,-0.219,138,-0.291,96,-0.114,234,0.837,-0.26,-0.077,-1.13,-1.12,h5s1,-3.37,
b,0.0,45,2.0,clamp,220,0.364,0.54,-0.753,-0.223,-49.2,51.1,3.03,1.0,-3.4,-3.84,0.465,0.614,220,-0.223,128,-0.308,92,-0.106,220,0.798,-0.282,-0.068,-0.99,-1.39,h5s1,-3.4,
b,0.5,25,1.0,skip,73,0.219,0.354,-0.883,-0.45,-32.9,34.3,1.83,1.0,-3.46,-3.91,0.348,0.361,73,-0.45,45,-0.293,28,-0.703,73,0.511,-0.57,-0.264,-1.92,-2.4,h5s1,-3.46,
c,0.0,30,1.0,none,234,0.295,0.525,-0.814,-0.294,-68.7,77.7,2.64,1.0,-3.47,-4.01,0.807,0.357,156,-0.282,133,-0.25,101,-0.352,234,0.738,-0.401,-0.07,-0.74,-1.85,h5s1,-3.47,
b,0.0,30,1.0,clamp,220,0.314,0.566,-0.524,-0.286,-62.9,70.9,1.84,1.0,-3.48,-3.43,0.447,0.684,167,-0.294,128,-0.368,92,-0.172,220,0.812,-0.196,-0.086,-1.0,-1.23,h5s1,-3.48,
b,0.0,25,1.0,skip,156,0.288,0.531,-0.586,-0.314,-49.0,56.7,1.9,1.0,-3.51,-3.39,0.364,0.699,156,-0.314,88,-0.338,68,-0.283,156,0.781,-0.231,-0.112,-1.2,-1.28,h5s1,-3.51,
b,0.25,30,2.0,skip,110,0.345,0.48,-0.702,-0.286,-31.4,34.3,2.7,1.0,-3.53,-3.09,0.424,0.543,110,-0.286,69,-0.305,41,-0.253,110,0.794,-0.222,-0.107,-1.28,-0.96,h5s1,-3.53,
b,0.25,30,1.0,none,148,0.291,0.509,-0.601,-0.365,-54.0,59.8,1.76,1.0,-3.53,-3.28,0.463,0.561,108,-0.297,89,-0.368,59,-0.361,148,0.766,-0.244,-0.113,-1.02,-1.26,h5s1,-3.53,
b,0.0,30,1.0,none,220,0.3,0.557,-0.531,-0.308,-67.9,76.0,1.79,1.0,-3.58,-3.49,0.435,0.679,156,-0.291,128,-0.349,92,-0.253,220,0.822,-0.181,-0.066,-0.72,-1.13,h5s1,-3.58,
c,0.0,30,1.0,clamp,234,0.299,0.55,-0.737,-0.295,-69.0,75.8,2.49,1.0,-3.6,-3.76,0.818,0.382,193,-0.294,133,-0.265,101,-0.334,234,0.769,-0.339,-0.089,-0.97,-1.62,h5s1,-3.6,
b,0.5,30,1.0,none,99,0.242,0.441,-0.709,-0.459,-45.5,48.5,1.73,1.0,-3.61,-3.21,0.281,0.635,73,-0.432,65,-0.44,34,-0.496,99,0.645,-0.388,-0.247,-1.83,-1.67,h5s1,-3.61,
b,0.5,30,1.0,clamp,99,0.242,0.428,-0.747,-0.454,-45.0,48.1,1.78,1.0,-3.67,-3.39,0.28,0.598,77,-0.395,65,-0.441,34,-0.48,99,0.619,-0.434,-0.263,-2.0,-1.86,h5s1,-3.67,
b,0.25,15,2.0,skip,110,0.336,0.423,-0.663,-0.266,-29.2,30.9,2.7,1.0,-3.73,-3.48,0.398,0.446,110,-0.266,69,-0.31,41,-0.192,110,0.734,-0.236,-0.099,-1.37,-1.22,h5s1,-3.73,
a,0.0,30,1.0,skip,156,0.321,0.567,-0.667,-0.33,-51.4,51.9,2.47,1.0,-3.8,-2.99,0.732,0.42,156,-0.33,88,-0.236,68,-0.451,156,0.857,-0.188,-0.101,-1.02,-0.78,h5s1,-3.8,
a,0.0,30,1.0,none,234,0.329,0.585,-0.678,-0.294,-68.8,69.5,2.64,1.0,-3.81,-3.34,0.731,0.489,156,-0.33,138,-0.289,96,-0.301,234,0.838,-0.23,-0.078,-0.92,-1.08,h5s1,-3.81,
b,0.25,15,1.0,clamp,148,0.297,0.434,-0.616,-0.349,-51.7,51.8,1.81,1.0,-3.86,-3.98,0.366,0.504,115,-0.308,89,-0.353,59,-0.344,148,0.727,-0.235,-0.118,-1.26,-1.47,h5s1,-3.86,
b,0.5,15,2.0,skip,75,0.24,0.364,-0.909,-0.364,-27.3,29.3,2.69,1.0,-3.87,-3.54,0.354,0.373,75,-0.364,51,-0.381,24,-0.329,75,0.58,-0.469,-0.191,-2.0,-1.8,h5s1,-3.87,
a,0.0,30,1.0,clamp,234,0.333,0.618,-0.589,-0.29,-67.9,67.9,2.49,1.0,-3.88,-3.05,0.719,0.544,193,-0.293,138,-0.295,96,-0.282,234,0.867,-0.181,-0.089,-1.08,-0.88,h5s1,-3.88,
b,0.0,30,2.0,skip,162,0.358,0.48,-0.675,-0.255,-41.4,44.2,2.69,1.0,-3.89,-3.79,0.336,0.658,162,-0.255,97,-0.3,65,-0.189,162,0.781,-0.23,-0.083,-1.23,-1.26,h5s1,-3.89,
b,0.5,30,2.0,skip,75,0.28,0.379,-0.968,-0.399,-30.0,32.8,2.69,1.0,-4.0,-3.42,0.314,0.447,75,-0.399,51,-0.384,24,-0.432,75,0.63,-0.465,-0.212,-2.04,-1.59,h5s1,-4.0,
b,0.25,25,1.0,clamp,148,0.277,0.467,-0.641,-0.357,-52.8,57.4,1.81,1.0,-4.01,-3.97,0.374,0.57,115,-0.339,89,-0.423,59,-0.258,148,0.681,-0.328,-0.165,-1.75,-1.94,h5s1,-4.01,
b,0.0,15,1.0,clamp,220,0.318,0.523,-0.493,-0.293,-64.6,68.2,1.84,1.0,-4.01,-3.73,0.355,0.687,167,-0.279,128,-0.347,92,-0.22,220,0.881,-0.097,-0.052,-0.69,-0.71,h5s1,-4.01,
b,0.25,25,2.0,skip,110,0.327,0.419,-0.772,-0.299,-32.9,34.8,2.7,1.0,-4.02,-3.84,0.332,0.514,110,-0.299,69,-0.358,41,-0.201,110,0.709,-0.306,-0.122,-1.6,-1.5,h5s1,-4.02,
b,0.25,15,1.0,none,148,0.284,0.434,-0.614,-0.38,-56.3,56.4,1.76,1.0,-4.07,-3.98,0.367,0.502,108,-0.322,89,-0.349,59,-0.427,148,0.742,-0.217,-0.112,-1.15,-1.36,h5s1,-4.07,
b,0.0,15,1.0,none,220,0.305,0.523,-0.489,-0.315,-69.3,73.0,1.79,1.0,-4.1,-3.72,0.359,0.682,156,-0.293,128,-0.332,92,-0.292,220,0.887,-0.09,-0.048,-0.6,-0.66,h5s1,-4.1,
b,0.25,30,2.0,none,148,0.358,0.463,-0.822,-0.268,-39.7,42.1,3.53,1.0,-4.11,-3.67,0.448,0.478,110,-0.286,89,-0.279,59,-0.251,148,0.724,-0.347,-0.112,-1.68,-1.52,h5s1,-4.11,
b,0.0,25,1.0,clamp,220,0.305,0.528,-0.556,-0.306,-67.2,75.2,1.84,1.0,-4.12,-4.01,0.394,0.658,167,-0.312,128,-0.416,92,-0.151,220,0.784,-0.216,-0.099,-1.26,-1.49,h5s1,-4.12,
b,0.0,15,2.0,skip,162,0.34,0.427,-0.623,-0.235,-38.1,39.5,2.69,1.0,-4.16,-4.19,0.339,0.514,162,-0.235,97,-0.283,65,-0.165,162,0.756,-0.205,-0.069,-1.2,-1.35,h5s1,-4.16,
b,0.0,25,2.0,skip,162,0.346,0.441,-0.703,-0.262,-42.5,44.4,2.69,1.0,-4.31,-4.35,0.301,0.6,162,-0.262,97,-0.339,65,-0.148,162,0.732,-0.27,-0.093,-1.49,-1.64,h5s1,-4.31,
b,0.5,25,1.0,none,99,0.232,0.404,-0.742,-0.484,-47.9,48.7,1.73,1.0,-4.36,-3.85,0.286,0.54,73,-0.45,65,-0.45,34,-0.55,99,0.588,-0.437,-0.278,-2.37,-2.17,h5s1,-4.36,
b,0.0,25,1.0,none,220,0.282,0.514,-0.57,-0.338,-74.4,82.7,1.79,1.0,-4.36,-4.13,0.38,0.644,156,-0.314,128,-0.402,92,-0.25,220,0.798,-0.197,-0.075,-0.9,-1.36,h5s1,-4.36,
b,0.5,25,1.0,clamp,99,0.242,0.395,-0.776,-0.472,-46.7,47.6,1.78,1.0,-4.37,-4.03,0.285,0.513,77,-0.407,65,-0.45,34,-0.515,99,0.563,-0.484,-0.292,-2.55,-2.39,h5s1,-4.37,
b,0.5,15,2.0,clamp,99,0.253,0.362,-0.989,-0.351,-34.8,34.8,3.01,1.0,-4.38,-4.06,0.299,0.417,99,-0.351,65,-0.379,34,-0.298,99,0.56,-0.541,-0.191,-2.37,-2.21,h5s1,-4.38,
b,0.25,30,2.0,clamp,148,0.345,0.439,-0.882,-0.303,-44.8,46.4,3.04,1.0,-4.4,-4.07,0.42,0.46,148,-0.303,89,-0.342,59,-0.244,148,0.711,-0.366,-0.129,-1.83,-1.66,h5s1,-4.4,
b,0.0,30,2.0,none,220,0.364,0.485,-0.782,-0.236,-51.9,55.2,3.58,1.0,-4.42,-4.2,0.407,0.56,162,-0.255,128,-0.278,92,-0.177,220,0.731,-0.342,-0.089,-1.62,-1.8,h5s1,-4.42,
b,0.25,25,1.0,none,148,0.25,0.446,-0.665,-0.407,-60.3,64.9,1.76,1.0,-4.5,-4.15,0.376,0.525,108,-0.353,89,-0.423,59,-0.384,148,0.701,-0.298,-0.14,-1.42,-1.76,h5s1,-4.5,
b,0.0,15,2.0,clamp,220,0.341,0.463,-0.646,-0.22,-48.5,50.0,3.03,1.0,-4.52,-4.34,0.334,0.576,220,-0.22,128,-0.286,92,-0.128,220,0.762,-0.227,-0.07,-1.41,-1.5,h5s1,-4.52,
b,0.0,30,2.0,clamp,220,0.355,0.482,-0.779,-0.258,-56.9,59.5,3.03,1.0,-4.56,-4.4,0.391,0.576,220,-0.258,128,-0.33,92,-0.159,220,0.747,-0.312,-0.097,-1.67,-1.73,h5s1,-4.56,
b,0.5,15,2.0,none,99,0.253,0.357,-1.011,-0.35,-34.6,34.6,3.46,1.0,-4.59,-4.06,0.289,0.419,75,-0.364,65,-0.358,34,-0.334,99,0.543,-0.577,-0.2,-2.6,-2.29,h5s1,-4.59,
b,0.5,30,2.0,none,99,0.313,0.375,-1.074,-0.377,-37.3,38.2,3.46,1.0,-4.63,-3.91,0.301,0.454,75,-0.399,65,-0.34,34,-0.448,99,0.596,-0.57,-0.212,-2.51,-2.03,h5s1,-4.63,
b,0.25,15,2.0,clamp,148,0.318,0.373,-0.82,-0.279,-41.4,41.4,3.04,1.0,-4.73,-4.62,0.33,0.411,148,-0.279,89,-0.321,59,-0.217,148,0.624,-0.389,-0.127,-2.11,-2.17,h5s1,-4.73,
b,0.0,15,2.0,none,220,0.341,0.448,-0.688,-0.217,-47.7,49.0,3.58,1.0,-4.74,-4.41,0.327,0.55,162,-0.235,128,-0.265,92,-0.149,220,0.728,-0.271,-0.075,-1.61,-1.72,h5s1,-4.74,
b,0.25,15,2.0,none,148,0.318,0.36,-0.866,-0.269,-39.9,39.9,3.53,1.0,-4.78,-4.61,0.321,0.395,110,-0.266,89,-0.3,59,-0.224,148,0.592,-0.443,-0.126,-2.2,-2.32,h5s1,-4.78,
b,0.25,25,2.0,none,148,0.304,0.391,-0.934,-0.289,-42.8,44.2,3.53,1.0,-4.82,-4.57,0.317,0.465,110,-0.299,89,-0.336,59,-0.218,148,0.616,-0.479,-0.137,-2.24,-2.31,h5s1,-4.82,
b,0.5,30,2.0,clamp,99,0.293,0.345,-1.175,-0.413,-40.9,40.9,3.01,1.0,-4.85,-4.38,0.282,0.411,99,-0.413,65,-0.407,34,-0.425,99,0.577,-0.605,-0.224,-2.54,-2.2,h5s1,-4.85,
b,0.25,25,2.0,clamp,148,0.304,0.395,-0.919,-0.309,-45.7,47.0,3.04,1.0,-4.88,-4.73,0.315,0.477,148,-0.309,89,-0.375,59,-0.209,148,0.634,-0.445,-0.145,-2.25,-2.27,h5s1,-4.88,
b,0.0,25,2.0,clamp,220,0.336,0.456,-0.786,-0.26,-57.2,59.9,3.03,1.0,-4.94,-4.83,0.332,0.571,220,-0.26,128,-0.354,92,-0.129,220,0.704,-0.35,-0.106,-1.97,-2.12,h5s1,-4.94,
b,0.0,25,2.0,none,220,0.336,0.44,-0.837,-0.247,-54.4,56.9,3.58,1.0,-4.98,-4.82,0.331,0.536,162,-0.262,128,-0.317,92,-0.15,220,0.669,-0.412,-0.104,-2.04,-2.33,h5s1,-4.98,
b,0.5,25,2.0,skip,75,0.267,0.293,-1.098,-0.439,-32.9,34.0,2.69,1.0,-4.99,-4.59,0.264,0.319,75,-0.439,51,-0.439,24,-0.439,75,0.502,-0.611,-0.253,-2.8,-2.49,h5s1,-4.99,
b,0.5,25,2.0,clamp,99,0.253,0.295,-1.22,-0.43,-42.5,42.5,3.01,1.0,-5.63,-5.18,0.239,0.346,99,-0.43,65,-0.434,34,-0.421,99,0.481,-0.713,-0.254,-3.26,-2.98,h5s1,-5.63,
b,0.5,25,2.0,none,99,0.253,0.297,-1.207,-0.413,-40.9,40.9,3.46,1.0,-5.69,-4.96,0.238,0.352,75,-0.439,65,-0.395,34,-0.447,99,0.474,-0.733,-0.252,-3.41,-2.95,h5s1,-5.69,
a,0.8,60,1.5,skip,49,0.204,0.488,-0.983,-0.468,-22.9,22.9,2.35,1.0,-2.35,-2.11,0.738,0.291,49,-0.468,32,-0.224,17,-0.926,49,0.57,-0.775,-0.375,-1.83,-1.61,h5s2,-inf,40.0
a,0.5,60,1.5,skip,56,0.286,0.642,-0.629,-0.275,-15.4,23.5,2.4,1.0,-1.43,-1.36,0.476,0.811,56,-0.275,35,-0.129,21,-0.519,56,0.834,-0.268,-0.111,-0.55,-0.55,h5s2,-inf,10.0
a,0.3,60,3.0,skip,32,0.219,0.254,-1.621,-0.548,-17.5,17.5,2.98,1.0,-3.71,-3.73,0.175,0.341,32,-0.548,23,-0.461,9,-0.771,32,0.462,-0.905,-0.297,-1.87,-1.94,h5s2,-inf,10.0
a,0.8,60,0.75,none,58,0.19,0.872,-0.153,-0.241,-14.0,17.8,1.43,1.0,-0.82,-0.38,1.365,0.529,28,-0.114,37,0.059,21,-0.769,58,1.217,0.219,0.083,0.26,0.52,h5s2,-inf,40.0
a,0.8,60,3.0,skip,16,0.312,0.532,-1.024,-0.388,-6.2,9.9,3.31,1.0,-1.46,-1.09,0.0,1.86,16,-0.388,11,-0.121,5,-0.976,16,0.819,-0.308,-0.162,-0.6,-0.32,h5s2,-inf,40.0
a,0.8,60,3.0,skip,20,0.25,0.248,-1.713,-0.567,-11.3,11.3,2.99,1.0,-2.89,-3.06,0.159,0.358,20,-0.567,15,-0.407,5,-1.048,20,0.498,-0.886,-0.265,-1.23,-1.43,h5s2,-inf,10.0
a,0.8,60,0.75,skip,28,0.286,0.972,-0.04,-0.114,-3.2,11.2,1.96,1.0,-0.37,-0.06,1.903,0.416,28,-0.114,17,0.075,11,-0.406,28,1.289,0.352,0.121,0.38,0.54,h5s2,-inf,40.0
a,0.5,60,3.0,skip,23,0.261,0.298,-1.575,-0.528,-12.1,13.0,2.99,1.0,-2.75,-2.83,0.145,0.476,23,-0.528,17,-0.345,6,-1.047,23,0.538,-0.824,-0.255,-1.23,-1.37,h5s2,-inf,10.0
a,0.5,60,3.0,skip,24,0.333,0.799,-0.407,-0.204,-4.9,12.1,3.44,1.0,-0.83,-0.46,0.126,2.082,24,-0.204,18,-0.032,6,-0.721,24,1.106,0.176,-0.025,-0.1,0.2,h5s2,-inf,40.0
a,0.8,60,0.75,skip,26,0.346,1.326,0.446,0.009,0.2,12.7,2.19,1.0,0.03,0.57,1.904,0.906,26,0.009,15,0.163,11,-0.201,26,1.547,0.694,0.123,0.36,0.87,h5s2,-inf,10.0
a,0.5,60,0.75,skip,52,0.25,0.692,-0.509,-0.253,-13.1,16.3,2.07,1.0,-1.2,-1.16,1.163,0.354,52,-0.253,29,-0.032,23,-0.531,52,0.978,-0.032,0.001,0.0,-0.07,h5s2,-inf,40.0
a,0.3,60,3.0,skip,33,0.394,0.964,-0.064,-0.091,-3.0,11.8,3.44,1.0,-0.43,-0.09,0.417,1.949,33,-0.091,22,-0.09,11,-0.094,33,1.302,0.45,0.064,0.3,0.6,h5s2,-inf,40.0
a,0.8,60,3.0,clamp,58,0.362,0.604,-0.976,-0.281,-16.3,16.3,3.81,1.0,-1.9,-1.71,0.802,0.461,58,-0.281,37,-0.078,21,-0.638,58,0.739,-0.59,-0.171,-1.14,-1.01,h5s2,-inf,40.0
a,0.5,30,2.0,skip,47,0.234,0.439,-0.976,-0.39,-18.3,18.3,2.57,1.0,-2.44,-2.2,0.494,0.386,47,-0.39,33,-0.415,14,-0.33,47,0.673,-0.486,-0.185,-1.06,-1.03,h5s1,-inf,
a,0.8,60,1.5,none,58,0.276,0.617,-0.731,-0.381,-22.1,22.1,2.86,1.0,-2.17,-1.55,0.918,0.397,49,-0.468,37,-0.151,21,-0.788,58,0.72,-0.504,-0.294,-1.63,-1.04,h5s2,-inf,40.0
a,0.8,60,1.5,clamp,58,0.259,0.588,-0.787,-0.384,-22.3,22.3,2.61,1.0,-2.14,-1.71,0.936,0.344,58,-0.384,37,-0.164,21,-0.772,58,0.687,-0.562,-0.294,-1.59,-1.19,h5s2,-inf,40.0
a,0.8,60,0.75,clamp,58,0.207,0.857,-0.185,-0.194,-11.2,16.5,1.57,1.0,-0.71,-0.45,1.314,0.508,28,-0.114,37,0.121,21,-0.749,58,1.089,0.101,0.001,0.0,0.24,h5s2,-inf,40.0
a,0.8,60,3.0,none,58,0.379,0.596,-1.046,-0.28,-16.2,16.4,5.73,1.0,-2.23,-1.72,0.796,0.461,16,-0.388,37,-0.087,21,-0.62,58,0.734,-0.631,-0.183,-1.44,-1.01,h5s2,-inf,40.0
a,0.5,60,0.75,skip,47,0.319,1.062,0.1,0.056,2.6,6.6,2.27,1.0,0.2,0.17,1.283,0.882,47,0.056,26,0.266,21,-0.205,47,1.398,0.556,0.265,0.93,0.93,h5s2,-inf,10.0
c,0.5,60,2.0,skip,54,0.259,0.397,-1.146,-0.429,-23.2,29.2,2.54,1.0,-2.74,-2.98,0.364,0.43,54,-0.429,26,-0.762,28,-0.119,54,0.512,-0.826,-0.303,-1.87,-2.09,h5s1,-inf,
c,0.5,25,2.0,skip,57,0.281,0.536,-0.661,-0.262,-14.9,21.0,2.56,1.0,-2.0,-1.9,0.675,0.388,57,-0.262,28,-0.477,29,-0.054,57,0.862,-0.154,-0.061,-0.45,-0.44,h5s1,-inf,
c,0.5,30,2.0,skip,57,0.316,0.634,-0.556,-0.239,-13.6,19.6,2.56,1.0,-1.57,-1.3,0.732,0.512,57,-0.239,28,-0.605,29,0.114,57,0.954,-0.059,-0.033,-0.21,-0.13,h5s1,-inf,
a,0.5,25,2.0,skip,47,0.298,0.482,-0.809,-0.328,-15.4,16.2,2.57,1.0,-2.31,-2.11,0.449,0.515,47,-0.328,33,-0.296,14,-0.403,47,0.734,-0.349,-0.144,-0.97,-0.88,h5s1,-inf,
c,0.5,45,2.0,skip,56,0.339,0.633,-0.571,-0.217,-12.1,22.1,2.57,1.0,-1.36,-1.41,0.522,0.765,56,-0.217,27,-0.488,29,0.036,56,0.87,-0.172,-0.061,-0.37,-0.42,h5s1,-inf,
a,0.5,45,2.0,skip,47,0.319,0.502,-0.919,-0.334,-15.7,18.5,2.57,1.0,-1.88,-2.02,0.352,0.644,47,-0.334,33,-0.25,14,-0.53,47,0.667,-0.541,-0.184,-1.01,-1.16,h5s1,-inf,
a,0.5,60,2.0,skip,45,0.267,0.579,-0.818,-0.292,-13.1,20.9,2.55,1.0,-1.37,-1.55,0.276,0.86,45,-0.292,31,-0.12,14,-0.672,45,0.683,-0.575,-0.19,-0.87,-1.06,h5s1,-inf,
a,0.8,60,1.5,skip,41,0.244,0.381,-1.157,-0.515,-21.1,21.1,2.37,1.0,-2.82,-2.59,0.405,0.362,41,-0.515,24,-0.509,17,-0.524,41,0.552,-0.763,-0.334,-1.67,-1.57,h5s2,-inf,10.0
