tf,k,conf,tp,tmax,tr_n,tr_wr,tr_pf,tr_avg_pts,tr_avg_R,tr_sum_R,tr_maxdd_R,tr_avg_risk,tr_tpd,tr_t,tr_pf_h1,tr_pf_h2,tr_fe_n,tr_fe_avgR,rank_t
5,2.0,back50,R1.5,60,92,0.511,1.431,1.204,0.107,9.9,5.1,7.3,1.15,0.97,1.123,1.708,29.0,0.184,0.97
15,2.0,back25,R1.5,30,69,0.493,1.281,0.775,-0.035,-2.4,7.8,9.07,1.19,-0.35,0.696,1.772,12.0,-0.125,-0.35
5,2.0,back50,R1,60,92,0.511,1.143,0.4,-0.036,-3.3,10.2,7.3,1.15,-0.39,0.764,1.483,29.0,0.006,-0.39
5,2.0,back50,R1.5,30,92,0.457,0.983,-0.045,-0.044,-4.0,6.0,7.3,1.15,-0.47,0.867,1.082,29.0,0.099,-0.47
5,2.0,nofail,R1.5,60,139,0.424,1.372,0.884,-0.053,-7.3,20.5,5.42,1.38,-0.55,1.0,1.71,59.0,-0.17,-0.55
15,2.5,opp,R1.5,60,118,0.424,1.428,1.13,-0.065,-7.7,21.4,5.77,1.15,-0.62,0.888,1.916,47.0,-0.4,-0.62
15,2.0,back25,R1,30,69,0.493,1.174,0.48,-0.079,-5.5,9.3,9.07,1.19,-0.85,0.664,1.601,12.0,-0.241,-0.85
15,2.5,opp,R1,60,118,0.5,1.297,0.709,-0.078,-9.2,17.2,5.77,1.15,-0.88,0.921,1.602,47.0,-0.403,-0.88
5,2.0,nofail,R1.5,30,139,0.417,1.247,0.549,-0.081,-11.3,21.5,5.42,1.38,-0.91,0.98,1.443,59.0,-0.177,-0.91
5,2.0,nofail,r50,60,76,0.526,1.014,0.017,-0.112,-8.5,12.3,3.21,1.13,-0.92,1.482,0.808,44.0,-0.222,-0.92
15,2.5,opp,R1.5,30,118,0.424,1.294,0.762,-0.093,-11.0,21.9,5.77,1.15,-0.93,0.797,1.699,47.0,-0.372,-0.93
5,2.5,back25,R1.5,60,99,0.434,0.934,-0.221,-0.101,-10.0,15.6,6.61,1.24,-0.94,0.889,0.966,31.0,-0.027,-0.94
15,2.0,back25,R1,60,69,0.493,1.266,0.872,-0.101,-7.0,8.9,9.07,1.19,-0.96,0.871,1.542,12.0,-0.375,-0.96
5,2.0,nofail,r50,30,76,0.513,0.94,-0.08,-0.124,-9.4,13.2,3.21,1.13,-1.02,1.201,0.808,44.0,-0.222,-1.02
15,2.0,nofail,R1.5,30,85,0.4,1.086,0.21,-0.105,-8.9,13.5,7.17,1.23,-1.04,0.791,1.293,26.0,-0.242,-1.04
15,2.5,opp,r50,30,113,0.398,1.056,0.146,-0.123,-13.8,24.3,5.5,1.14,-1.1,0.841,1.218,47.0,-0.415,-1.1
15,2.5,opp,r50,60,113,0.398,1.104,0.278,-0.136,-15.4,24.5,5.5,1.14,-1.18,0.816,1.353,47.0,-0.488,-1.18
15,2.5,opp,r38,30,101,0.436,0.867,-0.329,-0.129,-13.0,17.3,5.03,1.11,-1.18,0.801,0.912,46.0,-0.274,-1.18
15,2.0,nofail,R1.5,60,85,0.4,1.137,0.404,-0.14,-11.9,17.8,7.17,1.23,-1.26,1.0,1.231,26.0,-0.246,-1.26
5,2.0,back25,R1.5,60,242,0.421,0.919,-0.236,-0.089,-21.7,32.7,5.56,1.5,-1.27,0.839,0.981,100.0,-0.05,-1.27
5,2.5,back25,R1,60,99,0.485,0.903,-0.304,-0.119,-11.8,14.9,6.61,1.24,-1.27,0.803,0.971,31.0,-0.191,-1.27
15,2.5,opp,R1,30,118,0.483,1.15,0.364,-0.11,-12.9,19.1,5.77,1.15,-1.27,0.838,1.385,47.0,-0.396,-1.27
5,2.0,back50,R1,30,92,0.457,0.904,-0.26,-0.107,-9.9,11.6,7.3,1.15,-1.3,0.674,1.099,29.0,-0.036,-1.3
15,2.5,opp,r38,60,101,0.446,0.898,-0.249,-0.143,-14.4,18.8,5.03,1.11,-1.32,0.753,1.011,46.0,-0.315,-1.32
5,2.0,back25,r50,60,75,0.653,0.533,-0.84,-0.109,-8.2,8.5,4.26,1.12,-1.4,0.89,0.398,43.0,-0.034,-1.4
15,2.0,nofail,r50,30,61,0.393,0.881,-0.28,-0.193,-11.8,11.8,5.84,1.24,-1.4,1.134,0.717,24.0,-0.321,-1.4
15,2.0,back25,R1.5,60,69,0.42,1.086,0.3,-0.158,-10.9,13.5,9.07,1.19,-1.41,0.734,1.333,12.0,-0.283,-1.41
15,2.0,nofail,R1,30,85,0.424,1.041,0.095,-0.131,-11.2,12.6,7.17,1.23,-1.46,0.816,1.184,26.0,-0.283,-1.46
15,2.0,nofail,r50,60,61,0.41,0.886,-0.293,-0.209,-12.8,13.3,5.84,1.24,-1.48,0.904,0.871,24.0,-0.361,-1.48
15,2.0,nofail,R1,60,85,0.459,1.129,0.353,-0.145,-12.3,14.1,7.17,1.23,-1.49,0.945,1.247,26.0,-0.271,-1.49
5,2.0,back25,r50,30,75,0.64,0.521,-0.871,-0.12,-9.0,9.3,4.26,1.12,-1.54,0.89,0.383,43.0,-0.052,-1.54
15,2.5,none,r50,30,123,0.244,0.895,-0.216,-0.272,-33.5,43.2,3.44,1.15,-1.67,0.763,0.983,61.0,-0.104,-1.67
5,2.0,nofail,R1,60,139,0.468,1.024,0.055,-0.138,-19.2,24.6,5.42,1.38,-1.77,0.741,1.278,59.0,-0.168,-1.77
5,2.0,nofail,R1,30,139,0.46,1.0,0.0,-0.134,-18.6,22.4,5.42,1.38,-1.81,0.836,1.118,59.0,-0.156,-1.81
15,2.0,opp,r50,60,246,0.362,0.899,-0.252,-0.16,-39.4,63.0,4.49,1.56,-1.85,0.702,1.06,131.0,-0.324,-1.85
15,2.0,opp,r50,30,246,0.362,0.859,-0.343,-0.16,-39.4,61.0,4.49,1.56,-1.9,0.675,1.003,131.0,-0.311,-1.9
5,2.5,back25,R1,30,99,0.414,0.75,-0.733,-0.167,-16.5,18.5,6.61,1.24,-1.95,0.643,0.822,31.0,-0.263,-1.95
5,2.5,back25,R1.5,30,99,0.364,0.738,-0.837,-0.189,-18.7,22.4,6.61,1.24,-1.97,0.621,0.818,31.0,-0.154,-1.97
15,2.5,none,r50,60,123,0.244,0.942,-0.122,-0.319,-39.2,50.9,3.44,1.15,-1.97,0.675,1.138,61.0,-0.134,-1.97
15,2.5,none,R1.5,60,123,0.358,1.207,0.385,-0.219,-26.9,41.6,3.44,1.15,-2.02,0.764,1.596,61.0,-0.056,-2.02
5,2.0,back25,R1.5,30,242,0.388,0.784,-0.594,-0.135,-32.6,41.4,5.56,1.5,-2.1,0.694,0.852,100.0,-0.087,-2.1
15,2.0,opp,r38,30,217,0.41,0.748,-0.551,-0.179,-38.8,49.7,4.09,1.51,-2.26,0.63,0.839,127.0,-0.267,-2.26
5,2.0,back25,R1,60,244,0.467,0.819,-0.499,-0.138,-33.7,40.1,5.56,1.52,-2.31,0.727,0.89,100.0,-0.151,-2.31
15,2.5,none,R1.5,30,123,0.333,1.016,0.03,-0.248,-30.6,42.8,3.44,1.15,-2.36,0.723,1.26,61.0,-0.06,-2.36
15,2.0,opp,r38,60,217,0.41,0.767,-0.51,-0.187,-40.6,53.3,4.09,1.51,-2.36,0.61,0.894,127.0,-0.284,-2.36
15,2.5,none,r38,30,116,0.241,0.673,-0.653,-0.35,-40.6,43.1,3.01,1.14,-2.37,0.537,0.769,60.0,-0.221,-2.37
15,2.5,none,R1,60,123,0.431,1.083,0.135,-0.225,-27.6,38.1,3.44,1.15,-2.38,0.814,1.292,61.0,-0.067,-2.38
5,3.0,opp,R1.5,60,111,0.369,0.604,-1.272,-0.251,-27.8,31.6,5.16,1.29,-2.48,0.693,0.549,48.0,-0.204,-2.48
5,3.0,opp,r50,60,96,0.385,0.585,-1.172,-0.275,-26.4,30.4,4.79,1.22,-2.51,0.684,0.53,46.0,-0.319,-2.51
15,2.0,none,r50,30,269,0.238,0.752,-0.496,-0.272,-73.3,87.6,2.92,1.62,-2.52,0.859,0.694,131.0,-0.074,-2.52
5,3.0,opp,R1,60,112,0.438,0.659,-1.022,-0.227,-25.4,26.2,5.17,1.3,-2.55,0.73,0.618,48.0,-0.263,-2.55
5,3.0,opp,r50,30,96,0.385,0.573,-1.207,-0.281,-27.0,31.0,4.79,1.22,-2.58,0.684,0.511,46.0,-0.319,-2.58
15,2.5,none,r38,60,116,0.25,0.695,-0.616,-0.375,-43.5,46.7,3.01,1.14,-2.58,0.495,0.846,60.0,-0.221,-2.58
5,3.0,opp,r38,30,68,0.412,0.562,-0.962,-0.311,-21.2,23.2,3.77,1.17,-2.66,0.576,0.553,40.0,-0.395,-2.66
5,3.0,opp,r38,60,68,0.412,0.562,-0.962,-0.311,-21.2,23.2,3.77,1.17,-2.66,0.576,0.553,40.0,-0.395,-2.66
15,2.5,none,R1,30,123,0.407,0.955,-0.073,-0.248,-30.5,38.4,3.44,1.15,-2.68,0.748,1.11,61.0,-0.075,-2.68
15,2.0,opp,R1.5,60,259,0.378,1.007,0.019,-0.186,-48.1,62.9,4.76,1.57,-2.7,0.78,1.185,129.0,-0.343,-2.7
15,2.0,none,r38,30,257,0.268,0.684,-0.561,-0.282,-72.6,90.1,2.62,1.59,-2.74,0.623,0.722,130.0,-0.171,-2.74
5,3.0,opp,R1.5,30,111,0.378,0.575,-1.329,-0.265,-29.4,33.9,5.16,1.29,-2.74,0.513,0.61,48.0,-0.2,-2.74
15,2.0,opp,R1.5,30,259,0.386,0.972,-0.07,-0.189,-48.9,62.6,4.76,1.57,-2.84,0.778,1.112,129.0,-0.342,-2.84
15,2.0,none,r50,60,269,0.234,0.775,-0.454,-0.306,-82.2,95.9,2.92,1.62,-2.86,0.807,0.756,131.0,-0.088,-2.86
5,2.0,back25,R1,30,244,0.43,0.719,-0.729,-0.159,-38.9,44.2,5.56,1.52,-2.86,0.619,0.794,100.0,-0.167,-2.86
15,2.0,none,r38,60,257,0.272,0.695,-0.544,-0.294,-75.5,91.3,2.62,1.59,-2.87,0.597,0.759,130.0,-0.171,-2.87
5,3.0,opp,R1,30,112,0.429,0.6,-1.181,-0.254,-28.4,29.2,5.17,1.3,-2.96,0.672,0.558,48.0,-0.263,-2.96
15,2.0,opp,R1,60,261,0.452,0.897,-0.245,-0.186,-48.6,57.3,4.74,1.58,-3.18,0.777,0.981,131.0,-0.328,-3.18
5,2.5,opp,R1.5,60,254,0.374,0.765,-0.642,-0.226,-57.5,62.3,4.55,1.63,-3.31,0.699,0.809,127.0,-0.298,-3.31
5,2.5,opp,R1,60,258,0.457,0.763,-0.584,-0.199,-51.3,52.0,4.53,1.65,-3.39,0.676,0.818,130.0,-0.265,-3.39
5,3.0,none,r38,60,112,0.179,0.388,-1.064,-0.525,-58.8,59.2,2.07,1.29,-3.4,0.536,0.31,66.0,-0.679,-3.4
5,3.0,none,r38,30,112,0.179,0.388,-1.064,-0.525,-58.8,59.2,2.07,1.29,-3.4,0.536,0.31,66.0,-0.679,-3.4
15,2.0,opp,R1,30,261,0.444,0.838,-0.383,-0.201,-52.4,59.5,4.74,1.58,-3.5,0.751,0.896,131.0,-0.33,-3.5
5,2.5,opp,R1.5,30,254,0.374,0.72,-0.75,-0.236,-60.1,63.4,4.55,1.63,-3.56,0.613,0.788,127.0,-0.296,-3.56
5,2.5,opp,r38,60,168,0.458,0.644,-0.579,-0.26,-43.7,44.0,3.21,1.39,-3.57,0.563,0.708,104.0,-0.31,-3.57
5,2.5,opp,r38,30,168,0.458,0.644,-0.579,-0.26,-43.7,44.0,3.21,1.39,-3.57,0.563,0.708,104.0,-0.31,-3.57
5,2.5,opp,r50,60,220,0.409,0.653,-0.75,-0.255,-56.0,59.3,3.87,1.51,-3.58,0.586,0.698,126.0,-0.278,-3.58
5,3.0,none,r50,60,117,0.154,0.464,-0.996,-0.567,-66.4,67.1,2.31,1.31,-3.8,0.574,0.398,66.0,-0.674,-3.8
5,2.5,opp,R1,30,258,0.446,0.709,-0.707,-0.219,-56.4,57.2,4.53,1.65,-3.83,0.643,0.75,130.0,-0.28,-3.83
5,2.5,opp,r50,30,220,0.4,0.634,-0.794,-0.271,-59.7,63.0,3.87,1.51,-3.86,0.569,0.678,126.0,-0.303,-3.86
15,2.0,none,R1.5,60,270,0.333,0.841,-0.298,-0.284,-76.8,93.0,2.97,1.62,-3.88,0.697,0.941,131.0,-0.154,-3.88
5,3.0,none,r50,30,117,0.145,0.433,-1.054,-0.58,-67.8,68.6,2.31,1.31,-3.91,0.492,0.398,66.0,-0.674,-3.91
15,2.0,none,R1.5,30,270,0.322,0.74,-0.486,-0.305,-82.4,96.5,2.97,1.62,-4.24,0.653,0.799,131.0,-0.164,-4.24
5,3.0,none,R1.5,60,119,0.252,0.459,-0.984,-0.488,-58.1,59.2,2.34,1.34,-4.49,0.568,0.395,67.0,-0.558,-4.49
5,3.0,none,R1.5,30,119,0.252,0.438,-0.989,-0.486,-57.9,59.0,2.34,1.34,-4.51,0.482,0.411,67.0,-0.547,-4.51
5,2.5,none,r50,60,265,0.192,0.544,-0.709,-0.454,-120.3,121.1,2.03,1.68,-4.52,0.589,0.516,131.0,-0.524,-4.52
5,2.5,none,r38,60,255,0.22,0.479,-0.758,-0.445,-113.5,113.8,1.84,1.65,-4.62,0.492,0.47,129.0,-0.515,-4.62
5,2.5,none,r38,30,255,0.22,0.479,-0.758,-0.445,-113.5,113.8,1.84,1.65,-4.62,0.492,0.47,129.0,-0.515,-4.62
5,2.5,none,r50,30,265,0.189,0.524,-0.74,-0.465,-123.2,124.0,2.03,1.68,-4.66,0.546,0.51,131.0,-0.524,-4.66
15,2.0,none,R1,60,270,0.4,0.709,-0.495,-0.301,-81.2,87.2,2.97,1.62,-4.69,0.683,0.725,131.0,-0.188,-4.69
5,3.0,none,R1,30,119,0.303,0.415,-0.978,-0.478,-56.8,57.5,2.34,1.34,-4.71,0.449,0.394,67.0,-0.495,-4.71
5,3.0,none,R1,60,119,0.303,0.404,-1.022,-0.481,-57.3,57.9,2.34,1.34,-4.74,0.449,0.378,67.0,-0.495,-4.74
15,2.0,none,R1,30,270,0.393,0.653,-0.593,-0.31,-83.7,88.7,2.97,1.62,-4.88,0.66,0.65,131.0,-0.186,-4.88
5,2.0,opp,R1.5,60,600,0.362,0.735,-0.622,-0.243,-145.8,148.9,3.78,2.62,-5.45,0.688,0.767,346.0,-0.267,-5.45
5,2.5,none,R1.5,30,270,0.311,0.641,-0.51,-0.391,-105.6,106.7,2.09,1.71,-5.61,0.52,0.725,133.0,-0.414,-5.61
5,2.5,none,R1.5,60,270,0.311,0.645,-0.517,-0.394,-106.3,107.4,2.09,1.71,-5.63,0.563,0.701,133.0,-0.419,-5.63
5,2.0,opp,R1.5,30,600,0.362,0.695,-0.695,-0.247,-148.3,151.4,3.78,2.62,-5.68,0.631,0.738,346.0,-0.257,-5.68
5,2.0,opp,R1,60,606,0.437,0.706,-0.62,-0.239,-144.6,147.4,3.78,2.65,-6.31,0.649,0.744,349.0,-0.273,-6.31
5,2.0,opp,r50,60,526,0.413,0.633,-0.66,-0.28,-147.4,148.6,3.27,2.38,-6.33,0.702,0.591,333.0,-0.269,-6.33
5,2.0,opp,r50,30,526,0.411,0.628,-0.669,-0.284,-149.4,150.6,3.27,2.38,-6.45,0.687,0.591,333.0,-0.273,-6.45
5,2.5,none,R1,30,270,0.359,0.533,-0.626,-0.407,-109.9,110.6,2.09,1.71,-6.51,0.473,0.574,133.0,-0.402,-6.51
5,2.5,none,R1,60,270,0.359,0.522,-0.654,-0.41,-110.8,111.5,2.09,1.71,-6.56,0.473,0.554,133.0,-0.402,-6.56
5,2.0,opp,R1,30,606,0.431,0.669,-0.681,-0.244,-148.1,150.9,3.78,2.65,-6.6,0.622,0.7,349.0,-0.27,-6.6
5,2.0,opp,r38,30,406,0.438,0.532,-0.707,-0.315,-128.0,128.6,2.78,2.0,-6.88,0.498,0.557,270.0,-0.307,-6.88
5,2.0,opp,r38,60,406,0.438,0.532,-0.707,-0.315,-128.0,128.6,2.78,2.0,-6.88,0.498,0.557,270.0,-0.307,-6.88
5,2.0,none,r50,60,620,0.206,0.533,-0.634,-0.491,-304.5,307.3,1.78,2.72,-8.21,0.597,0.49,264.0,-0.564,-8.21
5,2.0,none,r50,30,620,0.205,0.523,-0.647,-0.496,-307.4,310.2,1.78,2.72,-8.32,0.572,0.49,264.0,-0.564,-8.32
5,2.0,none,r38,60,596,0.24,0.48,-0.645,-0.483,-288.1,290.0,1.61,2.63,-8.52,0.487,0.475,255.0,-0.512,-8.52
5,2.0,none,r38,30,596,0.24,0.48,-0.645,-0.483,-288.1,290.0,1.61,2.63,-8.52,0.487,0.475,255.0,-0.512,-8.52
5,2.0,none,R1.5,30,632,0.304,0.597,-0.519,-0.444,-280.6,283.1,1.87,2.76,-10.28,0.561,0.621,266.0,-0.447,-10.28
5,2.0,none,R1.5,60,632,0.302,0.603,-0.515,-0.445,-281.5,284.0,1.87,2.76,-10.29,0.574,0.623,266.0,-0.454,-10.29
5,2.0,none,R1,30,633,0.365,0.538,-0.543,-0.439,-277.7,280.6,1.87,2.76,-11.36,0.509,0.557,267.0,-0.392,-11.36
5,2.0,none,R1,60,633,0.365,0.533,-0.55,-0.439,-278.2,281.1,1.87,2.76,-11.38,0.5,0.554,267.0,-0.392,-11.38
15,3.0,nofail,R1.5,30,15,0.467,2.48,2.098,0.132,2.0,2.1,11.65,1.07,0.61,2.511,2.463,3.0,-0.728,-inf
15,2.5,nofail,R1,60,39,0.538,1.974,2.342,0.006,0.2,5.2,9.07,1.08,0.04,1.27,2.558,10.0,-0.304,-inf
15,2.5,nofail,r38,30,19,0.316,0.485,-1.35,-0.202,-3.8,4.3,4.79,1.06,-0.71,1.042,0.154,8.0,-0.678,-inf
15,2.5,nofail,r38,60,19,0.368,0.506,-1.476,-0.216,-4.1,5.7,4.79,1.06,-0.74,0.631,0.398,8.0,-0.678,-inf
15,2.5,nofail,r50,30,28,0.429,1.229,0.46,-0.16,-4.5,7.1,7.44,1.12,-0.83,1.813,0.875,9.0,-0.518,-inf
15,2.5,nofail,r50,60,28,0.464,1.218,0.518,-0.174,-4.9,6.1,7.44,1.12,-0.86,1.099,1.33,9.0,-0.625,-inf
15,2.5,nofail,R1,30,39,0.487,1.61,1.288,-0.013,-0.5,5.4,9.07,1.08,-0.1,1.212,1.849,10.0,-0.207,-inf
15,2.5,nofail,R1.5,60,39,0.513,1.969,2.469,0.073,2.9,5.4,9.07,1.08,0.44,1.256,2.638,10.0,-0.12,-inf
15,2.5,nofail,R1.5,30,39,0.462,1.595,1.339,0.031,1.2,5.3,9.07,1.08,0.21,1.074,1.963,10.0,-0.023,-inf
15,2.5,back50,R1.5,30,3,0.333,0.236,-2.592,-0.285,-0.9,0.9,12.51,1.0,-1.28,0.0,0.374,0.0,,-inf
15,3.0,none,r38,30,51,0.216,0.666,-0.718,-0.302,-15.4,15.9,3.08,1.04,-1.17,1.083,0.485,27.0,-0.229,-inf
15,3.0,none,r38,60,51,0.235,0.742,-0.542,-0.288,-14.7,15.2,3.08,1.04,-1.12,1.083,0.59,27.0,-0.229,-inf
15,3.0,none,r50,30,53,0.208,0.902,-0.209,-0.285,-15.1,15.1,3.91,1.06,-1.02,1.398,0.681,27.0,-0.232,-inf
15,3.0,none,r50,60,53,0.226,1.079,0.167,-0.289,-15.3,16.9,3.91,1.06,-1.02,1.456,0.906,27.0,-0.211,-inf
15,2.5,back50,R1.5,60,3,0.333,0.282,-3.573,-0.402,-1.2,1.2,12.51,1.0,-1.1,0.0,0.397,0.0,,-inf
15,2.5,back50,R1,60,3,0.333,0.282,-3.573,-0.402,-1.2,1.2,12.51,1.0,-1.1,0.0,0.397,0.0,,-inf
15,3.0,none,R1,60,53,0.434,1.444,0.675,-0.233,-12.4,14.8,3.91,1.06,-1.69,1.426,1.452,27.0,-0.21,-inf
15,2.5,back50,R1,30,3,0.333,0.236,-2.592,-0.285,-0.9,0.9,12.51,1.0,-1.28,0.0,0.374,0.0,,-inf
15,2.5,back50,r50,60,0,,,,,,,,,,,,,,-inf
15,2.5,back50,r50,30,0,,,,,,,,,,,,,,-inf
15,2.5,back50,r38,60,0,,,,,,,,,,,,,,-inf
15,2.5,back50,r38,30,0,,,,,,,,,,,,,,-inf
15,2.5,back25,R1.5,60,31,0.484,1.741,2.379,-0.058,-1.8,4.5,12.1,1.07,-0.37,0.939,2.347,5.0,-0.495,-inf
15,2.5,back25,R1.5,30,31,0.516,1.495,1.485,-0.069,-2.1,5.0,12.1,1.07,-0.51,0.505,2.35,5.0,-0.341,-inf
15,2.5,back25,R1,60,31,0.548,2.049,3.324,-0.004,-0.1,4.2,12.1,1.07,-0.03,1.079,2.799,5.0,-0.587,-inf
15,2.5,back25,R1,30,31,0.516,1.463,1.387,-0.086,-2.7,5.0,12.1,1.07,-0.66,0.542,2.257,5.0,-0.433,-inf
15,2.5,back25,r50,60,14,0.571,1.386,0.957,-0.159,-2.2,3.8,9.94,1.0,-0.8,0.422,2.806,5.0,-0.683,-inf
15,2.5,back25,r50,30,14,0.571,1.512,1.163,-0.104,-1.5,3.1,9.94,1.0,-0.56,0.457,3.098,5.0,-0.529,-inf
15,2.5,back25,r38,60,1,1.0,inf,6.204,0.345,0.3,0.0,17.96,1.0,,,,,,-inf
15,2.5,back25,r38,30,1,1.0,inf,6.204,0.345,0.3,0.0,17.96,1.0,,,,,,-inf
15,3.0,none,R1,30,53,0.396,1.141,0.226,-0.269,-14.2,15.5,3.91,1.06,-1.99,1.036,1.188,27.0,-0.21,-inf
15,3.0,none,R1.5,30,53,0.377,1.379,0.638,-0.168,-8.9,10.9,3.91,1.06,-1.07,1.587,1.291,27.0,-0.042,-inf
15,3.0,nofail,R1,60,15,0.6,3.944,4.382,0.08,1.2,1.2,11.65,1.07,0.39,2.781,4.606,3.0,-1.049,-inf
15,3.0,back25,R1.5,60,14,0.429,2.148,3.28,-0.048,-0.7,1.7,13.7,1.0,-0.22,0.714,2.737,4.0,-0.356,-inf
15,3.0,nofail,R1,30,15,0.467,2.155,1.637,0.01,0.2,2.1,11.65,1.07,0.06,1.633,2.434,3.0,-0.728,-inf
15,3.0,nofail,r50,60,11,0.455,1.943,1.983,-0.018,-0.2,3.3,7.56,1.1,-0.04,3.266,1.19,3.0,-1.049,-inf
15,3.0,nofail,r50,30,11,0.364,1.778,1.404,0.009,0.1,4.0,7.56,1.1,0.02,5.595,0.529,3.0,-0.728,-inf
15,3.0,nofail,r38,60,8,0.5,1.243,0.555,0.33,2.6,1.8,5.33,1.0,0.56,1.897,0.725,2.0,-1.053,-inf
15,3.0,nofail,r38,30,8,0.375,0.998,-0.004,0.292,2.3,2.1,5.33,1.0,0.5,1.897,0.301,2.0,-1.053,-inf
15,3.0,back50,R1.5,60,1,0.0,0.0,-4.333,-0.437,-0.4,0.4,9.91,1.0,,,,,,-inf
15,3.0,back50,R1.5,30,1,0.0,0.0,-3.757,-0.379,-0.4,0.4,9.91,1.0,,,,,,-inf
15,3.0,back50,R1,60,1,0.0,0.0,-4.333,-0.437,-0.4,0.4,9.91,1.0,,,,,,-inf
15,3.0,back50,R1,30,1,0.0,0.0,-3.757,-0.379,-0.4,0.4,9.91,1.0,,,,,,-inf
15,3.0,back50,r50,60,0,,,,,,,,,,,,,,-inf
15,3.0,back50,r50,30,0,,,,,,,,,,,,,,-inf
15,3.0,back50,r38,60,0,,,,,,,,,,,,,,-inf
15,3.0,back50,r38,30,0,,,,,,,,,,,,,,-inf
15,3.0,back25,R1.5,30,14,0.5,1.486,1.39,-0.069,-1.0,1.6,13.7,1.0,-0.35,0.748,1.793,4.0,-0.249,-inf
15,3.0,opp,r38,30,48,0.396,0.652,-1.107,-0.202,-9.7,12.3,6.08,1.02,-1.3,0.567,0.7,19.0,-0.45,-inf
15,3.0,back25,R1,60,14,0.571,2.715,4.741,0.062,0.9,1.7,13.7,1.0,0.27,1.281,3.244,4.0,-0.471,-inf
15,3.0,back25,R1,30,14,0.5,1.445,1.273,-0.101,-1.4,2.1,13.7,1.0,-0.55,0.609,1.793,4.0,-0.364,-inf
15,3.0,back25,r50,60,9,0.556,1.582,1.284,-0.13,-1.2,2.4,8.63,1.0,-0.5,0.123,3.035,4.0,-0.592,-inf
15,3.0,back25,r50,30,9,0.556,1.717,1.458,-0.082,-0.7,1.9,8.63,1.0,-0.33,0.146,3.035,4.0,-0.484,-inf
15,3.0,back25,r38,60,1,1.0,inf,6.204,0.345,0.3,0.0,17.96,1.0,,,,,,-inf
15,3.0,back25,r38,30,1,1.0,inf,6.204,0.345,0.3,0.0,17.96,1.0,,,,,,-inf
15,3.0,opp,R1.5,60,53,0.434,1.478,1.402,-0.073,-3.8,11.8,6.89,1.06,-0.48,0.994,1.783,19.0,-0.583,-inf
15,3.0,opp,R1.5,30,53,0.415,1.258,0.775,-0.129,-6.8,14.0,6.89,1.06,-0.89,0.601,1.626,19.0,-0.583,-inf
15,3.0,opp,R1,60,53,0.509,1.377,1.042,-0.069,-3.6,11.2,6.89,1.06,-0.52,1.076,1.539,19.0,-0.474,-inf
15,3.0,opp,R1,30,53,0.472,1.118,0.343,-0.123,-6.5,11.9,6.89,1.06,-0.95,0.788,1.287,19.0,-0.474,-inf
15,3.0,opp,r50,60,53,0.396,1.075,0.231,-0.114,-6.0,12.9,6.89,1.06,-0.65,0.958,1.144,19.0,-0.595,-inf
15,3.0,opp,r50,30,53,0.396,0.956,-0.137,-0.136,-7.2,13.2,6.89,1.06,-0.81,0.881,0.995,19.0,-0.586,-inf
15,3.0,opp,r38,60,48,0.417,0.697,-0.948,-0.203,-9.8,12.4,6.08,1.02,-1.3,0.527,0.807,19.0,-0.45,-inf
15,3.0,none,R1.5,60,53,0.415,1.872,1.395,-0.123,-6.5,10.2,3.91,1.06,-0.76,2.029,1.81,27.0,-0.042,-inf
5,3.0,back50,r50,30,0,,,,,,,,,,,,,,-inf
5,3.0,back50,r50,60,0,,,,,,,,,,,,,,-inf
5,3.0,back25,R1.5,30,39,0.308,0.488,-1.875,-0.315,-12.3,13.6,7.09,1.15,-2.21,0.469,0.498,10.0,-0.136,-inf
15,2.0,back25,r38,60,4,0.5,1.362,0.478,-0.364,-1.5,2.1,6.5,1.0,-0.91,0.0,inf,3.0,-0.601,-inf
15,2.0,back25,r38,30,4,0.5,1.362,0.478,-0.364,-1.5,2.1,6.5,1.0,-0.91,0.0,inf,3.0,-0.601,-inf
5,2.5,nofail,r50,30,29,0.552,1.149,0.226,-0.014,-0.4,5.5,3.85,1.04,-0.07,1.115,1.168,16.0,-0.231,-inf
5,2.5,nofail,r50,60,29,0.586,1.352,0.48,0.017,0.5,5.5,3.85,1.04,0.09,1.115,1.506,16.0,-0.231,-inf
5,2.5,nofail,R1,30,51,0.431,0.967,-0.086,-0.111,-5.6,8.2,6.4,1.09,-0.89,0.631,1.179,18.0,-0.277,-inf
5,2.5,nofail,R1,60,51,0.451,0.908,-0.26,-0.14,-7.1,10.6,6.4,1.09,-1.06,0.551,1.174,18.0,-0.323,-inf
5,2.5,nofail,R1.5,30,51,0.412,1.187,0.492,-0.011,-0.6,5.9,6.4,1.09,-0.07,0.862,1.401,18.0,-0.24,-inf
5,2.5,nofail,R1.5,60,51,0.431,1.249,0.716,-0.003,-0.1,7.2,6.4,1.09,-0.02,0.768,1.622,18.0,-0.265,-inf
5,3.0,back25,r38,30,2,1.0,inf,0.707,0.256,0.5,0.0,2.71,1.0,5.85,inf,inf,2.0,0.256,-inf
5,3.0,back25,r38,60,2,1.0,inf,0.707,0.256,0.5,0.0,2.71,1.0,5.85,inf,inf,2.0,0.256,-inf
5,3.0,back25,r50,30,13,0.615,0.442,-1.729,-0.122,-1.6,2.6,6.01,1.0,-0.58,0.453,0.436,5.0,0.096,-inf
5,3.0,back25,r50,60,13,0.615,0.442,-1.729,-0.122,-1.6,2.6,6.01,1.0,-0.58,0.453,0.436,5.0,0.096,-inf
5,3.0,back25,R1,30,39,0.385,0.593,-1.322,-0.219,-8.5,9.9,7.09,1.15,-1.61,0.398,0.703,10.0,-0.201,-inf
5,3.0,back25,R1,60,39,0.462,0.821,-0.613,-0.186,-7.2,9.3,7.09,1.15,-1.23,0.674,0.919,10.0,-0.289,-inf
5,3.0,back25,R1.5,60,39,0.385,0.666,-1.24,-0.244,-9.5,11.3,7.09,1.15,-1.49,0.959,0.496,10.0,-0.101,-inf
5,2.0,back25,r38,30,11,0.727,0.816,-0.11,-0.037,-0.4,1.3,2.63,1.0,-0.23,0.88,0.793,9.0,0.039,-inf
5,3.0,back50,r38,30,0,,,,,,,,,,,,,,-inf
5,3.0,back50,r38,60,0,,,,,,,,,,,,,,-inf
5,3.0,nofail,R1.5,60,18,0.278,0.571,-1.57,-0.251,-4.5,4.9,6.89,1.06,-0.97,0.97,0.358,7.0,-0.368,-inf
5,3.0,nofail,R1.5,30,18,0.333,0.717,-0.927,-0.159,-2.9,3.8,6.89,1.06,-0.66,1.293,0.499,7.0,-0.305,-inf
5,3.0,nofail,R1,60,18,0.333,0.41,-2.091,-0.286,-5.1,5.1,6.89,1.06,-1.33,0.771,0.235,7.0,-0.25,-inf
5,3.0,nofail,R1,30,18,0.389,0.565,-1.373,-0.172,-3.1,3.9,6.89,1.06,-0.86,1.144,0.374,7.0,-0.133,-inf
5,3.0,nofail,r50,60,12,0.583,1.783,1.015,-0.012,-0.1,2.3,4.4,1.0,-0.04,0.962,2.345,7.0,-0.369,-inf
5,3.0,nofail,r50,30,12,0.5,1.241,0.401,-0.086,-1.0,2.8,4.4,1.0,-0.3,0.962,1.37,7.0,-0.369,-inf
5,3.0,nofail,r38,60,9,0.667,2.308,0.94,0.027,0.2,1.3,3.69,1.0,0.09,0.675,5.25,6.0,-0.271,-inf
5,3.0,nofail,r38,30,9,0.667,2.308,0.94,0.027,0.2,1.3,3.69,1.0,0.09,0.675,5.25,6.0,-0.271,-inf
5,3.0,back50,R1.5,60,10,0.3,0.238,-3.822,-0.371,-3.7,5.1,11.05,1.0,-1.45,0.742,0.0,0.0,,-inf
5,3.0,back50,R1.5,30,10,0.3,0.149,-3.686,-0.432,-4.3,4.3,11.05,1.0,-2.61,0.19,0.121,0.0,,-inf
5,3.0,back50,R1,60,10,0.3,0.186,-4.081,-0.419,-4.2,5.1,11.05,1.0,-1.9,0.581,0.0,0.0,,-inf
5,3.0,back50,R1,30,10,0.3,0.149,-3.686,-0.432,-4.3,4.3,11.05,1.0,-2.61,0.19,0.121,0.0,,-inf
15,2.0,back25,r50,30,32,0.562,0.874,-0.298,-0.182,-5.8,7.3,7.26,1.07,-1.47,0.408,1.326,12.0,-0.225,-inf
15,2.0,back25,r50,60,32,0.531,0.772,-0.608,-0.249,-8.0,9.5,7.26,1.07,-1.92,0.381,1.118,12.0,-0.289,-inf
5,2.5,nofail,r38,60,23,0.609,1.032,0.038,-0.086,-2.0,4.7,3.47,1.05,-0.48,0.782,1.175,13.0,-0.27,-inf
5,2.5,nofail,r38,30,23,0.609,1.032,0.038,-0.086,-2.0,4.7,3.47,1.05,-0.48,0.782,1.175,13.0,-0.27,-inf
5,2.0,back25,r38,60,11,0.727,0.816,-0.11,-0.037,-0.4,1.3,2.63,1.0,-0.23,0.88,0.793,9.0,0.039,-inf
5,2.0,back50,r38,30,0,,,,,,,,,,,,,,-inf
5,2.0,back50,r38,60,0,,,,,,,,,,,,,,-inf
5,2.0,back50,r50,30,0,,,,,,,,,,,,,,-inf
5,2.0,back50,r50,60,0,,,,,,,,,,,,,,-inf
5,2.0,nofail,r38,30,59,0.492,0.641,-0.403,-0.286,-16.9,17.9,2.54,1.09,-2.36,0.744,0.584,36.0,-0.371,-inf
5,2.0,nofail,r38,60,59,0.492,0.641,-0.403,-0.286,-16.9,17.9,2.54,1.09,-2.36,0.744,0.584,36.0,-0.371,-inf
5,2.5,back25,r38,30,5,1.0,inf,0.85,0.291,1.5,0.0,2.95,1.0,8.93,inf,inf,4.0,0.295,-inf
5,2.5,back25,r38,60,5,1.0,inf,0.85,0.291,1.5,0.0,2.95,1.0,8.93,inf,inf,4.0,0.295,-inf
5,2.5,back25,r50,30,33,0.606,0.4,-1.582,-0.155,-5.1,6.5,5.22,1.1,-1.27,0.476,0.371,15.0,0.004,-inf
5,2.5,back25,r50,60,33,0.636,0.416,-1.512,-0.131,-4.3,5.7,5.22,1.1,-1.07,0.476,0.394,15.0,0.056,-inf
5,2.5,back50,r38,30,0,,,,,,,,,,,,,,-inf
5,2.5,back50,r38,60,0,,,,,,,,,,,,,,-inf
5,2.5,back50,r50,30,0,,,,,,,,,,,,,,-inf
5,2.5,back50,r50,60,0,,,,,,,,,,,,,,-inf
5,2.5,back50,R1,30,36,0.444,0.674,-1.068,-0.177,-6.4,7.2,8.46,1.06,-1.38,0.47,0.824,8.0,-0.09,-inf
5,2.5,back50,R1,60,36,0.528,0.875,-0.408,-0.079,-2.9,4.6,8.46,1.06,-0.57,0.617,1.044,8.0,0.083,-inf
15,2.0,nofail,r38,60,41,0.39,0.591,-1.048,-0.206,-8.4,10.7,4.28,1.17,-1.16,0.992,0.379,19.0,-0.387,-inf
15,2.0,nofail,r38,30,41,0.366,0.578,-1.025,-0.206,-8.4,9.7,4.28,1.17,-1.17,1.359,0.264,19.0,-0.387,-inf
15,2.0,back50,R1.5,60,9,0.444,1.088,0.321,-0.02,-0.2,1.5,10.46,1.0,-0.06,1.102,1.078,0.0,,-inf
15,2.0,back50,R1.5,30,9,0.444,0.89,-0.279,-0.056,-0.5,1.9,10.46,1.0,-0.23,0.364,1.166,0.0,,-inf
15,2.0,back50,R1,60,9,0.444,0.835,-0.605,-0.129,-1.2,1.9,10.46,1.0,-0.47,0.73,0.91,0.0,,-inf
15,2.0,back50,R1,30,9,0.444,0.749,-0.636,-0.11,-1.0,1.9,10.46,1.0,-0.53,0.364,0.951,0.0,,-inf
15,2.0,back50,r50,60,0,,,,,,,,,,,,,,-inf
15,2.0,back50,r50,30,0,,,,,,,,,,,,,,-inf
15,2.0,back50,r38,60,0,,,,,,,,,,,,,,-inf
15,2.0,back50,r38,30,0,,,,,,,,,,,,,,-inf
5,2.5,back50,R1.5,30,36,0.444,0.767,-0.763,-0.116,-4.2,5.9,8.46,1.06,-0.78,0.669,0.839,8.0,0.087,-inf
5,2.5,back50,R1.5,60,36,0.528,1.095,0.313,0.041,1.5,4.1,8.46,1.06,0.25,0.917,1.212,8.0,0.26,-inf
15,3.0,nofail,R1.5,60,15,0.6,4.393,5.051,0.206,3.1,1.2,11.65,1.07,0.86,3.585,4.853,3.0,-1.049,-inf
