month,split,n,sum_R,avg_R,avg_pts,pf,wr
2025-01,0,2,0.7,0.366,1.301,2.151,0.5
2025-02,0,9,1.6,0.177,0.874,1.467,0.556
2025-03,0,11,0.7,0.061,0.708,1.331,0.455
2025-04,0,6,-1.1,-0.184,-0.581,0.906,0.333
2025-05,0,7,1.8,0.258,2.053,1.79,0.571
2025-06,0,11,1.0,0.091,0.415,1.154,0.455
2025-07,0,4,0.2,0.052,1.285,1.783,0.5
2025-08,0,10,6.2,0.62,3.271,4.428,0.8
2025-09,0,13,-3.9,-0.299,-2.236,0.461,0.385
2025-10,0,7,1.5,0.208,6.016,1.92,0.429
2025-11,0,6,2.6,0.425,3.486,2.084,0.667
2025-12,0,6,3.7,0.618,5.212,2.412,0.667
2026-01,1,9,0.3,0.038,1.662,1.239,0.444
2026-02,1,7,-2.9,-0.411,-14.645,0.197,0.286
2026-03,1,10,0.6,0.065,-5.976,0.55,0.4
2026-04,1,8,0.4,0.049,2.674,1.384,0.5
2026-05,1,9,2.0,0.228,0.908,1.158,0.556
