w,K,N,phi,beta,R,mode,tr_n,tr_wr,tr_pf,tr_avg_pts,tr_avg_R,tr_sum_R,tr_maxdd_R,tr_avg_risk,tr_tpd,tr_t,tr_pf_h1,tr_pf_h2,tr_fe_n,tr_fe_avgR,rank_t,fake,tr_n_twin,tr_wr_twin,tr_pf_twin,tr_avg_pts_twin,tr_avg_R_twin,tr_sum_R_twin,tr_maxdd_R_twin,tr_avg_risk_twin,tr_tpd_twin,tr_t_twin,tr_pf_h1_twin,tr_pf_h2_twin,tr_fe_n_twin,tr_fe_avgR_twin
1.0,6,30,1.0,0.2,5,a,393,0.524,1.228,0.503,0.042,16.4,21.1,6.05,1.93,0.89,0.904,1.571,116,-0.023,0.89,-1,615,0.41,0.759,-0.458,-0.194,-119.5,120.6,3.32,2.83,-4.66,0.716,0.798,424,-0.249
1.0,6,30,1.0,0.2,15,a,429,0.515,1.15,0.352,0.031,13.2,19.4,6.1,2.08,0.68,0.902,1.391,126,0.003,0.68,-1,687,0.41,0.758,-0.455,-0.19,-130.2,131.3,3.29,3.09,-4.81,0.702,0.809,479,-0.232
1.0,6,30,0.6,0.2,5,a,483,0.503,1.138,0.304,0.008,4.0,25.6,5.66,2.24,0.19,0.855,1.428,168,-0.074,0.19,-1,518,0.405,0.743,-0.469,-0.214,-110.7,112.6,3.12,2.47,-4.72,0.71,0.774,371,-0.265
1.0,6,30,1.0,0.0,5,b,237,0.506,1.066,0.161,0.011,2.6,12.8,6.66,1.66,0.18,0.966,1.149,63,0.198,0.18,-1,336,0.399,0.698,-0.62,-0.228,-76.5,76.5,3.48,1.99,-4.11,0.577,0.81,231,-0.3
1.0,6,20,1.0,0.2,5,a,407,0.482,1.087,0.197,0.006,2.6,19.8,5.64,2.06,0.13,1.007,1.155,144,0.052,0.13,-1,803,0.438,0.858,-0.254,-0.134,-107.2,111.3,3.27,3.45,-3.58,0.855,0.861,573,-0.191
1.0,6,30,1.0,0.2,5,b,211,0.502,1.12,0.289,0.008,1.7,15.6,6.55,1.57,0.12,1.241,1.032,56,0.018,0.12,-1,332,0.404,0.73,-0.536,-0.211,-70.1,71.1,3.45,1.85,-3.77,0.668,0.786,218,-0.32
1.0,6,20,0.6,0.2,5,a,536,0.487,1.084,0.184,0.003,1.4,18.8,5.3,2.43,0.06,1.013,1.143,222,-0.005,0.06,-1,672,0.424,0.824,-0.304,-0.163,-109.5,112.1,3.04,2.99,-3.98,0.817,0.83,500,-0.214
1.0,6,20,1.0,0.2,15,a,446,0.484,1.044,0.101,0.002,1.1,24.0,5.67,2.15,0.05,1.013,1.068,157,0.021,0.05,-1,905,0.435,0.845,-0.275,-0.144,-129.9,130.1,3.23,3.87,-4.12,0.811,0.874,653,-0.194
1.0,6,30,1.0,0.2,15,b,232,0.5,1.087,0.212,-0.006,-1.3,18.4,6.49,1.67,-0.09,1.217,0.993,62,-0.003,-0.09,-1,360,0.4,0.734,-0.528,-0.22,-79.1,80.1,3.45,1.98,-4.09,0.605,0.854,238,-0.329
1.0,6,30,1.0,0.0,5,a,450,0.507,1.055,0.13,-0.004,-1.7,22.0,6.23,2.2,-0.09,0.84,1.272,131,-0.052,-0.09,-1,636,0.404,0.716,-0.571,-0.215,-136.5,137.4,3.42,2.9,-5.27,0.641,0.787,435,-0.268
1.0,6,30,0.6,0.2,15,a,529,0.493,1.072,0.167,-0.005,-2.6,26.9,5.67,2.44,-0.12,0.855,1.276,188,-0.071,-0.12,-1,582,0.409,0.752,-0.446,-0.206,-119.7,121.5,3.09,2.69,-4.8,0.729,0.773,421,-0.241
1.0,6,20,0.6,0.2,15,a,587,0.486,1.044,0.099,-0.007,-4.3,28.4,5.3,2.6,-0.18,0.993,1.085,247,-0.029,-0.18,-1,766,0.424,0.817,-0.313,-0.166,-127.1,128.6,3.0,3.36,-4.35,0.797,0.834,575,-0.206
1.0,6,30,0.6,0.2,5,b,267,0.491,1.021,0.05,-0.016,-4.3,16.9,6.12,1.76,-0.28,1.109,0.954,80,-0.018,-0.28,-1,278,0.396,0.731,-0.516,-0.226,-63.0,64.0,3.24,1.71,-3.68,0.693,0.763,194,-0.34
1.0,6,30,1.0,0.0,15,b,253,0.494,0.992,-0.021,-0.018,-4.4,16.4,6.59,1.7,-0.31,0.865,1.102,67,0.182,-0.31,-1,356,0.393,0.684,-0.651,-0.241,-85.8,85.8,3.47,2.06,-4.5,0.554,0.804,244,-0.316
1.0,6,30,0.3,0.2,5,a,561,0.494,1.105,0.226,-0.014,-7.9,37.3,5.31,2.56,-0.34,0.845,1.367,224,-0.109,-0.34,-1,419,0.394,0.69,-0.56,-0.239,-100.3,102.1,3.0,2.13,-4.8,0.75,0.638,306,-0.277
1.0,6,30,1.0,0.2,15,c,645,0.476,0.999,-0.003,-0.013,-8.7,22.3,5.46,2.85,-0.35,0.924,1.061,272,0.001,-0.35,-1,1151,0.377,0.752,-0.399,-0.223,-256.9,259.4,2.57,4.9,-6.84,0.716,0.783,890,-0.227
1.0,6,30,1.0,0.0,15,a,471,0.497,1.017,0.041,-0.016,-7.5,22.4,6.22,2.28,-0.38,0.832,1.198,135,-0.059,-0.38,-1,676,0.407,0.715,-0.569,-0.207,-140.3,142.2,3.4,3.06,-5.26,0.656,0.768,466,-0.251
1.0,6,30,0.6,0.2,15,b,291,0.491,1.007,0.017,-0.023,-6.6,17.0,6.07,1.85,-0.41,1.104,0.934,90,-0.033,-0.41,-1,306,0.395,0.744,-0.488,-0.228,-69.8,70.7,3.26,1.83,-3.89,0.617,0.863,214,-0.337
1.0,6,30,0.6,0.0,5,b,297,0.492,0.971,-0.072,-0.023,-6.9,17.3,6.17,1.81,-0.43,0.893,1.035,94,0.095,-0.43,-1,276,0.384,0.678,-0.639,-0.261,-71.9,71.9,3.28,1.77,-4.29,0.548,0.799,201,-0.338
1.0,6,20,1.0,0.0,5,a,470,0.474,0.989,-0.027,-0.019,-8.9,27.8,5.83,2.21,-0.43,1.065,0.931,162,-0.006,-0.43,-1,813,0.417,0.743,-0.498,-0.179,-145.2,153.3,3.36,3.55,-4.9,0.746,0.741,585,-0.198
1.0,6,20,1.0,0.0,15,a,494,0.476,0.974,-0.065,-0.022,-11.0,29.6,5.86,2.28,-0.51,1.073,0.9,170,-0.031,-0.51,-1,879,0.42,0.745,-0.49,-0.174,-152.9,157.5,3.34,3.81,-4.98,0.738,0.75,636,-0.187
1.0,6,20,1.0,0.2,15,c,667,0.477,0.984,-0.037,-0.024,-15.8,37.1,5.05,2.8,-0.6,1.012,0.962,301,-0.085,-0.6,-1,1482,0.39,0.779,-0.341,-0.196,-290.2,290.2,2.51,6.2,-6.74,0.815,0.751,1150,-0.199
1.0,6,30,1.0,0.0,15,c,727,0.476,1.064,0.142,-0.021,-15.5,39.6,5.5,3.13,-0.6,0.909,1.202,307,-0.055,-0.6,-1,1160,0.376,0.719,-0.46,-0.231,-267.6,267.9,2.59,4.92,-7.16,0.7,0.734,908,-0.22
1.0,6,30,1.0,0.2,5,c,599,0.466,0.991,-0.021,-0.027,-16.1,28.3,5.47,2.7,-0.67,0.901,1.067,251,-0.04,-0.67,-1,1034,0.373,0.736,-0.432,-0.232,-240.2,242.7,2.59,4.48,-6.76,0.716,0.754,802,-0.239
1.0,6,20,1.0,0.0,5,b,239,0.473,0.953,-0.114,-0.051,-12.3,17.8,5.93,1.53,-0.84,0.813,1.077,81,0.032,-0.84,-1,454,0.385,0.662,-0.711,-0.247,-112.1,118.0,3.45,2.33,-5.14,0.671,0.654,321,-0.267
1.0,6,30,0.3,0.2,15,a,612,0.482,1.033,0.074,-0.034,-20.8,43.7,5.33,2.78,-0.86,0.817,1.239,248,-0.115,-0.86,-1,473,0.4,0.714,-0.506,-0.224,-105.8,107.7,2.97,2.3,-4.73,0.791,0.65,349,-0.242
1.0,6,20,0.6,0.2,15,c,859,0.474,1.004,0.009,-0.031,-26.4,52.7,4.56,3.61,-0.87,0.998,1.009,451,-0.087,-0.87,-1,1273,0.378,0.763,-0.347,-0.22,-279.7,279.7,2.33,5.39,-6.98,0.803,0.731,995,-0.222
1.0,6,30,0.6,0.0,15,c,868,0.471,1.042,0.09,-0.03,-25.9,49.1,5.08,3.68,-0.89,0.886,1.185,415,-0.044,-0.89,-1,963,0.361,0.685,-0.492,-0.264,-254.1,254.3,2.4,4.17,-7.47,0.644,0.721,767,-0.261
1.0,6,20,1.0,0.2,5,c,610,0.467,1.006,0.015,-0.037,-22.5,35.4,5.16,2.63,-0.9,1.027,0.991,271,-0.11,-0.9,-1,1334,0.385,0.766,-0.37,-0.209,-278.4,279.4,2.55,5.65,-6.86,0.782,0.752,1023,-0.225
1.0,6,30,0.6,0.0,15,b,315,0.479,0.91,-0.227,-0.051,-16.1,22.3,6.12,1.89,-0.96,0.806,1.0,100,0.065,-0.96,-1,296,0.382,0.671,-0.654,-0.267,-79.0,79.0,3.28,1.84,-4.56,0.52,0.813,214,-0.344
1.0,6,30,1.0,0.0,5,c,697,0.466,1.045,0.101,-0.035,-24.5,39.5,5.54,3.04,-0.97,0.913,1.158,290,-0.086,-0.97,-1,1079,0.373,0.704,-0.493,-0.235,-253.4,253.7,2.61,4.63,-7.04,0.681,0.723,842,-0.228
1.0,6,20,1.0,0.0,15,b,252,0.472,0.903,-0.242,-0.059,-14.9,20.8,5.95,1.56,-0.99,0.792,0.995,87,0.024,-0.99,-1,490,0.388,0.678,-0.676,-0.24,-117.7,118.1,3.46,2.43,-5.18,0.678,0.678,343,-0.253
1.0,6,30,0.6,0.2,15,c,782,0.469,0.979,-0.046,-0.035,-27.7,33.8,5.02,3.4,-0.99,0.925,1.024,375,-0.038,-0.99,-1,957,0.359,0.704,-0.458,-0.261,-250.2,253.7,2.39,4.2,-7.31,0.677,0.728,750,-0.262
1.0,6,20,1.0,0.2,15,b,242,0.446,0.872,-0.335,-0.072,-17.4,27.8,6.09,1.57,-1.18,0.725,1.004,84,0.023,-1.18,-1,506,0.415,0.799,-0.39,-0.183,-92.7,94.8,3.5,2.54,-4.01,0.873,0.743,348,-0.235
1.0,6,20,1.0,0.2,5,b,221,0.434,0.902,-0.251,-0.081,-17.8,26.3,6.06,1.47,-1.26,0.72,1.072,76,0.007,-1.26,-1,452,0.42,0.789,-0.408,-0.174,-78.6,84.4,3.49,2.38,-3.6,0.941,0.68,313,-0.229
1.0,3,20,1.0,0.2,5,b,555,0.476,0.941,-0.142,-0.051,-28.0,44.3,5.77,2.4,-1.27,0.824,1.057,180,-0.014,-1.27,-1,1002,0.415,0.764,-0.446,-0.181,-181.6,183.6,3.27,4.14,-5.49,0.753,0.773,708,-0.224
1.0,6,20,0.6,0.2,5,c,793,0.464,1.019,0.04,-0.047,-37.3,56.6,4.66,3.37,-1.28,1.0,1.034,409,-0.12,-1.28,-1,1132,0.375,0.748,-0.376,-0.23,-260.4,260.4,2.36,4.88,-6.93,0.774,0.726,878,-0.247
1.0,6,20,0.6,0.0,5,a,587,0.46,0.918,-0.195,-0.051,-30.2,44.4,5.45,2.61,-1.29,0.942,0.899,234,-0.055,-1.29,-1,679,0.406,0.733,-0.491,-0.201,-136.7,144.6,3.11,3.09,-5.01,0.735,0.732,511,-0.224
1.0,6,30,0.6,0.0,5,a,546,0.48,0.938,-0.151,-0.054,-29.6,39.9,5.86,2.53,-1.36,0.739,1.139,181,-0.088,-1.36,-1,520,0.404,0.737,-0.491,-0.224,-116.3,117.9,3.16,2.46,-4.95,0.66,0.808,378,-0.281
1.0,6,20,0.6,0.2,5,b,306,0.451,0.906,-0.231,-0.076,-23.3,35.5,5.58,1.74,-1.37,0.762,1.034,124,-0.035,-1.37,-1,369,0.401,0.719,-0.543,-0.211,-77.9,81.9,3.29,2.05,-3.94,0.856,0.618,263,-0.258
1.0,3,30,1.0,0.2,15,c,1514,0.469,0.956,-0.099,-0.036,-54.2,72.0,5.17,6.18,-1.42,0.906,0.999,671,-0.037,-1.42,-1,2605,0.377,0.786,-0.318,-0.204,-531.3,533.2,2.36,10.63,-9.01,0.726,0.839,1921,-0.18
1.0,6,20,0.6,0.0,15,a,614,0.459,0.904,-0.233,-0.055,-33.9,50.3,5.48,2.69,-1.42,0.965,0.856,246,-0.073,-1.42,-1,738,0.413,0.746,-0.462,-0.188,-138.8,147.6,3.1,3.31,-4.88,0.741,0.749,556,-0.198
1.0,6,20,0.3,0.2,5,a,646,0.463,0.995,-0.01,-0.055,-35.8,44.7,4.97,2.82,-1.42,0.917,1.062,300,-0.097,-1.42,-1,557,0.433,0.847,-0.25,-0.147,-81.8,84.2,2.89,2.57,-3.24,0.876,0.821,426,-0.195
1.0,6,10,1.0,0.0,5,b,201,0.438,0.917,-0.2,-0.102,-20.5,23.1,5.39,1.56,-1.46,1.019,0.831,83,-0.121,-1.46,-1,696,0.417,0.737,-0.508,-0.176,-122.4,124.0,3.36,3.12,-4.47,0.739,0.735,491,-0.208
1.0,3,20,1.0,0.0,5,b,598,0.478,0.968,-0.074,-0.057,-34.1,51.5,5.61,2.61,-1.47,0.922,1.009,201,-0.032,-1.47,-1,951,0.407,0.73,-0.523,-0.197,-187.5,188.4,3.26,3.98,-5.8,0.653,0.797,677,-0.23
1.0,6,30,0.6,0.0,5,c,833,0.459,1.013,0.029,-0.05,-41.8,52.7,5.12,3.53,-1.47,0.887,1.125,392,-0.081,-1.47,-1,883,0.365,0.691,-0.481,-0.255,-225.5,225.7,2.41,3.91,-6.91,0.649,0.729,704,-0.258
1.0,3,30,1.0,0.2,15,a,1046,0.476,0.896,-0.254,-0.043,-45.5,49.2,5.93,4.27,-1.52,0.832,0.954,337,-0.004,-1.52,-1,1584,0.416,0.789,-0.367,-0.175,-276.7,277.4,3.02,6.49,-6.6,0.687,0.885,1142,-0.205
1.0,6,30,0.3,0.2,5,b,321,0.458,0.913,-0.211,-0.084,-26.8,30.9,5.65,1.89,-1.56,0.873,0.946,120,-0.189,-1.56,-1,216,0.417,0.813,-0.33,-0.195,-42.2,43.2,3.14,1.47,-2.8,0.764,0.854,149,-0.31
1.0,6,20,0.3,0.2,15,a,703,0.464,0.972,-0.062,-0.058,-41.0,50.3,4.97,3.02,-1.57,0.905,1.027,333,-0.109,-1.57,-1,641,0.435,0.851,-0.239,-0.146,-93.8,96.6,2.86,2.89,-3.48,0.883,0.824,494,-0.187
1.0,6,30,0.6,0.2,5,c,736,0.455,0.955,-0.1,-0.058,-42.3,46.6,5.02,3.23,-1.57,0.884,1.016,352,-0.085,-1.57,-1,845,0.361,0.707,-0.457,-0.258,-218.3,221.9,2.4,3.82,-6.78,0.694,0.718,665,-0.263
1.0,3,30,1.0,0.2,5,a,971,0.472,0.896,-0.254,-0.047,-45.8,49.3,5.93,3.96,-1.6,0.834,0.952,313,-0.032,-1.6,-1,1412,0.414,0.789,-0.369,-0.181,-255.1,255.6,3.04,5.81,-6.45,0.682,0.89,1014,-0.218
1.0,6,30,0.6,0.0,15,a,573,0.471,0.908,-0.227,-0.065,-37.2,44.1,5.83,2.65,-1.66,0.743,1.068,192,-0.093,-1.66,-1,557,0.409,0.741,-0.48,-0.214,-119.1,122.9,3.14,2.6,-4.89,0.69,0.786,407,-0.26
1.0,6,20,0.6,0.2,15,b,340,0.45,0.873,-0.317,-0.087,-29.7,37.4,5.55,1.87,-1.67,0.746,0.982,142,-0.063,-1.67,-1,417,0.403,0.743,-0.496,-0.208,-86.8,90.4,3.31,2.23,-4.12,0.805,0.693,294,-0.247
1.0,6,30,0.3,0.0,5,b,356,0.461,0.888,-0.274,-0.085,-30.1,37.1,5.73,1.97,-1.67,0.852,0.918,136,-0.104,-1.67,-1,205,0.405,0.738,-0.468,-0.233,-47.9,49.7,3.09,1.51,-3.32,0.46,1.033,153,-0.293
1.0,6,10,1.0,0.0,15,b,213,0.432,0.877,-0.299,-0.115,-24.4,27.3,5.29,1.55,-1.69,1.004,0.776,92,-0.119,-1.69,-1,733,0.415,0.736,-0.51,-0.179,-131.4,133.5,3.35,3.27,-4.67,0.716,0.753,518,-0.206
1.0,6,30,0.3,0.0,15,c,995,0.459,1.022,0.046,-0.055,-54.4,71.3,4.75,4.18,-1.72,0.848,1.184,523,-0.102,-1.72,-1,769,0.359,0.695,-0.457,-0.27,-207.5,208.7,2.3,3.46,-6.8,0.646,0.74,614,-0.257
1.0,6,20,0.6,0.0,5,b,317,0.454,0.876,-0.297,-0.094,-29.7,38.5,5.42,1.82,-1.72,0.715,1.021,128,-0.065,-1.72,-1,371,0.375,0.598,-0.83,-0.27,-100.0,104.4,3.26,2.05,-5.08,0.643,0.564,273,-0.273
1.0,3,20,1.0,0.0,15,b,636,0.48,0.947,-0.124,-0.065,-41.6,51.0,5.66,2.73,-1.75,0.955,0.94,213,-0.057,-1.75,-1,1023,0.407,0.747,-0.488,-0.197,-201.4,201.9,3.26,4.24,-6.0,0.657,0.827,726,-0.239
1.0,6,30,0.3,0.2,15,b,350,0.46,0.903,-0.235,-0.09,-31.5,36.5,5.6,1.99,-1.76,0.885,0.918,133,-0.193,-1.76,-1,240,0.412,0.824,-0.313,-0.199,-47.7,48.9,3.17,1.59,-2.99,0.686,0.946,167,-0.311
1.0,3,20,1.0,0.2,15,b,607,0.476,0.891,-0.267,-0.067,-40.7,52.6,5.81,2.58,-1.78,0.802,0.978,198,-0.039,-1.78,-1,1107,0.409,0.776,-0.42,-0.193,-213.7,214.9,3.26,4.56,-6.15,0.721,0.824,776,-0.243
1.0,3,30,1.0,0.2,5,b,547,0.453,0.889,-0.284,-0.07,-38.3,40.2,6.19,2.43,-1.79,0.919,0.863,158,-0.057,-1.79,-1,720,0.429,0.786,-0.389,-0.149,-107.4,109.5,3.18,3.2,-3.82,0.701,0.864,506,-0.194
1.0,6,30,0.3,0.2,15,c,905,0.456,0.973,-0.057,-0.061,-55.4,64.4,4.69,3.88,-1.81,0.875,1.057,473,-0.088,-1.81,-1,786,0.361,0.728,-0.403,-0.257,-202.2,206.8,2.29,3.54,-6.48,0.717,0.737,614,-0.254
1.0,6,30,0.3,0.0,5,a,623,0.472,0.918,-0.195,-0.073,-45.5,52.3,5.51,2.83,-1.92,0.732,1.103,237,-0.127,-1.92,-1,409,0.401,0.716,-0.507,-0.232,-94.8,97.4,2.99,2.11,-4.56,0.703,0.727,306,-0.283
1.0,6,20,1.0,0.0,15,c,752,0.455,0.897,-0.249,-0.071,-53.6,69.4,5.07,3.12,-1.95,0.978,0.837,338,-0.141,-1.95,-1,1525,0.383,0.734,-0.428,-0.214,-326.2,328.0,2.56,6.35,-7.55,0.763,0.71,1184,-0.211
1.0,6,20,0.3,0.2,15,c,1020,0.458,0.956,-0.089,-0.065,-66.0,80.7,4.26,4.25,-1.99,0.963,0.951,572,-0.125,-1.99,-1,1077,0.37,0.753,-0.351,-0.234,-251.8,252.3,2.22,4.56,-6.79,0.778,0.731,851,-0.229
1.0,3,30,1.0,0.2,15,b,599,0.456,0.881,-0.304,-0.075,-45.0,47.5,6.15,2.57,-2.0,0.916,0.852,176,-0.041,-2.0,-1,794,0.423,0.778,-0.406,-0.163,-129.1,131.3,3.18,3.44,-4.38,0.668,0.882,559,-0.203
1.0,6,10,1.0,0.2,5,b,168,0.393,0.739,-0.701,-0.152,-25.5,28.8,5.54,1.44,-2.03,0.894,0.623,62,-0.152,-2.03,-1,704,0.403,0.712,-0.574,-0.189,-133.0,134.4,3.38,3.14,-4.82,0.777,0.661,487,-0.22
1.0,3,30,0.6,0.2,5,b,655,0.449,0.86,-0.35,-0.076,-49.6,53.0,5.79,2.82,-2.06,0.868,0.853,224,-0.06,-2.06,-1,602,0.427,0.779,-0.391,-0.157,-94.7,96.8,3.04,2.75,-3.67,0.696,0.852,437,-0.206
1.0,6,10,1.0,0.2,15,b,185,0.395,0.736,-0.698,-0.149,-27.5,30.8,5.38,1.47,-2.08,0.879,0.631,73,-0.159,-2.08,-1,763,0.404,0.726,-0.543,-0.192,-146.4,146.4,3.38,3.36,-5.09,0.736,0.719,528,-0.228
1.0,3,30,1.0,0.2,5,c,1436,0.458,0.917,-0.193,-0.055,-78.5,97.0,5.24,5.86,-2.12,0.87,0.957,621,-0.08,-2.12,-1,2344,0.371,0.763,-0.359,-0.219,-513.7,516.4,2.38,9.57,-9.26,0.718,0.803,1737,-0.195
1.0,6,30,0.3,0.0,15,b,377,0.454,0.845,-0.388,-0.105,-39.4,46.2,5.68,2.04,-2.13,0.779,0.901,144,-0.118,-2.13,-1,221,0.398,0.727,-0.495,-0.243,-53.7,55.7,3.09,1.57,-3.58,0.446,1.016,164,-0.305
1.0,6,30,0.3,0.0,5,c,954,0.448,0.993,-0.015,-0.072,-68.6,80.7,4.79,4.01,-2.22,0.853,1.118,491,-0.132,-2.22,-1,700,0.361,0.698,-0.452,-0.264,-185.0,186.2,2.31,3.23,-6.35,0.653,0.739,562,-0.252
1.0,3,20,1.0,0.2,5,a,979,0.461,0.903,-0.23,-0.068,-66.3,71.8,5.38,4.05,-2.23,0.922,0.887,373,-0.071,-2.23,-1,1850,0.419,0.81,-0.331,-0.173,-319.3,319.3,3.07,7.55,-7.05,0.718,0.894,1352,-0.21
1.0,6,20,0.6,0.0,15,b,341,0.446,0.822,-0.438,-0.117,-39.9,44.6,5.38,1.89,-2.24,0.684,0.943,143,-0.1,-2.24,-1,399,0.381,0.628,-0.766,-0.254,-101.3,105.1,3.29,2.15,-4.93,0.647,0.613,288,-0.251
1.0,6,10,1.0,0.2,5,a,333,0.423,0.794,-0.518,-0.121,-40.1,47.1,5.21,1.85,-2.26,0.974,0.661,133,-0.146,-2.26,-1,1256,0.412,0.753,-0.451,-0.175,-219.9,219.9,3.14,5.26,-5.9,0.745,0.759,922,-0.214
1.0,6,30,0.3,0.0,15,a,653,0.464,0.888,-0.272,-0.085,-55.3,60.7,5.5,2.97,-2.28,0.726,1.046,250,-0.132,-2.28,-1,437,0.405,0.72,-0.496,-0.223,-97.4,101.5,2.98,2.22,-4.52,0.735,0.708,330,-0.263
1.0,6,10,0.6,0.0,5,b,315,0.432,0.811,-0.464,-0.129,-40.5,45.0,4.99,1.83,-2.29,1.008,0.674,144,-0.143,-2.29,-1,595,0.418,0.746,-0.469,-0.17,-101.4,105.7,3.19,2.77,-3.98,0.693,0.791,441,-0.187
1.0,3,30,0.6,0.2,15,c,1801,0.461,0.944,-0.121,-0.054,-97.7,111.7,4.76,7.35,-2.29,0.888,0.992,908,-0.062,-2.29,-1,2193,0.368,0.782,-0.307,-0.217,-475.9,478.9,2.19,8.95,-8.71,0.733,0.825,1608,-0.196
1.0,3,10,1.0,0.0,5,b,527,0.457,0.823,-0.441,-0.097,-51.2,59.2,5.29,2.41,-2.3,0.845,0.804,206,-0.015,-2.3,-1,1452,0.413,0.746,-0.478,-0.172,-249.8,257.2,3.22,5.93,-6.21,0.717,0.769,1038,-0.193
1.0,6,10,1.0,0.0,5,c,609,0.435,0.894,-0.229,-0.096,-58.5,67.6,4.44,2.77,-2.32,0.933,0.862,335,-0.111,-2.32,-1,2062,0.391,0.79,-0.326,-0.183,-377.9,388.1,2.51,8.52,-7.37,0.769,0.808,1583,-0.18
1.0,6,10,1.0,0.0,5,a,401,0.436,0.856,-0.355,-0.114,-45.6,53.4,5.26,2.04,-2.34,1.098,0.68,157,-0.229,-2.34,-1,1252,0.428,0.821,-0.326,-0.139,-173.8,173.8,3.25,5.24,-4.65,0.756,0.88,922,-0.17
1.0,3,30,1.0,0.0,5,b,576,0.45,0.819,-0.476,-0.089,-51.5,54.7,6.22,2.56,-2.37,0.736,0.894,163,-0.008,-2.37,-1,710,0.418,0.759,-0.449,-0.174,-123.5,124.5,3.18,3.23,-4.43,0.637,0.869,511,-0.207
1.0,6,30,0.3,0.2,5,c,851,0.442,0.941,-0.128,-0.083,-70.6,76.9,4.69,3.65,-2.38,0.855,1.014,442,-0.131,-2.38,-1,686,0.362,0.731,-0.399,-0.257,-176.6,181.1,2.3,3.21,-6.06,0.747,0.718,540,-0.251
1.0,3,30,1.0,0.0,15,c,1700,0.456,0.943,-0.127,-0.057,-97.0,108.2,5.14,6.94,-2.4,0.882,0.998,761,-0.083,-2.4,-1,2637,0.373,0.752,-0.379,-0.217,-573.1,574.3,2.41,10.76,-9.79,0.718,0.782,1980,-0.188
1.0,3,20,0.6,0.2,5,b,734,0.458,0.859,-0.339,-0.086,-63.3,72.2,5.31,3.07,-2.42,0.724,0.993,291,-0.07,-2.42,-1,838,0.412,0.769,-0.417,-0.186,-156.2,157.4,3.07,3.58,-5.11,0.734,0.799,612,-0.23
1.0,3,30,0.6,0.2,5,a,1161,0.46,0.887,-0.264,-0.067,-78.1,78.6,5.51,4.74,-2.44,0.835,0.932,450,-0.11,-2.44,-1,1188,0.422,0.816,-0.305,-0.17,-202.4,202.8,2.89,4.89,-5.54,0.72,0.904,867,-0.198
1.0,3,20,0.6,0.0,5,b,769,0.463,0.89,-0.252,-0.087,-66.7,75.2,5.16,3.23,-2.48,0.826,0.947,315,-0.089,-2.48,-1,775,0.399,0.708,-0.542,-0.214,-165.9,167.9,3.05,3.38,-5.66,0.63,0.776,570,-0.248
1.0,6,20,0.3,0.0,15,a,725,0.444,0.866,-0.319,-0.091,-65.6,78.1,5.14,3.1,-2.5,0.906,0.834,330,-0.14,-2.5,-1,595,0.427,0.785,-0.364,-0.165,-98.2,105.1,2.95,2.79,-3.81,0.81,0.764,461,-0.174
1.0,6,10,1.0,0.2,5,c,477,0.423,0.784,-0.514,-0.119,-56.5,62.9,4.53,2.29,-2.5,0.893,0.7,260,-0.079,-2.5,-1,1940,0.394,0.805,-0.299,-0.177,-343.1,350.7,2.49,8.02,-6.88,0.8,0.809,1470,-0.172
1.0,3,30,0.6,0.2,15,b,713,0.449,0.847,-0.384,-0.089,-63.2,68.1,5.76,3.01,-2.52,0.862,0.834,246,-0.071,-2.52,-1,672,0.429,0.796,-0.358,-0.154,-103.3,105.9,3.06,3.0,-3.8,0.66,0.925,488,-0.198
1.0,6,20,0.3,0.2,5,b,371,0.426,0.839,-0.392,-0.129,-47.7,57.3,5.19,2.01,-2.52,0.774,0.894,172,-0.154,-2.52,-1,297,0.418,0.759,-0.443,-0.182,-54.0,55.4,3.21,1.77,-3.03,0.809,0.72,212,-0.207
1.0,6,20,0.3,0.2,5,c,950,0.447,0.96,-0.083,-0.085,-80.8,88.1,4.33,3.99,-2.53,0.956,0.962,526,-0.167,-2.53,-1,941,0.373,0.761,-0.339,-0.232,-218.4,218.8,2.24,4.09,-6.32,0.78,0.745,741,-0.243
1.0,3,10,1.0,0.0,15,b,557,0.454,0.819,-0.454,-0.105,-58.6,69.2,5.27,2.5,-2.56,0.802,0.834,224,-0.039,-2.56,-1,1543,0.416,0.765,-0.438,-0.166,-256.0,264.1,3.22,6.3,-6.17,0.715,0.807,1110,-0.189
1.0,6,10,1.0,0.2,15,a,375,0.419,0.77,-0.57,-0.129,-48.4,55.5,5.07,1.92,-2.57,0.931,0.652,162,-0.167,-2.57,-1,1382,0.414,0.758,-0.434,-0.172,-238.1,238.4,3.11,5.76,-6.11,0.737,0.776,1021,-0.209
1.0,6,10,0.6,0.2,5,c,752,0.432,0.832,-0.359,-0.101,-75.7,80.8,3.99,3.28,-2.59,0.853,0.815,466,-0.075,-2.59,-1,1756,0.396,0.825,-0.252,-0.171,-301.1,308.9,2.35,7.26,-6.3,0.806,0.841,1349,-0.157
1.0,3,30,1.0,0.0,5,a,1089,0.457,0.845,-0.38,-0.071,-77.3,83.3,5.97,4.46,-2.59,0.785,0.9,344,-0.098,-2.59,-1,1466,0.41,0.752,-0.465,-0.194,-284.7,284.9,3.19,6.03,-7.12,0.669,0.825,1049,-0.226
1.0,3,20,1.0,0.2,15,a,1059,0.46,0.885,-0.275,-0.077,-81.4,87.6,5.4,4.38,-2.63,0.877,0.892,403,-0.09,-2.63,-1,2054,0.421,0.811,-0.328,-0.172,-353.8,353.8,3.05,8.38,-7.43,0.677,0.939,1508,-0.206
1.0,3,30,0.6,0.2,15,a,1254,0.462,0.877,-0.29,-0.07,-87.3,87.7,5.5,5.12,-2.63,0.803,0.941,487,-0.099,-2.63,-1,1343,0.427,0.835,-0.269,-0.157,-211.4,217.5,2.87,5.5,-5.42,0.749,0.914,985,-0.179
1.0,6,20,1.0,0.0,5,c,713,0.44,0.863,-0.337,-0.098,-70.0,80.4,5.12,3.0,-2.65,0.964,0.79,313,-0.176,-2.65,-1,1419,0.379,0.717,-0.465,-0.224,-317.4,322.4,2.6,5.96,-7.65,0.722,0.712,1096,-0.228
1.0,3,20,0.6,0.2,5,a,1255,0.458,0.916,-0.19,-0.073,-91.8,93.3,4.98,5.12,-2.65,0.881,0.946,566,-0.09,-2.65,-1,1581,0.413,0.794,-0.345,-0.187,-295.0,296.1,2.86,6.48,-7.01,0.707,0.872,1190,-0.223
1.0,6,20,0.3,0.0,5,a,694,0.439,0.864,-0.324,-0.099,-68.5,77.8,5.13,3.0,-2.66,0.872,0.857,314,-0.146,-2.66,-1,542,0.421,0.774,-0.388,-0.175,-95.0,101.0,2.95,2.63,-3.85,0.793,0.757,420,-0.193
1.0,6,20,0.3,0.2,15,b,408,0.429,0.821,-0.441,-0.131,-53.3,60.9,5.19,2.14,-2.69,0.745,0.885,193,-0.157,-2.69,-1,341,0.422,0.803,-0.359,-0.172,-58.5,59.4,3.25,1.96,-3.05,0.802,0.804,240,-0.198
1.0,3,20,1.0,0.2,5,c,1446,0.453,0.897,-0.236,-0.072,-104.3,111.5,4.87,5.9,-2.73,0.949,0.857,679,-0.117,-2.73,-1,3090,0.375,0.77,-0.346,-0.213,-659.4,659.4,2.38,12.61,-10.39,0.731,0.804,2299,-0.207
1.0,3,30,1.0,0.0,15,a,1133,0.459,0.846,-0.376,-0.074,-83.7,88.4,5.95,4.64,-2.74,0.798,0.889,357,-0.093,-2.74,-1,1560,0.413,0.752,-0.461,-0.185,-289.3,289.3,3.16,6.39,-7.0,0.694,0.802,1124,-0.212
1.0,6,10,0.6,0.0,15,b,330,0.421,0.778,-0.55,-0.15,-49.5,54.0,4.92,1.83,-2.74,0.985,0.638,156,-0.17,-2.74,-1,629,0.42,0.75,-0.462,-0.169,-106.2,109.7,3.2,2.91,-4.06,0.657,0.833,463,-0.181
1.0,3,10,1.0,0.2,5,b,466,0.438,0.733,-0.69,-0.123,-57.4,63.2,5.29,2.1,-2.79,0.768,0.701,174,-0.025,-2.79,-1,1507,0.413,0.739,-0.497,-0.171,-258.0,263.5,3.24,6.15,-6.28,0.798,0.695,1074,-0.18
1.0,3,10,1.0,0.2,15,b,510,0.441,0.756,-0.621,-0.12,-61.0,69.2,5.23,2.23,-2.83,0.753,0.76,202,-0.052,-2.83,-1,1648,0.414,0.751,-0.472,-0.171,-281.2,286.1,3.23,6.73,-6.55,0.758,0.745,1177,-0.174
1.0,3,30,1.0,0.0,15,b,610,0.443,0.791,-0.556,-0.104,-63.5,67.0,6.18,2.66,-2.83,0.717,0.858,177,-0.013,-2.83,-1,761,0.414,0.746,-0.474,-0.183,-139.2,139.4,3.17,3.4,-4.84,0.627,0.855,549,-0.215
1.0,3,20,0.6,0.0,15,b,823,0.462,0.879,-0.28,-0.097,-79.8,81.7,5.17,3.43,-2.87,0.871,0.886,337,-0.124,-2.87,-1,835,0.404,0.73,-0.5,-0.203,-169.5,174.0,3.07,3.61,-5.56,0.618,0.831,608,-0.241
1.0,6,20,0.3,0.0,5,b,386,0.425,0.799,-0.487,-0.144,-55.8,64.2,5.07,2.06,-2.87,0.688,0.896,180,-0.15,-2.87,-1,289,0.394,0.663,-0.632,-0.238,-68.8,71.0,3.11,1.77,-3.94,0.628,0.693,217,-0.24
1.0,3,20,1.0,0.0,5,a,1132,0.448,0.906,-0.226,-0.081,-91.6,100.0,5.6,4.62,-2.88,0.979,0.85,413,-0.138,-2.88,-1,1858,0.414,0.769,-0.428,-0.182,-337.7,337.7,3.19,7.58,-7.46,0.686,0.845,1357,-0.204
1.0,6,10,1.0,0.2,15,c,539,0.417,0.747,-0.601,-0.128,-69.0,75.3,4.42,2.45,-2.88,0.839,0.675,299,-0.084,-2.88,-1,2105,0.397,0.824,-0.264,-0.167,-351.0,360.1,2.46,8.66,-6.72,0.82,0.828,1592,-0.16
1.0,3,20,1.0,0.2,15,c,1536,0.455,0.887,-0.253,-0.074,-114.1,125.4,4.75,6.27,-2.9,0.951,0.838,747,-0.119,-2.9,-1,3372,0.376,0.78,-0.327,-0.205,-692.4,692.4,2.35,13.76,-10.36,0.735,0.82,2507,-0.192
1.0,3,30,0.3,0.2,5,a,1306,0.456,0.879,-0.274,-0.077,-100.8,101.3,5.21,5.33,-2.91,0.814,0.937,560,-0.124,-2.91,-1,984,0.419,0.8,-0.325,-0.178,-174.8,176.3,2.82,4.1,-5.27,0.723,0.871,717,-0.199
1.0,6,10,1.0,0.0,15,a,431,0.425,0.82,-0.449,-0.137,-58.9,66.3,5.21,2.07,-2.92,1.061,0.649,178,-0.25,-2.92,-1,1319,0.433,0.813,-0.338,-0.13,-171.0,171.0,3.23,5.52,-4.48,0.773,0.848,980,-0.148
1.0,3,30,1.0,0.0,5,c,1653,0.449,0.921,-0.18,-0.07,-115.7,131.6,5.18,6.75,-2.92,0.838,0.995,732,-0.106,-2.92,-1,2451,0.37,0.736,-0.409,-0.226,-554.8,556.8,2.43,10.05,-9.89,0.694,0.773,1839,-0.2
1.0,6,10,0.6,0.2,5,a,518,0.423,0.793,-0.48,-0.127,-65.9,67.8,4.74,2.47,-2.94,0.915,0.701,253,-0.181,-2.94,-1,1121,0.417,0.788,-0.368,-0.169,-189.4,189.4,2.98,4.77,-5.34,0.776,0.798,855,-0.208
1.0,3,30,0.3,0.2,5,b,753,0.437,0.832,-0.407,-0.103,-77.8,80.5,5.42,3.2,-2.98,0.79,0.87,298,-0.155,-2.98,-1,485,0.447,0.849,-0.252,-0.118,-57.2,59.2,2.99,2.35,-2.45,0.782,0.907,352,-0.156
1.0,3,20,0.6,0.2,15,b,803,0.456,0.83,-0.414,-0.101,-81.3,83.1,5.3,3.33,-2.98,0.699,0.959,322,-0.094,-2.98,-1,936,0.409,0.776,-0.404,-0.191,-178.9,181.5,3.08,4.0,-5.55,0.703,0.841,678,-0.233
1.0,3,30,0.6,0.0,15,c,1989,0.451,0.936,-0.138,-0.067,-134.1,150.8,4.77,8.12,-2.99,0.891,0.975,1001,-0.091,-2.99,-1,2177,0.363,0.744,-0.371,-0.234,-510.5,511.7,2.23,8.92,-9.51,0.683,0.798,1637,-0.212
1.0,6,10,0.3,0.2,5,a,707,0.427,0.814,-0.416,-0.115,-81.4,85.1,4.39,3.14,-3.01,0.86,0.778,385,-0.142,-3.01,-1,960,0.42,0.772,-0.383,-0.171,-164.2,164.2,2.86,4.16,-5.0,0.776,0.769,743,-0.202
1.0,3,30,0.6,0.2,5,c,1718,0.452,0.907,-0.207,-0.074,-126.4,139.6,4.84,7.01,-3.05,0.864,0.943,847,-0.103,-3.05,-1,1947,0.366,0.773,-0.321,-0.226,-440.0,443.1,2.2,7.98,-8.62,0.743,0.799,1432,-0.203
1.0,6,10,0.3,0.2,5,c,1009,0.43,0.848,-0.301,-0.105,-105.5,117.0,3.64,4.26,-3.07,0.842,0.853,663,-0.095,-3.07,-1,1514,0.388,0.78,-0.314,-0.189,-286.3,292.5,2.25,6.31,-6.44,0.804,0.76,1167,-0.171
1.0,6,20,0.6,0.0,15,c,953,0.44,0.864,-0.31,-0.101,-96.5,112.5,4.59,3.95,-3.07,0.892,0.842,495,-0.168,-3.07,-1,1274,0.375,0.73,-0.407,-0.228,-290.8,294.5,2.37,5.35,-7.32,0.747,0.716,1004,-0.225
1.0,3,30,0.3,0.2,15,c,2041,0.449,0.936,-0.131,-0.071,-144.3,162.0,4.45,8.33,-3.1,0.863,1.001,1109,-0.083,-3.1,-1,1841,0.366,0.798,-0.275,-0.219,-402.4,406.6,2.12,7.51,-7.97,0.732,0.857,1335,-0.196
1.0,6,10,0.6,0.2,5,b,276,0.399,0.655,-0.903,-0.185,-51.1,54.2,5.01,1.69,-3.19,0.806,0.554,123,-0.196,-3.19,-1,617,0.407,0.755,-0.467,-0.175,-107.8,108.0,3.23,2.84,-4.11,0.773,0.74,447,-0.197
1.0,6,10,0.3,0.2,15,a,779,0.425,0.808,-0.425,-0.116,-90.5,95.1,4.32,3.4,-3.19,0.862,0.765,439,-0.15,-3.19,-1,1086,0.42,0.767,-0.389,-0.175,-189.7,190.1,2.83,4.6,-5.45,0.773,0.762,844,-0.203
1.0,3,30,0.6,0.0,5,b,686,0.436,0.776,-0.575,-0.114,-78.2,82.7,5.79,2.92,-3.22,0.695,0.85,240,-0.046,-3.22,-1,587,0.417,0.753,-0.442,-0.183,-107.2,109.3,3.05,2.73,-4.24,0.608,0.89,433,-0.233
1.0,6,10,0.3,0.2,15,c,1118,0.428,0.841,-0.309,-0.105,-117.7,123.9,3.55,4.68,-3.24,0.841,0.841,754,-0.101,-3.24,-1,1709,0.384,0.768,-0.33,-0.196,-335.2,343.1,2.23,7.06,-7.08,0.785,0.754,1298,-0.172
1.0,3,30,0.3,0.2,15,a,1409,0.454,0.861,-0.321,-0.083,-117.0,117.0,5.21,5.75,-3.24,0.781,0.933,602,-0.112,-3.24,-1,1117,0.424,0.829,-0.273,-0.165,-184.2,195.2,2.8,4.62,-5.19,0.762,0.889,819,-0.181
1.0,6,10,1.0,0.0,15,c,651,0.419,0.803,-0.445,-0.13,-84.4,93.4,4.38,2.88,-3.25,0.811,0.796,361,-0.123,-3.25,-1,2165,0.4,0.824,-0.267,-0.16,-347.4,357.5,2.49,8.95,-6.57,0.807,0.838,1658,-0.15
1.0,6,10,0.6,0.2,15,c,838,0.42,0.785,-0.461,-0.121,-101.7,104.7,3.89,3.6,-3.3,0.811,0.765,531,-0.096,-3.3,-1,1943,0.395,0.825,-0.249,-0.172,-334.6,348.2,2.32,8.0,-6.64,0.819,0.831,1478,-0.156
1.0,3,20,1.0,0.0,15,a,1178,0.447,0.891,-0.266,-0.091,-107.4,115.8,5.61,4.81,-3.33,0.985,0.819,428,-0.159,-3.33,-1,1975,0.42,0.781,-0.399,-0.171,-336.8,336.8,3.17,8.06,-7.21,0.701,0.855,1443,-0.19
1.0,6,10,0.6,0.2,15,b,299,0.398,0.659,-0.88,-0.187,-56.0,58.3,4.9,1.75,-3.34,0.835,0.544,140,-0.224,-3.34,-1,676,0.411,0.776,-0.424,-0.171,-115.4,115.4,3.25,3.06,-4.21,0.723,0.823,487,-0.198
1.0,3,20,0.3,0.0,5,b,907,0.448,0.865,-0.306,-0.111,-100.4,104.8,4.87,3.75,-3.38,0.793,0.928,422,-0.15,-3.38,-1,611,0.417,0.757,-0.417,-0.18,-109.8,111.9,2.92,2.79,-4.18,0.651,0.855,456,-0.197
1.0,6,10,0.6,0.0,5,a,600,0.425,0.799,-0.477,-0.136,-81.8,86.4,4.83,2.71,-3.39,0.871,0.739,282,-0.213,-3.39,-1,1108,0.431,0.845,-0.268,-0.141,-155.8,158.3,3.06,4.64,-4.39,0.801,0.885,854,-0.176
1.0,3,20,0.6,0.0,5,a,1399,0.447,0.905,-0.219,-0.087,-122.0,132.5,5.21,5.71,-3.4,0.91,0.901,600,-0.139,-3.4,-1,1559,0.407,0.758,-0.431,-0.197,-307.5,308.7,2.99,6.39,-7.36,0.708,0.802,1173,-0.223
1.0,6,20,0.3,0.0,15,b,410,0.417,0.755,-0.61,-0.166,-67.9,72.1,5.06,2.12,-3.41,0.652,0.844,194,-0.175,-3.41,-1,318,0.403,0.708,-0.55,-0.217,-68.9,70.6,3.17,1.89,-3.73,0.632,0.774,233,-0.218
1.0,3,20,0.6,0.2,15,a,1362,0.453,0.875,-0.289,-0.091,-123.4,123.4,4.98,5.56,-3.44,0.829,0.914,617,-0.107,-3.44,-1,1775,0.416,0.796,-0.338,-0.184,-326.0,327.1,2.85,7.27,-7.33,0.682,0.904,1339,-0.213
1.0,3,10,0.6,0.0,5,b,786,0.443,0.767,-0.572,-0.123,-96.7,97.9,4.83,3.3,-3.47,0.83,0.717,367,-0.074,-3.47,-1,1234,0.412,0.733,-0.487,-0.176,-217.4,223.9,3.07,5.04,-5.85,0.675,0.782,916,-0.19
1.0,3,30,0.6,0.0,5,c,1947,0.445,0.914,-0.188,-0.079,-153.4,169.5,4.81,7.95,-3.48,0.862,0.96,964,-0.114,-3.48,-1,1998,0.363,0.745,-0.368,-0.237,-472.9,474.2,2.24,8.19,-9.25,0.681,0.804,1505,-0.215
1.0,3,10,0.6,0.2,5,b,703,0.435,0.705,-0.74,-0.129,-90.8,93.3,4.87,2.94,-3.5,0.726,0.688,324,-0.04,-3.5,-1,1330,0.41,0.751,-0.457,-0.176,-234.5,237.9,3.09,5.43,-6.05,0.769,0.737,981,-0.19
1.0,6,10,0.6,0.2,15,a,575,0.412,0.773,-0.529,-0.145,-83.6,87.4,4.65,2.63,-3.53,0.891,0.684,293,-0.227,-3.53,-1,1253,0.421,0.799,-0.344,-0.164,-205.6,206.0,2.96,5.26,-5.5,0.769,0.825,960,-0.198
1.0,3,20,0.3,0.2,5,b,871,0.442,0.828,-0.405,-0.118,-103.0,104.2,4.97,3.61,-3.57,0.741,0.909,395,-0.139,-3.57,-1,679,0.43,0.834,-0.284,-0.147,-99.9,101.0,3.0,2.98,-3.6,0.748,0.908,498,-0.18
1.0,3,30,0.3,0.2,15,b,821,0.436,0.813,-0.458,-0.118,-96.9,100.0,5.41,3.44,-3.58,0.789,0.834,325,-0.159,-3.58,-1,547,0.448,0.877,-0.204,-0.114,-62.6,71.9,3.0,2.58,-2.52,0.741,1.005,399,-0.153
1.0,3,30,0.3,0.0,15,c,2236,0.445,0.943,-0.117,-0.078,-173.8,197.2,4.47,9.13,-3.6,0.892,0.988,1207,-0.114,-3.6,-1,1750,0.359,0.749,-0.352,-0.24,-419.5,421.9,2.15,7.17,-8.65,0.679,0.813,1304,-0.209
1.0,6,20,0.6,0.0,5,c,914,0.43,0.838,-0.376,-0.122,-111.2,126.9,4.64,3.81,-3.64,0.881,0.805,467,-0.194,-3.64,-1,1174,0.373,0.717,-0.433,-0.234,-274.7,278.5,2.4,4.97,-7.22,0.716,0.718,922,-0.237
1.0,3,20,0.6,0.2,15,c,1950,0.446,0.886,-0.242,-0.086,-167.0,180.0,4.34,7.96,-3.65,0.894,0.88,1083,-0.11,-3.65,-1,2923,0.368,0.771,-0.322,-0.221,-646.0,648.4,2.18,11.98,-10.31,0.711,0.824,2161,-0.201
1.0,3,30,0.6,0.0,5,a,1291,0.446,0.828,-0.409,-0.094,-121.9,122.8,5.57,5.27,-3.67,0.774,0.876,483,-0.151,-3.67,-1,1190,0.415,0.782,-0.383,-0.189,-224.8,224.8,2.99,4.92,-6.18,0.686,0.866,879,-0.223
1.0,3,20,0.3,0.2,5,a,1480,0.448,0.885,-0.255,-0.095,-141.2,142.3,4.67,6.04,-3.7,0.851,0.914,744,-0.116,-3.7,-1,1311,0.416,0.793,-0.33,-0.187,-244.8,246.3,2.75,5.4,-6.4,0.733,0.848,992,-0.219
1.0,3,20,0.6,0.0,15,a,1461,0.447,0.89,-0.255,-0.093,-135.7,143.8,5.19,5.96,-3.71,0.928,0.86,628,-0.147,-3.71,-1,1668,0.415,0.776,-0.393,-0.18,-300.1,301.2,2.98,6.84,-6.93,0.715,0.83,1254,-0.199
1.0,3,20,0.6,0.2,5,c,1840,0.442,0.893,-0.232,-0.09,-165.0,176.8,4.45,7.51,-3.73,0.894,0.893,986,-0.129,-3.73,-1,2650,0.368,0.761,-0.339,-0.227,-601.7,603.9,2.2,10.86,-10.17,0.72,0.796,1966,-0.212
1.0,3,30,0.6,0.0,15,a,1338,0.448,0.828,-0.405,-0.094,-126.1,127.0,5.55,5.46,-3.74,0.788,0.864,501,-0.141,-3.74,-1,1276,0.422,0.792,-0.362,-0.175,-222.8,222.8,2.98,5.23,-5.9,0.722,0.852,948,-0.205
1.0,6,10,0.3,0.0,5,b,433,0.411,0.72,-0.679,-0.179,-77.6,80.0,4.59,2.12,-3.75,0.902,0.59,225,-0.212,-3.75,-1,481,0.43,0.811,-0.326,-0.145,-69.7,75.1,3.05,2.37,-3.01,0.67,0.941,364,-0.16
1.0,6,10,0.3,0.0,5,a,797,0.425,0.815,-0.419,-0.137,-108.8,111.4,4.48,3.48,-3.82,0.851,0.784,428,-0.21,-3.82,-1,921,0.432,0.824,-0.295,-0.144,-132.7,135.1,2.92,3.92,-4.12,0.821,0.827,720,-0.159
1.0,6,10,0.6,0.0,5,c,907,0.419,0.833,-0.355,-0.133,-120.8,128.2,3.98,3.86,-3.82,0.856,0.815,557,-0.158,-3.82,-1,1850,0.39,0.792,-0.305,-0.187,-346.4,356.5,2.35,7.64,-7.09,0.753,0.827,1444,-0.174
1.0,3,20,1.0,0.0,15,c,1740,0.442,0.881,-0.274,-0.092,-159.7,170.9,4.84,7.1,-3.83,0.879,0.883,815,-0.155,-3.83,-1,3405,0.372,0.741,-0.399,-0.221,-752.1,752.1,2.41,13.9,-11.32,0.705,0.773,2564,-0.213
1.0,6,10,0.3,0.0,15,a,847,0.426,0.815,-0.416,-0.133,-112.9,116.4,4.43,3.64,-3.84,0.887,0.756,468,-0.196,-3.84,-1,993,0.435,0.807,-0.324,-0.142,-140.5,143.1,2.91,4.21,-4.22,0.815,0.801,778,-0.149
1.0,3,30,0.3,0.0,5,b,794,0.428,0.778,-0.545,-0.129,-102.7,106.8,5.41,3.32,-3.85,0.68,0.871,322,-0.139,-3.85,-1,450,0.429,0.761,-0.406,-0.167,-75.3,77.3,2.91,2.25,-3.39,0.587,0.936,337,-0.189
1.0,3,20,0.3,0.0,15,b,970,0.445,0.856,-0.327,-0.122,-118.6,120.7,4.88,4.01,-3.87,0.827,0.881,449,-0.187,-3.87,-1,659,0.422,0.78,-0.381,-0.168,-110.9,114.2,2.96,2.97,-4.06,0.641,0.911,486,-0.191
1.0,3,30,0.3,0.2,5,c,1947,0.442,0.892,-0.23,-0.09,-174.4,188.7,4.53,7.95,-3.88,0.853,0.926,1034,-0.12,-3.88,-1,1615,0.365,0.797,-0.276,-0.225,-362.8,367.0,2.12,6.62,-7.72,0.749,0.839,1172,-0.195
1.0,3,20,0.3,0.2,15,b,947,0.444,0.816,-0.434,-0.124,-117.6,117.9,4.97,3.91,-3.93,0.746,0.882,431,-0.152,-3.93,-1,762,0.427,0.838,-0.277,-0.154,-117.4,118.7,3.01,3.3,-3.99,0.728,0.937,554,-0.19
1.0,3,20,0.3,0.2,15,a,1593,0.449,0.874,-0.28,-0.098,-155.6,155.6,4.66,6.5,-3.94,0.815,0.925,804,-0.117,-3.94,-1,1491,0.415,0.786,-0.341,-0.192,-286.8,288.3,2.74,6.14,-7.07,0.708,0.858,1131,-0.221
1.0,3,30,0.6,0.0,15,b,725,0.426,0.745,-0.663,-0.136,-98.8,104.0,5.75,3.06,-3.97,0.679,0.804,257,-0.075,-3.97,-1,635,0.42,0.761,-0.424,-0.175,-110.9,112.1,3.05,2.9,-4.22,0.613,0.902,468,-0.219
1.0,3,10,0.6,0.0,15,b,829,0.437,0.757,-0.599,-0.138,-114.5,115.7,4.82,3.47,-4.02,0.8,0.722,389,-0.102,-4.02,-1,1322,0.415,0.756,-0.442,-0.169,-222.8,230.2,3.07,5.4,-5.77,0.674,0.826,983,-0.184
1.0,6,10,0.6,0.0,15,a,641,0.413,0.775,-0.536,-0.157,-100.6,106.2,4.77,2.81,-4.05,0.863,0.705,314,-0.243,-4.05,-1,1182,0.437,0.837,-0.282,-0.13,-154.2,156.8,3.04,4.95,-4.23,0.819,0.852,912,-0.15
1.0,3,10,0.6,0.2,15,b,769,0.43,0.708,-0.73,-0.145,-111.6,114.2,4.81,3.18,-4.12,0.709,0.708,362,-0.079,-4.12,-1,1467,0.415,0.777,-0.407,-0.164,-240.9,245.5,3.1,5.99,-5.9,0.75,0.799,1082,-0.174
1.0,3,20,1.0,0.0,5,c,1693,0.438,0.866,-0.314,-0.1,-168.6,177.6,4.9,6.91,-4.12,0.853,0.877,779,-0.155,-4.12,-1,3209,0.37,0.732,-0.419,-0.226,-725.8,725.8,2.43,13.1,-11.31,0.687,0.772,2410,-0.226
1.0,6,10,0.3,0.0,15,b,457,0.405,0.697,-0.739,-0.193,-88.1,89.3,4.53,2.19,-4.15,0.904,0.553,245,-0.213,-4.15,-1,510,0.431,0.817,-0.316,-0.144,-73.6,82.5,3.06,2.48,-3.09,0.626,1.008,382,-0.16
1.0,6,10,0.3,0.0,5,c,1174,0.422,0.846,-0.305,-0.13,-153.0,164.2,3.65,4.91,-4.19,0.86,0.834,769,-0.158,-4.19,-1,1551,0.384,0.757,-0.349,-0.198,-307.6,315.9,2.24,6.46,-6.87,0.738,0.773,1215,-0.178
1.0,3,20,0.3,0.0,5,a,1605,0.44,0.882,-0.267,-0.103,-165.9,172.6,4.91,6.55,-4.23,0.868,0.894,769,-0.155,-4.23,-1,1244,0.406,0.739,-0.446,-0.204,-254.1,255.2,2.85,5.1,-6.83,0.715,0.76,948,-0.224
1.0,3,20,0.3,0.2,15,c,2290,0.441,0.881,-0.241,-0.094,-215.1,222.6,4.02,9.35,-4.27,0.905,0.862,1356,-0.113,-4.27,-1,2465,0.357,0.736,-0.365,-0.247,-609.7,612.0,2.1,10.1,-10.6,0.671,0.794,1798,-0.225
1.0,6,10,0.3,0.2,15,b,412,0.388,0.607,-1.014,-0.209,-86.2,88.5,4.58,2.15,-4.31,0.786,0.487,215,-0.2,-4.31,-1,577,0.419,0.821,-0.321,-0.159,-91.5,94.3,3.14,2.73,-3.6,0.742,0.893,424,-0.19
1.0,3,30,0.3,0.0,5,c,2183,0.437,0.908,-0.194,-0.094,-205.2,223.3,4.52,8.91,-4.32,0.856,0.952,1157,-0.139,-4.32,-1,1599,0.358,0.745,-0.36,-0.245,-392.3,394.6,2.16,6.58,-8.51,0.671,0.812,1192,-0.209
1.0,3,30,0.3,0.0,5,a,1438,0.442,0.807,-0.45,-0.107,-153.9,154.1,5.28,5.87,-4.32,0.76,0.849,598,-0.16,-4.32,-1,950,0.413,0.755,-0.419,-0.197,-187.3,187.3,2.88,3.96,-5.77,0.687,0.814,707,-0.224
1.0,3,20,0.3,0.0,15,a,1675,0.443,0.876,-0.278,-0.103,-172.8,178.9,4.88,6.84,-4.33,0.891,0.864,806,-0.148,-4.33,-1,1346,0.413,0.759,-0.406,-0.192,-258.2,259.4,2.85,5.52,-6.68,0.723,0.792,1023,-0.213
1.0,6,10,0.3,0.2,5,b,378,0.381,0.589,-1.083,-0.22,-83.3,86.5,4.66,2.02,-4.38,0.764,0.472,189,-0.209,-4.38,-1,525,0.417,0.803,-0.353,-0.158,-83.2,84.3,3.11,2.55,-3.42,0.822,0.787,390,-0.182
1.0,3,10,0.3,0.0,5,b,1029,0.434,0.748,-0.592,-0.139,-142.9,145.2,4.47,4.22,-4.43,0.808,0.699,537,-0.13,-4.43,-1,989,0.41,0.736,-0.463,-0.183,-181.4,188.8,2.93,4.05,-5.42,0.639,0.821,751,-0.19
1.0,6,20,0.3,0.0,15,c,1121,0.423,0.818,-0.404,-0.136,-152.9,166.3,4.28,4.65,-4.45,0.836,0.804,632,-0.202,-4.45,-1,1048,0.375,0.742,-0.373,-0.228,-239.1,239.8,2.27,4.44,-6.57,0.741,0.744,834,-0.214
1.0,6,10,0.6,0.0,15,c,958,0.409,0.779,-0.477,-0.152,-145.3,151.7,3.93,4.04,-4.48,0.794,0.768,597,-0.162,-4.48,-1,1966,0.395,0.814,-0.268,-0.176,-345.7,355.8,2.33,8.12,-6.84,0.775,0.848,1518,-0.154
1.0,3,30,0.3,0.0,15,a,1495,0.442,0.795,-0.481,-0.11,-164.0,164.0,5.26,6.1,-4.51,0.767,0.819,622,-0.145,-4.51,-1,1019,0.42,0.777,-0.375,-0.181,-184.4,184.8,2.87,4.21,-5.47,0.74,0.809,764,-0.209
1.0,3,30,0.3,0.0,15,b,840,0.42,0.747,-0.631,-0.149,-125.0,129.7,5.37,3.49,-4.58,0.651,0.838,343,-0.154,-4.58,-1,488,0.434,0.791,-0.35,-0.152,-74.1,77.4,2.91,2.36,-3.2,0.62,0.963,367,-0.177
1.0,6,10,0.3,0.0,15,c,1237,0.415,0.811,-0.376,-0.142,-175.1,184.4,3.6,5.15,-4.66,0.82,0.804,826,-0.159,-4.66,-1,1673,0.386,0.776,-0.317,-0.193,-323.4,332.7,2.22,6.94,-6.93,0.736,0.811,1295,-0.166
1.0,3,20,0.3,0.2,5,c,2169,0.434,0.873,-0.261,-0.105,-228.4,236.4,4.11,8.85,-4.7,0.876,0.872,1253,-0.143,-4.7,-1,2185,0.36,0.754,-0.337,-0.244,-532.6,534.8,2.1,8.95,-9.88,0.707,0.795,1598,-0.226
1.0,3,10,1.0,0.2,5,c,1271,0.405,0.737,-0.626,-0.141,-179.7,189.5,4.32,5.21,-4.82,0.82,0.673,711,-0.12,-4.82,-1,4267,0.372,0.777,-0.337,-0.207,-882.9,886.8,2.37,17.42,-11.66,0.724,0.822,3136,-0.199
1.0,3,10,0.3,0.0,15,b,1095,0.43,0.749,-0.587,-0.148,-162.1,164.8,4.45,4.49,-4.88,0.792,0.714,580,-0.15,-4.88,-1,1057,0.415,0.763,-0.412,-0.171,-180.8,191.7,2.94,4.31,-5.21,0.632,0.881,802,-0.175
1.0,3,10,0.3,0.2,5,b,913,0.418,0.675,-0.804,-0.162,-148.1,149.7,4.56,3.79,-4.94,0.726,0.634,465,-0.125,-4.94,-1,1132,0.415,0.784,-0.378,-0.167,-189.3,195.2,2.99,4.62,-5.27,0.784,0.784,851,-0.178
1.0,6,20,0.3,0.0,5,c,1080,0.414,0.796,-0.46,-0.155,-167.3,177.2,4.31,4.48,-4.99,0.816,0.78,603,-0.224,-4.99,-1,953,0.377,0.747,-0.368,-0.225,-214.8,215.5,2.29,4.11,-6.2,0.732,0.76,759,-0.221
1.0,3,20,0.6,0.0,15,c,2170,0.431,0.866,-0.292,-0.112,-243.1,260.6,4.4,8.86,-5.09,0.825,0.901,1162,-0.171,-5.09,-1,2855,0.367,0.742,-0.373,-0.227,-648.2,650.6,2.23,11.65,-10.55,0.695,0.785,2161,-0.214
1.0,3,10,1.0,0.2,15,a,959,0.417,0.748,-0.64,-0.162,-155.3,159.8,4.88,3.98,-5.12,0.78,0.722,439,-0.187,-5.12,-1,2916,0.405,0.745,-0.459,-0.189,-552.1,555.3,3.03,11.9,-9.65,0.655,0.826,2165,-0.205
1.0,3,10,0.6,0.2,5,a,1282,0.421,0.797,-0.479,-0.145,-185.8,188.4,4.55,5.23,-5.16,0.761,0.827,657,-0.174,-5.16,-1,2414,0.403,0.72,-0.488,-0.204,-492.0,494.8,2.87,9.85,-9.46,0.667,0.767,1851,-0.218
1.0,3,10,1.0,0.2,5,a,863,0.409,0.716,-0.736,-0.175,-150.9,153.5,4.93,3.58,-5.27,0.765,0.676,380,-0.188,-5.27,-1,2669,0.404,0.741,-0.471,-0.193,-514.6,520.0,3.05,10.89,-9.41,0.669,0.804,1983,-0.213
1.0,3,10,1.0,0.2,15,c,1380,0.402,0.741,-0.615,-0.149,-206.2,216.7,4.25,5.66,-5.29,0.759,0.726,784,-0.134,-5.29,-1,4518,0.368,0.784,-0.326,-0.213,-960.5,970.0,2.36,18.44,-12.28,0.731,0.828,3297,-0.197
1.0,3,10,0.3,0.2,15,b,1004,0.417,0.689,-0.76,-0.167,-168.0,169.7,4.5,4.13,-5.33,0.728,0.657,524,-0.139,-5.33,-1,1251,0.42,0.805,-0.341,-0.157,-196.5,202.7,3.0,5.11,-5.19,0.752,0.848,943,-0.16
1.0,3,10,1.0,0.0,5,c,1561,0.411,0.784,-0.502,-0.14,-218.1,229.3,4.36,6.37,-5.33,0.816,0.758,855,-0.155,-5.33,-1,4416,0.372,0.766,-0.359,-0.208,-918.9,927.6,2.4,18.02,-11.99,0.687,0.834,3294,-0.199
1.0,3,10,0.6,0.2,5,c,1879,0.408,0.778,-0.484,-0.135,-253.5,260.2,3.88,7.67,-5.44,0.827,0.739,1185,-0.129,-5.44,-1,3907,0.367,0.763,-0.341,-0.22,-860.5,868.1,2.21,15.95,-11.84,0.69,0.826,2879,-0.203
1.0,3,10,1.0,0.0,5,a,1012,0.415,0.739,-0.683,-0.166,-168.0,175.0,5.12,4.15,-5.45,0.84,0.66,428,-0.227,-5.45,-1,2644,0.416,0.775,-0.413,-0.169,-446.2,447.5,3.15,10.79,-8.2,0.68,0.864,1943,-0.185
1.0,3,10,0.6,0.2,15,a,1406,0.422,0.799,-0.473,-0.146,-205.4,208.8,4.51,5.74,-5.45,0.771,0.821,735,-0.176,-5.45,-1,2657,0.406,0.736,-0.455,-0.195,-519.1,520.7,2.86,10.84,-9.48,0.654,0.809,2035,-0.206
1.0,3,10,0.6,0.0,5,c,2212,0.414,0.808,-0.415,-0.125,-277.6,288.9,3.93,9.03,-5.51,0.849,0.775,1379,-0.14,-5.51,-1,3978,0.365,0.744,-0.374,-0.225,-894.7,907.6,2.23,16.24,-12.23,0.642,0.836,2967,-0.205
1.0,3,10,0.6,0.0,5,a,1459,0.424,0.781,-0.528,-0.145,-212.3,215.7,4.68,5.96,-5.57,0.768,0.793,732,-0.17,-5.57,-1,2348,0.416,0.757,-0.429,-0.18,-421.8,424.9,2.96,9.58,-8.22,0.699,0.808,1788,-0.196
1.0,3,10,1.0,0.0,15,a,1072,0.415,0.743,-0.664,-0.168,-180.6,187.5,5.07,4.39,-5.7,0.848,0.663,468,-0.238,-5.7,-1,2774,0.417,0.776,-0.41,-0.167,-463.0,467.7,3.14,11.32,-8.32,0.69,0.853,2046,-0.179
1.0,3,20,0.6,0.0,5,c,2108,0.424,0.846,-0.346,-0.127,-268.1,276.4,4.46,8.6,-5.73,0.801,0.883,1112,-0.19,-5.73,-1,2668,0.366,0.735,-0.388,-0.232,-619.1,623.3,2.24,10.89,-10.48,0.675,0.788,2019,-0.223
1.0,3,10,0.6,0.0,15,a,1531,0.424,0.783,-0.519,-0.147,-225.8,229.0,4.65,6.25,-5.79,0.785,0.782,783,-0.178,-5.79,-1,2475,0.42,0.764,-0.411,-0.172,-426.2,428.3,2.94,10.1,-8.09,0.71,0.811,1885,-0.184
1.0,3,10,0.6,0.2,15,c,2027,0.407,0.779,-0.475,-0.14,-283.0,288.1,3.79,8.27,-5.81,0.79,0.77,1296,-0.138,-5.81,-1,4201,0.362,0.76,-0.345,-0.228,-958.5,964.1,2.2,17.15,-12.69,0.694,0.817,3060,-0.202
1.0,3,10,0.6,0.0,15,c,2297,0.411,0.804,-0.421,-0.132,-303.5,315.7,3.87,9.38,-5.89,0.823,0.789,1459,-0.148,-5.89,-1,4163,0.365,0.757,-0.353,-0.223,-930.2,939.3,2.22,16.99,-12.38,0.669,0.834,3079,-0.201
1.0,3,10,0.3,0.2,5,a,1645,0.418,0.786,-0.486,-0.152,-250.8,252.7,4.23,6.71,-6.03,0.761,0.807,925,-0.179,-6.03,-1,2086,0.4,0.711,-0.492,-0.213,-445.2,446.5,2.77,8.51,-9.2,0.656,0.758,1615,-0.223
1.0,3,10,1.0,0.0,15,c,1636,0.403,0.76,-0.564,-0.156,-254.9,265.7,4.32,6.68,-6.07,0.76,0.761,914,-0.17,-6.07,-1,4595,0.373,0.784,-0.327,-0.204,-936.1,951.2,2.39,18.76,-11.91,0.721,0.838,3407,-0.19
1.0,3,10,0.3,0.2,15,a,1799,0.42,0.795,-0.459,-0.149,-267.5,269.4,4.2,7.34,-6.16,0.761,0.825,1026,-0.172,-6.16,-1,2336,0.399,0.708,-0.496,-0.215,-503.4,504.7,2.76,9.53,-9.84,0.641,0.767,1810,-0.223
1.0,3,20,0.3,0.0,15,c,2516,0.423,0.843,-0.328,-0.13,-327.9,334.1,4.07,10.27,-6.28,0.812,0.869,1469,-0.184,-6.28,-1,2318,0.364,0.751,-0.346,-0.231,-535.7,537.9,2.13,9.46,-9.61,0.692,0.805,1733,-0.212
1.0,3,10,0.3,0.0,15,a,1908,0.423,0.786,-0.488,-0.147,-281.2,283.4,4.33,7.79,-6.35,0.775,0.796,1073,-0.191,-6.35,-1,2105,0.41,0.726,-0.469,-0.195,-410.8,413.9,2.82,8.59,-8.49,0.676,0.771,1625,-0.197
1.0,3,10,0.3,0.2,15,c,2587,0.406,0.807,-0.383,-0.139,-360.1,367.5,3.47,10.56,-6.42,0.8,0.814,1739,-0.154,-6.42,-1,3729,0.353,0.717,-0.402,-0.25,-930.4,935.3,2.11,15.22,-13.1,0.642,0.783,2681,-0.214
1.0,3,10,0.3,0.0,5,a,1825,0.42,0.775,-0.521,-0.153,-279.4,281.6,4.36,7.45,-6.44,0.744,0.803,1012,-0.197,-6.44,-1,1958,0.407,0.721,-0.483,-0.199,-389.9,393.0,2.84,7.99,-8.35,0.677,0.76,1509,-0.203
1.0,3,10,0.3,0.0,5,c,2739,0.409,0.806,-0.393,-0.136,-371.1,384.5,3.61,11.18,-6.52,0.823,0.792,1807,-0.155,-6.52,-1,3352,0.363,0.747,-0.353,-0.228,-762.7,772.3,2.12,13.68,-11.3,0.632,0.851,2457,-0.192
1.0,3,10,0.3,0.2,5,c,2405,0.402,0.773,-0.464,-0.15,-360.1,367.0,3.55,9.82,-6.74,0.801,0.751,1595,-0.159,-6.74,-1,3391,0.36,0.744,-0.358,-0.234,-794.3,799.6,2.12,13.84,-11.71,0.67,0.809,2462,-0.206
1.0,3,10,0.3,0.0,15,c,2851,0.407,0.814,-0.373,-0.139,-396.6,412.1,3.55,11.64,-6.79,0.812,0.816,1909,-0.162,-6.79,-1,3570,0.359,0.74,-0.364,-0.236,-840.9,849.4,2.11,14.57,-12.07,0.627,0.843,2606,-0.197
1.0,3,20,0.3,0.0,5,c,2440,0.413,0.816,-0.394,-0.148,-360.5,365.6,4.13,9.96,-7.06,0.776,0.85,1405,-0.209,-7.06,-1,2141,0.362,0.749,-0.351,-0.237,-506.4,508.6,2.14,8.74,-9.48,0.689,0.802,1598,-0.221
