w,K,N,phi,beta,R,mode,tr_n,tr_wr,tr_pf,tr_avg_pts,tr_avg_R,tr_sum_R,tr_maxdd_R,tr_avg_risk,tr_tpd,tr_t,tr_pf_h1,tr_pf_h2,tr_fe_n,tr_fe_avgR,rank_t
1.0,6,30,1.0,0.2,5,a,393,0.524,1.228,0.503,0.042,16.4,21.1,6.05,1.93,0.89,0.904,1.571,116,-0.023,0.89
1.0,6,30,1.0,0.2,15,a,429,0.515,1.15,0.352,0.031,13.2,19.4,6.1,2.08,0.68,0.902,1.391,126,0.003,0.68
1.0,6,30,0.6,0.2,5,a,483,0.503,1.138,0.304,0.008,4.0,25.6,5.66,2.24,0.19,0.855,1.428,168,-0.074,0.19
1.0,6,30,1.0,0.0,5,b,237,0.506,1.066,0.161,0.011,2.6,12.8,6.66,1.66,0.18,0.966,1.149,63,0.198,0.18
1.0,6,20,1.0,0.2,5,a,407,0.482,1.087,0.197,0.006,2.6,19.8,5.64,2.06,0.13,1.007,1.155,144,0.052,0.13
1.0,6,30,1.0,0.2,5,b,211,0.502,1.12,0.289,0.008,1.7,15.6,6.55,1.57,0.12,1.241,1.032,56,0.018,0.12
1.0,6,20,0.6,0.2,5,a,536,0.487,1.084,0.184,0.003,1.4,18.8,5.3,2.43,0.06,1.013,1.143,222,-0.005,0.06
1.0,6,20,1.0,0.2,15,a,446,0.484,1.044,0.101,0.002,1.1,24.0,5.67,2.15,0.05,1.013,1.068,157,0.021,0.05
1.0,6,30,1.0,0.2,15,b,232,0.5,1.087,0.212,-0.006,-1.3,18.4,6.49,1.67,-0.09,1.217,0.993,62,-0.003,-0.09
1.0,6,30,1.0,0.0,5,a,450,0.507,1.055,0.13,-0.004,-1.7,22.0,6.23,2.2,-0.09,0.84,1.272,131,-0.052,-0.09
1.0,6,30,0.6,0.2,15,a,529,0.493,1.072,0.167,-0.005,-2.6,26.9,5.67,2.44,-0.12,0.855,1.276,188,-0.071,-0.12
1.0,6,20,0.6,0.2,15,a,587,0.486,1.044,0.099,-0.007,-4.3,28.4,5.3,2.6,-0.18,0.993,1.085,247,-0.029,-0.18
1.0,6,30,0.6,0.2,5,b,267,0.491,1.021,0.05,-0.016,-4.3,16.9,6.12,1.76,-0.28,1.109,0.954,80,-0.018,-0.28
1.0,6,30,1.0,0.0,15,b,253,0.494,0.992,-0.021,-0.018,-4.4,16.4,6.59,1.7,-0.31,0.865,1.102,67,0.182,-0.31
1.0,6,30,0.3,0.2,5,a,561,0.494,1.105,0.226,-0.014,-7.9,37.3,5.31,2.56,-0.34,0.845,1.367,224,-0.109,-0.34
1.0,6,30,1.0,0.2,15,c,645,0.476,0.999,-0.003,-0.013,-8.7,22.3,5.46,2.85,-0.35,0.924,1.061,272,0.001,-0.35
1.0,6,30,1.0,0.0,15,a,471,0.497,1.017,0.041,-0.016,-7.5,22.4,6.22,2.28,-0.38,0.832,1.198,135,-0.059,-0.38
1.0,6,30,0.6,0.2,15,b,291,0.491,1.007,0.017,-0.023,-6.6,17.0,6.07,1.85,-0.41,1.104,0.934,90,-0.033,-0.41
1.0,6,30,0.6,0.0,5,b,297,0.492,0.971,-0.072,-0.023,-6.9,17.3,6.17,1.81,-0.43,0.893,1.035,94,0.095,-0.43
1.0,6,20,1.0,0.0,5,a,470,0.474,0.989,-0.027,-0.019,-8.9,27.8,5.83,2.21,-0.43,1.065,0.931,162,-0.006,-0.43
1.0,6,20,1.0,0.0,15,a,494,0.476,0.974,-0.065,-0.022,-11.0,29.6,5.86,2.28,-0.51,1.073,0.9,170,-0.031,-0.51
1.0,6,20,1.0,0.2,15,c,667,0.477,0.984,-0.037,-0.024,-15.8,37.1,5.05,2.8,-0.6,1.012,0.962,301,-0.085,-0.6
1.0,6,30,1.0,0.0,15,c,727,0.476,1.064,0.142,-0.021,-15.5,39.6,5.5,3.13,-0.6,0.909,1.202,307,-0.055,-0.6
1.0,6,30,1.0,0.2,5,c,599,0.466,0.991,-0.021,-0.027,-16.1,28.3,5.47,2.7,-0.67,0.901,1.067,251,-0.04,-0.67
1.0,6,20,1.0,0.0,5,b,239,0.473,0.953,-0.114,-0.051,-12.3,17.8,5.93,1.53,-0.84,0.813,1.077,81,0.032,-0.84
1.0,6,30,0.3,0.2,15,a,612,0.482,1.033,0.074,-0.034,-20.8,43.7,5.33,2.78,-0.86,0.817,1.239,248,-0.115,-0.86
1.0,6,20,0.6,0.2,15,c,859,0.474,1.004,0.009,-0.031,-26.4,52.7,4.56,3.61,-0.87,0.998,1.009,451,-0.087,-0.87
1.0,6,30,0.6,0.0,15,c,868,0.471,1.042,0.09,-0.03,-25.9,49.1,5.08,3.68,-0.89,0.886,1.185,415,-0.044,-0.89
1.0,6,20,1.0,0.2,5,c,610,0.467,1.006,0.015,-0.037,-22.5,35.4,5.16,2.63,-0.9,1.027,0.991,271,-0.11,-0.9
1.0,6,30,0.6,0.0,15,b,315,0.479,0.91,-0.227,-0.051,-16.1,22.3,6.12,1.89,-0.96,0.806,1.0,100,0.065,-0.96
1.0,6,30,1.0,0.0,5,c,697,0.466,1.045,0.101,-0.035,-24.5,39.5,5.54,3.04,-0.97,0.913,1.158,290,-0.086,-0.97
1.0,6,20,1.0,0.0,15,b,252,0.472,0.903,-0.242,-0.059,-14.9,20.8,5.95,1.56,-0.99,0.792,0.995,87,0.024,-0.99
1.0,6,30,0.6,0.2,15,c,782,0.469,0.979,-0.046,-0.035,-27.7,33.8,5.02,3.4,-0.99,0.925,1.024,375,-0.038,-0.99
1.0,6,20,1.0,0.2,15,b,242,0.446,0.872,-0.335,-0.072,-17.4,27.8,6.09,1.57,-1.18,0.725,1.004,84,0.023,-1.18
1.0,6,20,1.0,0.2,5,b,221,0.434,0.902,-0.251,-0.081,-17.8,26.3,6.06,1.47,-1.26,0.72,1.072,76,0.007,-1.26
1.0,3,20,1.0,0.2,5,b,555,0.476,0.941,-0.142,-0.051,-28.0,44.3,5.77,2.4,-1.27,0.824,1.057,180,-0.014,-1.27
1.0,6,20,0.6,0.2,5,c,793,0.464,1.019,0.04,-0.047,-37.3,56.6,4.66,3.37,-1.28,1.0,1.034,409,-0.12,-1.28
1.0,6,20,0.6,0.0,5,a,587,0.46,0.918,-0.195,-0.051,-30.2,44.4,5.45,2.61,-1.29,0.942,0.899,234,-0.055,-1.29
1.0,6,30,0.6,0.0,5,a,546,0.48,0.938,-0.151,-0.054,-29.6,39.9,5.86,2.53,-1.36,0.739,1.139,181,-0.088,-1.36
1.0,6,20,0.6,0.2,5,b,306,0.451,0.906,-0.231,-0.076,-23.3,35.5,5.58,1.74,-1.37,0.762,1.034,124,-0.035,-1.37
1.0,3,30,1.0,0.2,15,c,1514,0.469,0.956,-0.099,-0.036,-54.2,72.0,5.17,6.18,-1.42,0.906,0.999,671,-0.037,-1.42
1.0,6,20,0.6,0.0,15,a,614,0.459,0.904,-0.233,-0.055,-33.9,50.3,5.48,2.69,-1.42,0.965,0.856,246,-0.073,-1.42
1.0,6,20,0.3,0.2,5,a,646,0.463,0.995,-0.01,-0.055,-35.8,44.7,4.97,2.82,-1.42,0.917,1.062,300,-0.097,-1.42
1.0,6,10,1.0,0.0,5,b,201,0.438,0.917,-0.2,-0.102,-20.5,23.1,5.39,1.56,-1.46,1.019,0.831,83,-0.121,-1.46
1.0,3,20,1.0,0.0,5,b,598,0.478,0.968,-0.074,-0.057,-34.1,51.5,5.61,2.61,-1.47,0.922,1.009,201,-0.032,-1.47
1.0,6,30,0.6,0.0,5,c,833,0.459,1.013,0.029,-0.05,-41.8,52.7,5.12,3.53,-1.47,0.887,1.125,392,-0.081,-1.47
1.0,3,30,1.0,0.2,15,a,1046,0.476,0.896,-0.254,-0.043,-45.5,49.2,5.93,4.27,-1.52,0.832,0.954,337,-0.004,-1.52
1.0,6,30,0.3,0.2,5,b,321,0.458,0.913,-0.211,-0.084,-26.8,30.9,5.65,1.89,-1.56,0.873,0.946,120,-0.189,-1.56
1.0,6,20,0.3,0.2,15,a,703,0.464,0.972,-0.062,-0.058,-41.0,50.3,4.97,3.02,-1.57,0.905,1.027,333,-0.109,-1.57
1.0,6,30,0.6,0.2,5,c,736,0.455,0.955,-0.1,-0.058,-42.3,46.6,5.02,3.23,-1.57,0.884,1.016,352,-0.085,-1.57
1.0,3,30,1.0,0.2,5,a,971,0.472,0.896,-0.254,-0.047,-45.8,49.3,5.93,3.96,-1.6,0.834,0.952,313,-0.032,-1.6
1.0,6,30,0.6,0.0,15,a,573,0.471,0.908,-0.227,-0.065,-37.2,44.1,5.83,2.65,-1.66,0.743,1.068,192,-0.093,-1.66
1.0,6,20,0.6,0.2,15,b,340,0.45,0.873,-0.317,-0.087,-29.7,37.4,5.55,1.87,-1.67,0.746,0.982,142,-0.063,-1.67
1.0,6,30,0.3,0.0,5,b,356,0.461,0.888,-0.274,-0.085,-30.1,37.1,5.73,1.97,-1.67,0.852,0.918,136,-0.104,-1.67
1.0,6,10,1.0,0.0,15,b,213,0.432,0.877,-0.299,-0.115,-24.4,27.3,5.29,1.55,-1.69,1.004,0.776,92,-0.119,-1.69
1.0,6,30,0.3,0.0,15,c,995,0.459,1.022,0.046,-0.055,-54.4,71.3,4.75,4.18,-1.72,0.848,1.184,523,-0.102,-1.72
1.0,6,20,0.6,0.0,5,b,317,0.454,0.876,-0.297,-0.094,-29.7,38.5,5.42,1.82,-1.72,0.715,1.021,128,-0.065,-1.72
1.0,3,20,1.0,0.0,15,b,636,0.48,0.947,-0.124,-0.065,-41.6,51.0,5.66,2.73,-1.75,0.955,0.94,213,-0.057,-1.75
1.0,6,30,0.3,0.2,15,b,350,0.46,0.903,-0.235,-0.09,-31.5,36.5,5.6,1.99,-1.76,0.885,0.918,133,-0.193,-1.76
1.0,3,20,1.0,0.2,15,b,607,0.476,0.891,-0.267,-0.067,-40.7,52.6,5.81,2.58,-1.78,0.802,0.978,198,-0.039,-1.78
1.0,3,30,1.0,0.2,5,b,547,0.453,0.889,-0.284,-0.07,-38.3,40.2,6.19,2.43,-1.79,0.919,0.863,158,-0.057,-1.79
1.0,6,30,0.3,0.2,15,c,905,0.456,0.973,-0.057,-0.061,-55.4,64.4,4.69,3.88,-1.81,0.875,1.057,473,-0.088,-1.81
1.0,6,30,0.3,0.0,5,a,623,0.472,0.918,-0.195,-0.073,-45.5,52.3,5.51,2.83,-1.92,0.732,1.103,237,-0.127,-1.92
1.0,6,20,1.0,0.0,15,c,752,0.455,0.897,-0.249,-0.071,-53.6,69.4,5.07,3.12,-1.95,0.978,0.837,338,-0.141,-1.95
1.0,6,20,0.3,0.2,15,c,1020,0.458,0.956,-0.089,-0.065,-66.0,80.7,4.26,4.25,-1.99,0.963,0.951,572,-0.125,-1.99
1.0,3,30,1.0,0.2,15,b,599,0.456,0.881,-0.304,-0.075,-45.0,47.5,6.15,2.57,-2.0,0.916,0.852,176,-0.041,-2.0
1.0,6,10,1.0,0.2,5,b,168,0.393,0.739,-0.701,-0.152,-25.5,28.8,5.54,1.44,-2.03,0.894,0.623,62,-0.152,-2.03
1.0,3,30,0.6,0.2,5,b,655,0.449,0.86,-0.35,-0.076,-49.6,53.0,5.79,2.82,-2.06,0.868,0.853,224,-0.06,-2.06
1.0,6,10,1.0,0.2,15,b,185,0.395,0.736,-0.698,-0.149,-27.5,30.8,5.38,1.47,-2.08,0.879,0.631,73,-0.159,-2.08
1.0,3,30,1.0,0.2,5,c,1436,0.458,0.917,-0.193,-0.055,-78.5,97.0,5.24,5.86,-2.12,0.87,0.957,621,-0.08,-2.12
1.0,6,30,0.3,0.0,15,b,377,0.454,0.845,-0.388,-0.105,-39.4,46.2,5.68,2.04,-2.13,0.779,0.901,144,-0.118,-2.13
1.0,6,30,0.3,0.0,5,c,954,0.448,0.993,-0.015,-0.072,-68.6,80.7,4.79,4.01,-2.22,0.853,1.118,491,-0.132,-2.22
1.0,3,20,1.0,0.2,5,a,979,0.461,0.903,-0.23,-0.068,-66.3,71.8,5.38,4.05,-2.23,0.922,0.887,373,-0.071,-2.23
1.0,6,20,0.6,0.0,15,b,341,0.446,0.822,-0.438,-0.117,-39.9,44.6,5.38,1.89,-2.24,0.684,0.943,143,-0.1,-2.24
1.0,6,10,1.0,0.2,5,a,333,0.423,0.794,-0.518,-0.121,-40.1,47.1,5.21,1.85,-2.26,0.974,0.661,133,-0.146,-2.26
1.0,6,30,0.3,0.0,15,a,653,0.464,0.888,-0.272,-0.085,-55.3,60.7,5.5,2.97,-2.28,0.726,1.046,250,-0.132,-2.28
1.0,6,10,0.6,0.0,5,b,315,0.432,0.811,-0.464,-0.129,-40.5,45.0,4.99,1.83,-2.29,1.008,0.674,144,-0.143,-2.29
1.0,3,30,0.6,0.2,15,c,1801,0.461,0.944,-0.121,-0.054,-97.7,111.7,4.76,7.35,-2.29,0.888,0.992,908,-0.062,-2.29
1.0,3,10,1.0,0.0,5,b,527,0.457,0.823,-0.441,-0.097,-51.2,59.2,5.29,2.41,-2.3,0.845,0.804,206,-0.015,-2.3
1.0,6,10,1.0,0.0,5,c,609,0.435,0.894,-0.229,-0.096,-58.5,67.6,4.44,2.77,-2.32,0.933,0.862,335,-0.111,-2.32
1.0,6,10,1.0,0.0,5,a,401,0.436,0.856,-0.355,-0.114,-45.6,53.4,5.26,2.04,-2.34,1.098,0.68,157,-0.229,-2.34
1.0,3,30,1.0,0.0,5,b,576,0.45,0.819,-0.476,-0.089,-51.5,54.7,6.22,2.56,-2.37,0.736,0.894,163,-0.008,-2.37
1.0,6,30,0.3,0.2,5,c,851,0.442,0.941,-0.128,-0.083,-70.6,76.9,4.69,3.65,-2.38,0.855,1.014,442,-0.131,-2.38
1.0,3,30,1.0,0.0,15,c,1700,0.456,0.943,-0.127,-0.057,-97.0,108.2,5.14,6.94,-2.4,0.882,0.998,761,-0.083,-2.4
1.0,3,20,0.6,0.2,5,b,734,0.458,0.859,-0.339,-0.086,-63.3,72.2,5.31,3.07,-2.42,0.724,0.993,291,-0.07,-2.42
1.0,3,30,0.6,0.2,5,a,1161,0.46,0.887,-0.264,-0.067,-78.1,78.6,5.51,4.74,-2.44,0.835,0.932,450,-0.11,-2.44
1.0,3,20,0.6,0.0,5,b,769,0.463,0.89,-0.252,-0.087,-66.7,75.2,5.16,3.23,-2.48,0.826,0.947,315,-0.089,-2.48
1.0,6,20,0.3,0.0,15,a,725,0.444,0.866,-0.319,-0.091,-65.6,78.1,5.14,3.1,-2.5,0.906,0.834,330,-0.14,-2.5
1.0,6,10,1.0,0.2,5,c,477,0.423,0.784,-0.514,-0.119,-56.5,62.9,4.53,2.29,-2.5,0.893,0.7,260,-0.079,-2.5
1.0,3,30,0.6,0.2,15,b,713,0.449,0.847,-0.384,-0.089,-63.2,68.1,5.76,3.01,-2.52,0.862,0.834,246,-0.071,-2.52
1.0,6,20,0.3,0.2,5,b,371,0.426,0.839,-0.392,-0.129,-47.7,57.3,5.19,2.01,-2.52,0.774,0.894,172,-0.154,-2.52
1.0,6,20,0.3,0.2,5,c,950,0.447,0.96,-0.083,-0.085,-80.8,88.1,4.33,3.99,-2.53,0.956,0.962,526,-0.167,-2.53
1.0,3,10,1.0,0.0,15,b,557,0.454,0.819,-0.454,-0.105,-58.6,69.2,5.27,2.5,-2.56,0.802,0.834,224,-0.039,-2.56
1.0,6,10,1.0,0.2,15,a,375,0.419,0.77,-0.57,-0.129,-48.4,55.5,5.07,1.92,-2.57,0.931,0.652,162,-0.167,-2.57
1.0,6,10,0.6,0.2,5,c,752,0.432,0.832,-0.359,-0.101,-75.7,80.8,3.99,3.28,-2.59,0.853,0.815,466,-0.075,-2.59
1.0,3,30,1.0,0.0,5,a,1089,0.457,0.845,-0.38,-0.071,-77.3,83.3,5.97,4.46,-2.59,0.785,0.9,344,-0.098,-2.59
1.0,3,20,1.0,0.2,15,a,1059,0.46,0.885,-0.275,-0.077,-81.4,87.6,5.4,4.38,-2.63,0.877,0.892,403,-0.09,-2.63
1.0,3,30,0.6,0.2,15,a,1254,0.462,0.877,-0.29,-0.07,-87.3,87.7,5.5,5.12,-2.63,0.803,0.941,487,-0.099,-2.63
1.0,6,20,1.0,0.0,5,c,713,0.44,0.863,-0.337,-0.098,-70.0,80.4,5.12,3.0,-2.65,0.964,0.79,313,-0.176,-2.65
1.0,3,20,0.6,0.2,5,a,1255,0.458,0.916,-0.19,-0.073,-91.8,93.3,4.98,5.12,-2.65,0.881,0.946,566,-0.09,-2.65
1.0,6,20,0.3,0.0,5,a,694,0.439,0.864,-0.324,-0.099,-68.5,77.8,5.13,3.0,-2.66,0.872,0.857,314,-0.146,-2.66
1.0,6,20,0.3,0.2,15,b,408,0.429,0.821,-0.441,-0.131,-53.3,60.9,5.19,2.14,-2.69,0.745,0.885,193,-0.157,-2.69
1.0,3,20,1.0,0.2,5,c,1446,0.453,0.897,-0.236,-0.072,-104.3,111.5,4.87,5.9,-2.73,0.949,0.857,679,-0.117,-2.73
1.0,3,30,1.0,0.0,15,a,1133,0.459,0.846,-0.376,-0.074,-83.7,88.4,5.95,4.64,-2.74,0.798,0.889,357,-0.093,-2.74
1.0,6,10,0.6,0.0,15,b,330,0.421,0.778,-0.55,-0.15,-49.5,54.0,4.92,1.83,-2.74,0.985,0.638,156,-0.17,-2.74
1.0,3,10,1.0,0.2,5,b,466,0.438,0.733,-0.69,-0.123,-57.4,63.2,5.29,2.1,-2.79,0.768,0.701,174,-0.025,-2.79
1.0,3,10,1.0,0.2,15,b,510,0.441,0.756,-0.621,-0.12,-61.0,69.2,5.23,2.23,-2.83,0.753,0.76,202,-0.052,-2.83
1.0,3,30,1.0,0.0,15,b,610,0.443,0.791,-0.556,-0.104,-63.5,67.0,6.18,2.66,-2.83,0.717,0.858,177,-0.013,-2.83
1.0,3,20,0.6,0.0,15,b,823,0.462,0.879,-0.28,-0.097,-79.8,81.7,5.17,3.43,-2.87,0.871,0.886,337,-0.124,-2.87
1.0,6,20,0.3,0.0,5,b,386,0.425,0.799,-0.487,-0.144,-55.8,64.2,5.07,2.06,-2.87,0.688,0.896,180,-0.15,-2.87
1.0,3,20,1.0,0.0,5,a,1132,0.448,0.906,-0.226,-0.081,-91.6,100.0,5.6,4.62,-2.88,0.979,0.85,413,-0.138,-2.88
1.0,6,10,1.0,0.2,15,c,539,0.417,0.747,-0.601,-0.128,-69.0,75.3,4.42,2.45,-2.88,0.839,0.675,299,-0.084,-2.88
1.0,3,20,1.0,0.2,15,c,1536,0.455,0.887,-0.253,-0.074,-114.1,125.4,4.75,6.27,-2.9,0.951,0.838,747,-0.119,-2.9
1.0,3,30,0.3,0.2,5,a,1306,0.456,0.879,-0.274,-0.077,-100.8,101.3,5.21,5.33,-2.91,0.814,0.937,560,-0.124,-2.91
1.0,6,10,1.0,0.0,15,a,431,0.425,0.82,-0.449,-0.137,-58.9,66.3,5.21,2.07,-2.92,1.061,0.649,178,-0.25,-2.92
1.0,3,30,1.0,0.0,5,c,1653,0.449,0.921,-0.18,-0.07,-115.7,131.6,5.18,6.75,-2.92,0.838,0.995,732,-0.106,-2.92
1.0,6,10,0.6,0.2,5,a,518,0.423,0.793,-0.48,-0.127,-65.9,67.8,4.74,2.47,-2.94,0.915,0.701,253,-0.181,-2.94
1.0,3,30,0.3,0.2,5,b,753,0.437,0.832,-0.407,-0.103,-77.8,80.5,5.42,3.2,-2.98,0.79,0.87,298,-0.155,-2.98
1.0,3,20,0.6,0.2,15,b,803,0.456,0.83,-0.414,-0.101,-81.3,83.1,5.3,3.33,-2.98,0.699,0.959,322,-0.094,-2.98
1.0,3,30,0.6,0.0,15,c,1989,0.451,0.936,-0.138,-0.067,-134.1,150.8,4.77,8.12,-2.99,0.891,0.975,1001,-0.091,-2.99
1.0,6,10,0.3,0.2,5,a,707,0.427,0.814,-0.416,-0.115,-81.4,85.1,4.39,3.14,-3.01,0.86,0.778,385,-0.142,-3.01
1.0,3,30,0.6,0.2,5,c,1718,0.452,0.907,-0.207,-0.074,-126.4,139.6,4.84,7.01,-3.05,0.864,0.943,847,-0.103,-3.05
1.0,6,10,0.3,0.2,5,c,1009,0.43,0.848,-0.301,-0.105,-105.5,117.0,3.64,4.26,-3.07,0.842,0.853,663,-0.095,-3.07
1.0,6,20,0.6,0.0,15,c,953,0.44,0.864,-0.31,-0.101,-96.5,112.5,4.59,3.95,-3.07,0.892,0.842,495,-0.168,-3.07
1.0,3,30,0.3,0.2,15,c,2041,0.449,0.936,-0.131,-0.071,-144.3,162.0,4.45,8.33,-3.1,0.863,1.001,1109,-0.083,-3.1
1.0,6,10,0.6,0.2,5,b,276,0.399,0.655,-0.903,-0.185,-51.1,54.2,5.01,1.69,-3.19,0.806,0.554,123,-0.196,-3.19
1.0,6,10,0.3,0.2,15,a,779,0.425,0.808,-0.425,-0.116,-90.5,95.1,4.32,3.4,-3.19,0.862,0.765,439,-0.15,-3.19
1.0,3,30,0.6,0.0,5,b,686,0.436,0.776,-0.575,-0.114,-78.2,82.7,5.79,2.92,-3.22,0.695,0.85,240,-0.046,-3.22
1.0,6,10,0.3,0.2,15,c,1118,0.428,0.841,-0.309,-0.105,-117.7,123.9,3.55,4.68,-3.24,0.841,0.841,754,-0.101,-3.24
1.0,3,30,0.3,0.2,15,a,1409,0.454,0.861,-0.321,-0.083,-117.0,117.0,5.21,5.75,-3.24,0.781,0.933,602,-0.112,-3.24
1.0,6,10,1.0,0.0,15,c,651,0.419,0.803,-0.445,-0.13,-84.4,93.4,4.38,2.88,-3.25,0.811,0.796,361,-0.123,-3.25
1.0,6,10,0.6,0.2,15,c,838,0.42,0.785,-0.461,-0.121,-101.7,104.7,3.89,3.6,-3.3,0.811,0.765,531,-0.096,-3.3
1.0,3,20,1.0,0.0,15,a,1178,0.447,0.891,-0.266,-0.091,-107.4,115.8,5.61,4.81,-3.33,0.985,0.819,428,-0.159,-3.33
1.0,6,10,0.6,0.2,15,b,299,0.398,0.659,-0.88,-0.187,-56.0,58.3,4.9,1.75,-3.34,0.835,0.544,140,-0.224,-3.34
1.0,3,20,0.3,0.0,5,b,907,0.448,0.865,-0.306,-0.111,-100.4,104.8,4.87,3.75,-3.38,0.793,0.928,422,-0.15,-3.38
1.0,6,10,0.6,0.0,5,a,600,0.425,0.799,-0.477,-0.136,-81.8,86.4,4.83,2.71,-3.39,0.871,0.739,282,-0.213,-3.39
1.0,3,20,0.6,0.0,5,a,1399,0.447,0.905,-0.219,-0.087,-122.0,132.5,5.21,5.71,-3.4,0.91,0.901,600,-0.139,-3.4
1.0,6,20,0.3,0.0,15,b,410,0.417,0.755,-0.61,-0.166,-67.9,72.1,5.06,2.12,-3.41,0.652,0.844,194,-0.175,-3.41
1.0,3,20,0.6,0.2,15,a,1362,0.453,0.875,-0.289,-0.091,-123.4,123.4,4.98,5.56,-3.44,0.829,0.914,617,-0.107,-3.44
1.0,3,10,0.6,0.0,5,b,786,0.443,0.767,-0.572,-0.123,-96.7,97.9,4.83,3.3,-3.47,0.83,0.717,367,-0.074,-3.47
1.0,3,30,0.6,0.0,5,c,1947,0.445,0.914,-0.188,-0.079,-153.4,169.5,4.81,7.95,-3.48,0.862,0.96,964,-0.114,-3.48
1.0,3,10,0.6,0.2,5,b,703,0.435,0.705,-0.74,-0.129,-90.8,93.3,4.87,2.94,-3.5,0.726,0.688,324,-0.04,-3.5
1.0,6,10,0.6,0.2,15,a,575,0.412,0.773,-0.529,-0.145,-83.6,87.4,4.65,2.63,-3.53,0.891,0.684,293,-0.227,-3.53
1.0,3,20,0.3,0.2,5,b,871,0.442,0.828,-0.405,-0.118,-103.0,104.2,4.97,3.61,-3.57,0.741,0.909,395,-0.139,-3.57
1.0,3,30,0.3,0.2,15,b,821,0.436,0.813,-0.458,-0.118,-96.9,100.0,5.41,3.44,-3.58,0.789,0.834,325,-0.159,-3.58
1.0,3,30,0.3,0.0,15,c,2236,0.445,0.943,-0.117,-0.078,-173.8,197.2,4.47,9.13,-3.6,0.892,0.988,1207,-0.114,-3.6
1.0,6,20,0.6,0.0,5,c,914,0.43,0.838,-0.376,-0.122,-111.2,126.9,4.64,3.81,-3.64,0.881,0.805,467,-0.194,-3.64
1.0,3,20,0.6,0.2,15,c,1950,0.446,0.886,-0.242,-0.086,-167.0,180.0,4.34,7.96,-3.65,0.894,0.88,1083,-0.11,-3.65
1.0,3,30,0.6,0.0,5,a,1291,0.446,0.828,-0.409,-0.094,-121.9,122.8,5.57,5.27,-3.67,0.774,0.876,483,-0.151,-3.67
1.0,3,20,0.3,0.2,5,a,1480,0.448,0.885,-0.255,-0.095,-141.2,142.3,4.67,6.04,-3.7,0.851,0.914,744,-0.116,-3.7
1.0,3,20,0.6,0.0,15,a,1461,0.447,0.89,-0.255,-0.093,-135.7,143.8,5.19,5.96,-3.71,0.928,0.86,628,-0.147,-3.71
1.0,3,20,0.6,0.2,5,c,1840,0.442,0.893,-0.232,-0.09,-165.0,176.8,4.45,7.51,-3.73,0.894,0.893,986,-0.129,-3.73
1.0,3,30,0.6,0.0,15,a,1338,0.448,0.828,-0.405,-0.094,-126.1,127.0,5.55,5.46,-3.74,0.788,0.864,501,-0.141,-3.74
1.0,6,10,0.3,0.0,5,b,433,0.411,0.72,-0.679,-0.179,-77.6,80.0,4.59,2.12,-3.75,0.902,0.59,225,-0.212,-3.75
1.0,6,10,0.3,0.0,5,a,797,0.425,0.815,-0.419,-0.137,-108.8,111.4,4.48,3.48,-3.82,0.851,0.784,428,-0.21,-3.82
1.0,6,10,0.6,0.0,5,c,907,0.419,0.833,-0.355,-0.133,-120.8,128.2,3.98,3.86,-3.82,0.856,0.815,557,-0.158,-3.82
1.0,3,20,1.0,0.0,15,c,1740,0.442,0.881,-0.274,-0.092,-159.7,170.9,4.84,7.1,-3.83,0.879,0.883,815,-0.155,-3.83
1.0,6,10,0.3,0.0,15,a,847,0.426,0.815,-0.416,-0.133,-112.9,116.4,4.43,3.64,-3.84,0.887,0.756,468,-0.196,-3.84
1.0,3,30,0.3,0.0,5,b,794,0.428,0.778,-0.545,-0.129,-102.7,106.8,5.41,3.32,-3.85,0.68,0.871,322,-0.139,-3.85
1.0,3,20,0.3,0.0,15,b,970,0.445,0.856,-0.327,-0.122,-118.6,120.7,4.88,4.01,-3.87,0.827,0.881,449,-0.187,-3.87
1.0,3,30,0.3,0.2,5,c,1947,0.442,0.892,-0.23,-0.09,-174.4,188.7,4.53,7.95,-3.88,0.853,0.926,1034,-0.12,-3.88
1.0,3,20,0.3,0.2,15,b,947,0.444,0.816,-0.434,-0.124,-117.6,117.9,4.97,3.91,-3.93,0.746,0.882,431,-0.152,-3.93
1.0,3,20,0.3,0.2,15,a,1593,0.449,0.874,-0.28,-0.098,-155.6,155.6,4.66,6.5,-3.94,0.815,0.925,804,-0.117,-3.94
1.0,3,30,0.6,0.0,15,b,725,0.426,0.745,-0.663,-0.136,-98.8,104.0,5.75,3.06,-3.97,0.679,0.804,257,-0.075,-3.97
1.0,3,10,0.6,0.0,15,b,829,0.437,0.757,-0.599,-0.138,-114.5,115.7,4.82,3.47,-4.02,0.8,0.722,389,-0.102,-4.02
1.0,6,10,0.6,0.0,15,a,641,0.413,0.775,-0.536,-0.157,-100.6,106.2,4.77,2.81,-4.05,0.863,0.705,314,-0.243,-4.05
1.0,3,10,0.6,0.2,15,b,769,0.43,0.708,-0.73,-0.145,-111.6,114.2,4.81,3.18,-4.12,0.709,0.708,362,-0.079,-4.12
1.0,3,20,1.0,0.0,5,c,1693,0.438,0.866,-0.314,-0.1,-168.6,177.6,4.9,6.91,-4.12,0.853,0.877,779,-0.155,-4.12
1.0,6,10,0.3,0.0,15,b,457,0.405,0.697,-0.739,-0.193,-88.1,89.3,4.53,2.19,-4.15,0.904,0.553,245,-0.213,-4.15
1.0,6,10,0.3,0.0,5,c,1174,0.422,0.846,-0.305,-0.13,-153.0,164.2,3.65,4.91,-4.19,0.86,0.834,769,-0.158,-4.19
1.0,3,20,0.3,0.0,5,a,1605,0.44,0.882,-0.267,-0.103,-165.9,172.6,4.91,6.55,-4.23,0.868,0.894,769,-0.155,-4.23
1.0,3,20,0.3,0.2,15,c,2290,0.441,0.881,-0.241,-0.094,-215.1,222.6,4.02,9.35,-4.27,0.905,0.862,1356,-0.113,-4.27
1.0,6,10,0.3,0.2,15,b,412,0.388,0.607,-1.014,-0.209,-86.2,88.5,4.58,2.15,-4.31,0.786,0.487,215,-0.2,-4.31
1.0,3,30,0.3,0.0,5,c,2183,0.437,0.908,-0.194,-0.094,-205.2,223.3,4.52,8.91,-4.32,0.856,0.952,1157,-0.139,-4.32
1.0,3,30,0.3,0.0,5,a,1438,0.442,0.807,-0.45,-0.107,-153.9,154.1,5.28,5.87,-4.32,0.76,0.849,598,-0.16,-4.32
1.0,3,20,0.3,0.0,15,a,1675,0.443,0.876,-0.278,-0.103,-172.8,178.9,4.88,6.84,-4.33,0.891,0.864,806,-0.148,-4.33
1.0,6,10,0.3,0.2,5,b,378,0.381,0.589,-1.083,-0.22,-83.3,86.5,4.66,2.02,-4.38,0.764,0.472,189,-0.209,-4.38
1.0,3,10,0.3,0.0,5,b,1029,0.434,0.748,-0.592,-0.139,-142.9,145.2,4.47,4.22,-4.43,0.808,0.699,537,-0.13,-4.43
1.0,6,20,0.3,0.0,15,c,1121,0.423,0.818,-0.404,-0.136,-152.9,166.3,4.28,4.65,-4.45,0.836,0.804,632,-0.202,-4.45
1.0,6,10,0.6,0.0,15,c,958,0.409,0.779,-0.477,-0.152,-145.3,151.7,3.93,4.04,-4.48,0.794,0.768,597,-0.162,-4.48
1.0,3,30,0.3,0.0,15,a,1495,0.442,0.795,-0.481,-0.11,-164.0,164.0,5.26,6.1,-4.51,0.767,0.819,622,-0.145,-4.51
1.0,3,30,0.3,0.0,15,b,840,0.42,0.747,-0.631,-0.149,-125.0,129.7,5.37,3.49,-4.58,0.651,0.838,343,-0.154,-4.58
1.0,6,10,0.3,0.0,15,c,1237,0.415,0.811,-0.376,-0.142,-175.1,184.4,3.6,5.15,-4.66,0.82,0.804,826,-0.159,-4.66
1.0,3,20,0.3,0.2,5,c,2169,0.434,0.873,-0.261,-0.105,-228.4,236.4,4.11,8.85,-4.7,0.876,0.872,1253,-0.143,-4.7
1.0,3,10,1.0,0.2,5,c,1271,0.405,0.737,-0.626,-0.141,-179.7,189.5,4.32,5.21,-4.82,0.82,0.673,711,-0.12,-4.82
1.0,3,10,0.3,0.0,15,b,1095,0.43,0.749,-0.587,-0.148,-162.1,164.8,4.45,4.49,-4.88,0.792,0.714,580,-0.15,-4.88
1.0,3,10,0.3,0.2,5,b,913,0.418,0.675,-0.804,-0.162,-148.1,149.7,4.56,3.79,-4.94,0.726,0.634,465,-0.125,-4.94
1.0,6,20,0.3,0.0,5,c,1080,0.414,0.796,-0.46,-0.155,-167.3,177.2,4.31,4.48,-4.99,0.816,0.78,603,-0.224,-4.99
1.0,3,20,0.6,0.0,15,c,2170,0.431,0.866,-0.292,-0.112,-243.1,260.6,4.4,8.86,-5.09,0.825,0.901,1162,-0.171,-5.09
1.0,3,10,1.0,0.2,15,a,959,0.417,0.748,-0.64,-0.162,-155.3,159.8,4.88,3.98,-5.12,0.78,0.722,439,-0.187,-5.12
1.0,3,10,0.6,0.2,5,a,1282,0.421,0.797,-0.479,-0.145,-185.8,188.4,4.55,5.23,-5.16,0.761,0.827,657,-0.174,-5.16
1.0,3,10,1.0,0.2,5,a,863,0.409,0.716,-0.736,-0.175,-150.9,153.5,4.93,3.58,-5.27,0.765,0.676,380,-0.188,-5.27
1.0,3,10,1.0,0.2,15,c,1380,0.402,0.741,-0.615,-0.149,-206.2,216.7,4.25,5.66,-5.29,0.759,0.726,784,-0.134,-5.29
1.0,3,10,0.3,0.2,15,b,1004,0.417,0.689,-0.76,-0.167,-168.0,169.7,4.5,4.13,-5.33,0.728,0.657,524,-0.139,-5.33
1.0,3,10,1.0,0.0,5,c,1561,0.411,0.784,-0.502,-0.14,-218.1,229.3,4.36,6.37,-5.33,0.816,0.758,855,-0.155,-5.33
1.0,3,10,0.6,0.2,5,c,1879,0.408,0.778,-0.484,-0.135,-253.5,260.2,3.88,7.67,-5.44,0.827,0.739,1185,-0.129,-5.44
1.0,3,10,1.0,0.0,5,a,1012,0.415,0.739,-0.683,-0.166,-168.0,175.0,5.12,4.15,-5.45,0.84,0.66,428,-0.227,-5.45
1.0,3,10,0.6,0.2,15,a,1406,0.422,0.799,-0.473,-0.146,-205.4,208.8,4.51,5.74,-5.45,0.771,0.821,735,-0.176,-5.45
1.0,3,10,0.6,0.0,5,c,2212,0.414,0.808,-0.415,-0.125,-277.6,288.9,3.93,9.03,-5.51,0.849,0.775,1379,-0.14,-5.51
1.0,3,10,0.6,0.0,5,a,1459,0.424,0.781,-0.528,-0.145,-212.3,215.7,4.68,5.96,-5.57,0.768,0.793,732,-0.17,-5.57
1.0,3,10,1.0,0.0,15,a,1072,0.415,0.743,-0.664,-0.168,-180.6,187.5,5.07,4.39,-5.7,0.848,0.663,468,-0.238,-5.7
1.0,3,20,0.6,0.0,5,c,2108,0.424,0.846,-0.346,-0.127,-268.1,276.4,4.46,8.6,-5.73,0.801,0.883,1112,-0.19,-5.73
1.0,3,10,0.6,0.0,15,a,1531,0.424,0.783,-0.519,-0.147,-225.8,229.0,4.65,6.25,-5.79,0.785,0.782,783,-0.178,-5.79
1.0,3,10,0.6,0.2,15,c,2027,0.407,0.779,-0.475,-0.14,-283.0,288.1,3.79,8.27,-5.81,0.79,0.77,1296,-0.138,-5.81
1.0,3,10,0.6,0.0,15,c,2297,0.411,0.804,-0.421,-0.132,-303.5,315.7,3.87,9.38,-5.89,0.823,0.789,1459,-0.148,-5.89
1.0,3,10,0.3,0.2,5,a,1645,0.418,0.786,-0.486,-0.152,-250.8,252.7,4.23,6.71,-6.03,0.761,0.807,925,-0.179,-6.03
1.0,3,10,1.0,0.0,15,c,1636,0.403,0.76,-0.564,-0.156,-254.9,265.7,4.32,6.68,-6.07,0.76,0.761,914,-0.17,-6.07
1.0,3,10,0.3,0.2,15,a,1799,0.42,0.795,-0.459,-0.149,-267.5,269.4,4.2,7.34,-6.16,0.761,0.825,1026,-0.172,-6.16
1.0,3,20,0.3,0.0,15,c,2516,0.423,0.843,-0.328,-0.13,-327.9,334.1,4.07,10.27,-6.28,0.812,0.869,1469,-0.184,-6.28
1.0,3,10,0.3,0.0,15,a,1908,0.423,0.786,-0.488,-0.147,-281.2,283.4,4.33,7.79,-6.35,0.775,0.796,1073,-0.191,-6.35
1.0,3,10,0.3,0.2,15,c,2587,0.406,0.807,-0.383,-0.139,-360.1,367.5,3.47,10.56,-6.42,0.8,0.814,1739,-0.154,-6.42
1.0,3,10,0.3,0.0,5,a,1825,0.42,0.775,-0.521,-0.153,-279.4,281.6,4.36,7.45,-6.44,0.744,0.803,1012,-0.197,-6.44
1.0,3,10,0.3,0.0,5,c,2739,0.409,0.806,-0.393,-0.136,-371.1,384.5,3.61,11.18,-6.52,0.823,0.792,1807,-0.155,-6.52
1.0,3,10,0.3,0.2,5,c,2405,0.402,0.773,-0.464,-0.15,-360.1,367.0,3.55,9.82,-6.74,0.801,0.751,1595,-0.159,-6.74
1.0,3,10,0.3,0.0,15,c,2851,0.407,0.814,-0.373,-0.139,-396.6,412.1,3.55,11.64,-6.79,0.812,0.816,1909,-0.162,-6.79
1.0,3,20,0.3,0.0,5,c,2440,0.413,0.816,-0.394,-0.148,-360.5,365.6,4.13,9.96,-7.06,0.776,0.85,1405,-0.209,-7.06
