cfg,fake,phi,base_train_n,base_train_pf,base_train_avg_pts,base_train_avg_R,base_train_avg_risk,base_valid_n,base_valid_pf,base_valid_avg_pts,base_valid_avg_R,base_valid_avg_risk,mid_train_n,mid_train_pf,mid_train_avg_pts,mid_train_avg_R,mid_train_avg_risk,mid_valid_n,mid_valid_pf,mid_valid_avg_pts,mid_valid_avg_R,mid_valid_avg_risk
0,1,1.0,395,1.295,0.644,0.075,5.75,185,0.874,-0.67,-0.117,12.4,393,1.497,0.994,0.158,5.59,184,0.95,-0.254,-0.076,12.2
0,-1,1.0,618,0.727,-0.517,-0.214,3.01,260,1.258,0.791,-0.025,6.06,616,0.924,-0.126,-0.054,2.84,261,1.407,1.16,0.07,5.88
0,0,1.0,880,0.98,-0.04,-0.088,4.1,382,0.99,-0.041,-0.079,8.95,874,1.191,0.335,0.041,3.93,382,1.091,0.363,-0.004,8.74
0,-1,0.0,325,0.688,-0.546,-0.235,2.65,141,1.099,0.299,-0.083,5.45,324,0.914,-0.127,-0.05,2.48,141,1.241,0.673,0.024,5.27
1,1,1.0,391,1.319,0.703,0.073,5.75,184,0.882,-0.628,-0.112,12.43,388,1.553,1.11,0.175,5.59,183,0.962,-0.194,-0.069,12.23
1,-1,1.0,602,0.76,-0.479,-0.198,3.0,252,1.222,0.738,-0.049,6.02,598,0.962,-0.066,-0.036,2.83,253,1.44,1.336,0.085,5.83
1,0,1.0,854,1.031,0.063,-0.065,4.08,372,1.028,0.121,-0.08,8.88,847,1.275,0.49,0.078,3.91,371,1.138,0.552,0.003,8.68
2,1,1.0,386,1.285,0.656,0.06,6.05,182,0.856,-0.789,-0.118,13.02,385,1.488,1.031,0.142,5.89,180,0.954,-0.242,-0.058,12.9
2,-1,1.0,591,0.763,-0.505,-0.201,3.29,246,1.286,1.014,0.016,6.71,584,0.933,-0.127,-0.051,3.13,244,1.423,1.413,0.108,6.55
2,0,1.0,833,1.01,0.021,-0.076,4.38,363,1.033,0.149,-0.044,9.57,831,1.212,0.404,0.053,4.21,359,1.151,0.634,0.04,9.43
3,1,1.0,389,1.259,0.586,0.055,6.04,183,0.848,-0.835,-0.122,12.99,388,1.459,0.957,0.138,5.88,181,0.942,-0.303,-0.064,12.87
3,-1,1.0,598,0.755,-0.497,-0.2,3.31,253,1.256,0.843,0.02,6.71,595,0.969,-0.054,-0.027,3.14,251,1.388,1.205,0.103,6.55
3,0,1.0,854,0.987,-0.027,-0.085,4.41,373,0.993,-0.029,-0.049,9.59,853,1.193,0.359,0.04,4.24,369,1.103,0.424,0.028,9.45
4,1,1.0,434,1.176,0.411,0.046,5.78,204,0.892,-0.577,-0.122,12.35,429,1.372,0.796,0.139,5.63,203,0.968,-0.165,-0.081,12.15
4,-1,1.0,695,0.723,-0.52,-0.213,2.98,305,1.111,0.351,-0.084,5.9,689,0.936,-0.104,-0.045,2.81,306,1.243,0.714,0.005,5.72
4,0,1.0,964,0.927,-0.148,-0.111,4.1,430,0.924,-0.321,-0.124,8.75,954,1.138,0.25,0.024,3.93,430,1.019,0.074,-0.051,8.54
