tf,N,sl,ex,hold,tr_n,tr_wr,tr_pf,tr_avg_pts,tr_avg_R,tr_sum_R,tr_maxdd_R,tr_avg_risk,tr_tpd,tr_t,tr_pf_h1,tr_pf_h2,tr_fe_n,tr_fe_avgR,rank_t,stage,fresh
60,55,1.0,ch2.5,multi,121,0.405,2.064,7.335,0.623,75.4,14.5,12.26,1.17,2.97,2.09,2.046,0,,2.97,s2,1
60,55,1.0,ch2.5,multi,122,0.402,2.047,7.265,0.617,75.2,14.5,12.26,1.18,2.95,2.017,2.069,0,,2.95,s2,0
60,55,1.5,r2,multi,164,0.445,1.542,5.546,0.331,54.2,9.2,18.03,1.3,2.82,1.437,1.63,0,,2.82,s1,0
60,55,3.0,ch2,eod,149,0.537,1.78,4.915,0.142,21.1,3.1,35.81,1.13,2.78,2.092,1.602,0,,2.78,s1,0
60,55,1.0,ch2,multi,136,0.412,1.902,5.538,0.475,64.6,17.7,12.17,1.19,2.75,2.192,1.699,0,,2.75,s2,1
60,55,1.0,ch2,multi,137,0.409,1.896,5.517,0.474,64.9,17.2,12.17,1.2,2.75,2.145,1.719,0,,2.75,s2,0
60,55,1.5,ch2,eod,153,0.523,1.735,4.584,0.266,40.7,5.4,17.9,1.16,2.74,1.893,1.632,0,,2.74,s1,0
60,45,1.0,ch2.5,multi,137,0.372,1.887,6.295,0.522,71.5,16.1,12.12,1.16,2.63,1.871,1.899,0,,2.63,s2,1
60,55,1.0,ch2,eod,164,0.457,1.653,3.76,0.339,55.6,9.1,11.93,1.24,2.63,1.553,1.733,0,,2.63,s2,0
60,45,1.0,ch2.5,multi,138,0.37,1.875,6.24,0.517,71.4,16.1,12.12,1.17,2.62,1.816,1.919,0,,2.62,s2,0
60,45,1.5,ch2,eod,171,0.509,1.693,4.221,0.234,40.1,6.4,17.71,1.16,2.6,1.868,1.577,0,,2.6,s2,0
60,45,1.5,r2,multi,181,0.431,1.473,4.953,0.288,52.1,11.2,18.08,1.29,2.59,1.486,1.464,0,,2.59,s2,0
60,55,1.5,r2,eod,174,0.529,1.496,3.649,0.232,40.4,8.5,17.77,1.32,2.56,1.529,1.474,0,,2.56,s1,0
60,45,1.0,ch2,multi,152,0.388,1.811,5.072,0.421,64.0,18.8,12.05,1.18,2.55,2.022,1.659,0,,2.55,s2,1
60,45,1.0,ch2,multi,153,0.386,1.806,5.056,0.42,64.3,18.3,12.05,1.19,2.55,1.984,1.676,0,,2.55,s2,0
60,55,1.0,ch2,eod,161,0.447,1.642,3.717,0.333,53.5,9.1,11.91,1.23,2.55,1.604,1.672,0,,2.55,s2,1
60,55,3.0,ch2.5,multi,105,0.486,1.751,7.507,0.227,23.9,4.9,37.28,1.06,2.54,1.941,1.642,0,,2.54,s2,0
60,45,3.0,ch2,eod,167,0.521,1.706,4.411,0.12,20.1,4.3,35.4,1.14,2.53,2.028,1.52,0,,2.53,s2,0
60,34,1.5,ch2,eod,196,0.495,1.616,3.828,0.21,41.1,7.1,17.7,1.19,2.52,1.758,1.52,0,,2.52,s1,0
60,45,3.0,r2,multi,88,0.477,1.82,14.887,0.396,34.9,4.0,36.68,1.04,2.52,1.83,1.81,0,,2.52,s2,0
60,45,3.0,ch2.5,multi,116,0.466,1.721,7.118,0.215,24.9,6.4,37.12,1.06,2.51,1.845,1.645,0,,2.51,s2,0
60,55,1.5,ch1.5,multi,160,0.481,1.829,4.307,0.207,33.1,9.7,18.13,1.29,2.49,2.132,1.643,0,,2.49,s2,0
60,45,1.5,r2,eod,195,0.513,1.489,3.536,0.212,41.3,7.7,17.69,1.33,2.49,1.601,1.414,0,,2.49,s2,0
60,34,1.5,r2,multi,207,0.42,1.389,4.184,0.256,52.9,11.2,18.15,1.29,2.47,1.325,1.44,0,,2.47,s1,0
60,55,3.0,ch2,eod,148,0.52,1.659,4.355,0.126,18.7,3.1,35.85,1.13,2.47,2.038,1.456,0,,2.47,s2,1
60,45,1.0,ch2,eod,182,0.445,1.611,3.468,0.298,54.3,10.6,11.81,1.24,2.47,1.538,1.67,0,,2.47,s2,0
60,34,1.0,ch2.5,multi,161,0.36,1.722,5.212,0.434,69.9,14.9,12.03,1.18,2.47,1.581,1.83,0,,2.47,s2,0
60,55,1.5,ch2,eod,152,0.507,1.637,4.114,0.239,36.4,5.4,17.92,1.16,2.47,1.844,1.509,0,,2.47,s2,1
60,55,3.0,ch2.5,multi,105,0.476,1.718,7.193,0.219,23.0,4.9,37.32,1.06,2.46,1.879,1.625,0,,2.46,s2,1
60,55,1.5,ch2.5,multi,114,0.439,1.745,6.771,0.393,44.8,12.2,18.44,1.14,2.46,1.929,1.627,0,,2.46,s2,0
60,34,1.0,ch2,eod,208,0.433,1.567,3.242,0.272,56.5,9.7,11.79,1.26,2.43,1.456,1.659,0,,2.43,s2,0
60,45,3.0,ch2.5,multi,116,0.457,1.691,6.834,0.207,24.1,6.4,37.16,1.06,2.43,1.791,1.629,0,,2.43,s2,1
60,55,1.0,r2,multi,220,0.418,1.471,3.315,0.244,53.7,15.4,12.14,1.71,2.43,1.436,1.499,0,,2.43,s2,0
60,55,1.5,r2,multi,150,0.433,1.516,5.341,0.296,44.3,9.2,18.1,1.22,2.42,1.326,1.686,0,,2.42,s2,1
60,55,1.0,ch1.5,multi,167,0.443,1.76,3.868,0.283,47.3,17.1,12.07,1.34,2.42,1.835,1.705,0,,2.42,s2,0
60,34,1.0,ch2,multi,180,0.383,1.706,4.51,0.354,63.7,18.2,12.07,1.22,2.42,1.765,1.662,0,,2.42,s2,0
60,45,1.0,ch2,eod,179,0.436,1.601,3.424,0.291,52.2,10.6,11.78,1.23,2.39,1.584,1.614,0,,2.39,s2,1
60,55,1.5,ch2.5,multi,114,0.43,1.712,6.482,0.378,43.1,12.2,18.46,1.14,2.37,1.87,1.609,0,,2.37,s2,1
60,55,3.0,ch2.5,eod,143,0.538,1.625,4.589,0.136,19.4,3.4,35.96,1.08,2.37,1.623,1.626,0,,2.37,s2,0
60,45,1.0,ch1.5,multi,184,0.44,1.722,3.736,0.263,48.4,18.7,11.97,1.3,2.36,1.74,1.708,0,,2.36,s2,0
60,55,1.5,ch2,multi,130,0.431,1.709,5.173,0.296,38.5,11.4,18.29,1.15,2.35,2.08,1.469,0,,2.35,s1,0
60,45,1.5,ch2,eod,170,0.494,1.604,3.798,0.211,35.8,6.4,17.72,1.16,2.34,1.823,1.465,0,,2.34,s2,1
60,55,3.0,ch2,multi,126,0.452,1.737,5.517,0.155,19.5,5.8,36.56,1.12,2.33,2.24,1.443,0,,2.33,s1,0
60,55,1.5,ch3.5,multi,93,0.398,1.892,9.105,0.53,49.3,7.9,18.47,1.11,2.33,1.56,2.197,0,,2.33,s1,0
60,34,1.0,ch2.5,multi,160,0.356,1.683,4.942,0.405,64.8,14.9,12.03,1.17,2.32,1.55,1.784,0,,2.32,s2,1
60,45,1.5,ch1.5,multi,177,0.475,1.741,3.999,0.183,32.4,11.2,17.98,1.26,2.31,1.933,1.616,0,,2.31,s2,0
60,55,3.0,ch1.5,multi,160,0.481,1.788,4.188,0.097,15.5,5.3,36.26,1.29,2.29,2.075,1.611,0,,2.29,s2,0
60,34,1.0,ch1.5,multi,212,0.425,1.616,3.284,0.231,49.0,16.9,11.86,1.32,2.25,1.489,1.717,0,,2.25,s2,0
60,55,3.0,ch3.5,eod,137,0.555,1.642,5.122,0.149,20.4,3.8,36.25,1.04,2.25,1.661,1.629,0,,2.25,s1,0
60,34,1.5,r2,eod,221,0.484,1.378,2.905,0.183,40.3,10.3,17.69,1.34,2.25,1.432,1.34,0,,2.25,s1,0
60,45,1.5,r2,multi,166,0.422,1.477,4.974,0.26,43.2,11.2,18.03,1.21,2.25,1.387,1.555,0,,2.25,s2,1
60,55,1.5,ch1.5,eod,172,0.494,1.608,3.096,0.165,28.5,7.1,17.94,1.3,2.24,1.782,1.492,0,,2.24,s2,0
60,55,1.5,ch2,multi,130,0.431,1.665,4.881,0.279,36.3,11.9,18.3,1.15,2.23,1.994,1.449,0,,2.23,s2,1
60,45,3.0,ch2,eod,166,0.506,1.6,3.909,0.107,17.7,4.3,35.44,1.14,2.23,1.98,1.392,0,,2.23,s2,1
60,55,1.0,ch2.5,eod,159,0.428,1.537,3.37,0.306,48.6,9.1,11.92,1.21,2.23,1.318,1.705,0,,2.23,s2,1
60,55,1.0,ch2.5,eod,162,0.426,1.528,3.31,0.302,49.0,9.1,11.95,1.23,2.23,1.35,1.666,0,,2.23,s2,0
60,55,1.5,ch3.5,eod,147,0.49,1.527,4.049,0.255,37.5,7.4,18.03,1.11,2.23,1.565,1.503,0,,2.23,s1,0
60,34,1.5,ch2,eod,193,0.482,1.532,3.38,0.183,35.2,7.3,17.53,1.18,2.22,1.66,1.453,0,,2.22,s2,1
60,45,1.5,r2,eod,181,0.503,1.454,3.387,0.197,35.7,7.2,17.69,1.24,2.21,1.585,1.37,0,,2.21,s2,1
60,34,1.0,r2,multi,273,0.403,1.359,2.583,0.198,54.1,13.4,12.02,1.65,2.21,1.302,1.406,0,,2.21,s2,0
60,34,1.5,r2,multi,188,0.415,1.365,3.916,0.24,45.0,11.2,17.98,1.2,2.21,1.321,1.401,0,,2.21,s2,1
60,55,3.0,ch2,multi,126,0.452,1.693,5.216,0.146,18.4,6.1,36.59,1.12,2.2,2.145,1.424,0,,2.2,s2,1
60,34,1.5,ch2.5,multi,147,0.408,1.526,4.948,0.303,44.6,11.7,18.35,1.12,2.2,1.757,1.385,0,,2.2,s2,0
60,55,1.5,ch1.5,multi,157,0.478,1.662,3.475,0.18,28.3,9.8,18.0,1.27,2.19,2.018,1.44,0,,2.19,s2,1
60,34,1.0,ch2,multi,178,0.376,1.611,3.924,0.317,56.4,18.7,11.92,1.2,2.19,1.692,1.549,0,,2.19,s2,1
60,55,1.5,r2,eod,161,0.516,1.414,3.237,0.21,33.9,8.5,17.9,1.23,2.19,1.443,1.395,0,,2.19,s2,1
60,55,1.0,ch1.5,eod,179,0.464,1.533,2.689,0.226,40.4,12.8,12.01,1.36,2.18,1.575,1.502,0,,2.18,s2,0
60,45,1.5,ch2.5,multi,128,0.406,1.617,5.757,0.331,42.3,13.9,18.33,1.13,2.18,1.783,1.51,0,,2.18,s2,0
60,34,1.5,ch3.5,multi,119,0.387,1.666,7.111,0.45,53.6,8.4,18.48,1.08,2.18,1.642,1.684,0,,2.18,s1,0
60,55,3.0,r2,eod,137,0.599,1.537,4.872,0.151,20.7,4.1,36.23,1.04,2.17,1.362,1.683,0,,2.17,s1,0
60,34,1.0,ch2,eod,204,0.417,1.506,2.929,0.239,48.9,9.7,11.64,1.24,2.16,1.338,1.644,0,,2.16,s2,1
60,45,1.5,ch2,multi,145,0.407,1.626,4.687,0.26,37.7,12.7,18.14,1.14,2.16,1.946,1.416,0,,2.16,s2,0
60,45,1.0,r2,multi,242,0.405,1.402,2.884,0.204,49.4,17.5,12.12,1.67,2.15,1.412,1.394,0,,2.15,s2,0
60,34,1.0,ch1.5,eod,224,0.442,1.498,2.529,0.197,44.2,11.7,11.75,1.36,2.14,1.393,1.583,0,,2.14,s2,0
60,55,3.0,ch2.5,eod,142,0.535,1.532,4.085,0.122,17.4,3.9,36.0,1.08,2.13,1.576,1.508,0,,2.13,s2,1
60,55,1.0,r2,multi,194,0.412,1.398,2.821,0.226,43.9,15.4,11.96,1.52,2.12,1.478,1.334,0,,2.12,s2,1
60,34,1.5,ch3.5,eod,184,0.462,1.432,3.374,0.211,38.9,9.4,17.66,1.12,2.11,1.679,1.275,0,,2.11,s1,0
240,55,3.0,ch2,multi,39,0.564,2.481,16.786,0.257,10.0,1.9,68.77,1.0,2.11,1.29,4.323,0,,-inf,s1,0
60,55,1.0,ch1.5,multi,164,0.439,1.595,3.064,0.243,39.8,17.5,11.97,1.31,2.1,1.751,1.482,0,,2.1,s2,1
60,55,1.5,ch2.5,eod,151,0.49,1.526,3.766,0.218,32.9,6.7,17.93,1.14,2.1,1.483,1.554,0,,2.1,s2,0
60,34,1.5,ch2.5,eod,189,0.466,1.463,3.28,0.19,35.9,8.4,17.63,1.15,2.1,1.52,1.427,0,,2.1,s2,0
60,45,1.5,ch2.5,multi,128,0.398,1.589,5.5,0.317,40.5,13.9,18.34,1.13,2.09,1.733,1.495,0,,2.09,s2,1
60,34,1.0,ch2.5,eod,203,0.399,1.449,2.802,0.248,50.3,9.9,11.69,1.23,2.09,1.252,1.606,0,,2.09,s2,0
60,34,3.0,ch2,eod,194,0.5,1.514,3.457,0.092,17.8,4.0,35.46,1.18,2.08,1.673,1.41,0,,2.08,s1,0
240,20,3.0,ch2,multi,59,0.525,1.974,12.712,0.204,12.0,2.4,71.22,1.0,2.08,1.452,2.598,0,,-inf,s1,0
60,55,3.0,r2,multi,89,0.449,1.641,12.24,0.326,29.0,6.1,36.26,1.03,2.08,1.555,1.718,0,,2.08,s1,0
60,34,1.5,ch2.5,multi,146,0.404,1.499,4.668,0.284,41.5,11.7,18.36,1.11,2.07,1.733,1.361,0,,2.07,s2,1
60,55,1.0,r2,eod,223,0.466,1.388,2.366,0.185,41.3,10.5,12.05,1.69,2.06,1.331,1.436,0,,2.06,s2,0
60,55,3.0,don,eod,135,0.593,1.517,4.767,0.147,19.9,4.1,36.31,1.02,2.06,1.374,1.638,0,,2.06,s1,0
60,34,1.0,r2,eod,277,0.448,1.341,2.088,0.166,46.0,12.5,11.86,1.68,2.06,1.251,1.416,0,,2.06,s2,0
60,34,3.0,ch2.5,multi,138,0.449,1.421,4.599,0.157,21.7,5.4,37.15,1.08,2.05,1.627,1.3,0,,2.05,s2,0
60,45,1.0,ch2.5,eod,177,0.418,1.487,3.004,0.261,46.2,10.6,11.79,1.21,2.05,1.306,1.627,0,,2.05,s2,1
60,34,1.5,ch1.5,multi,205,0.454,1.579,3.308,0.15,30.8,9.7,17.8,1.29,2.05,1.573,1.583,0,,2.05,s2,0
60,45,3.0,r2,multi,86,0.453,1.691,12.73,0.324,27.9,3.0,36.02,1.05,2.05,1.767,1.629,0,,2.05,s2,1
60,45,1.0,ch2.5,eod,180,0.417,1.479,2.955,0.259,46.6,10.6,11.82,1.22,2.05,1.336,1.592,0,,2.05,s2,0
60,45,3.0,ch1.5,multi,177,0.475,1.693,3.847,0.083,14.7,6.6,35.95,1.26,2.04,1.889,1.567,0,,2.04,s2,0
60,55,3.0,ch1.5,eod,172,0.494,1.574,2.986,0.077,13.2,4.0,35.89,1.3,2.04,1.739,1.463,0,,2.04,s2,0
60,45,1.5,ch2,multi,145,0.407,1.588,4.426,0.245,35.5,13.1,18.15,1.14,2.04,1.872,1.399,0,,2.04,s2,1
60,45,3.0,ch2.5,eod,161,0.522,1.536,3.906,0.108,17.4,4.1,35.52,1.1,2.04,1.54,1.534,0,,2.04,s2,0
60,45,1.0,ch1.5,multi,181,0.436,1.575,3.006,0.226,40.9,19.0,11.89,1.28,2.04,1.661,1.51,0,,2.04,s2,1
60,45,3.0,ch2,multi,141,0.426,1.62,4.838,0.13,18.4,7.1,36.26,1.12,2.04,2.057,1.361,0,,2.04,s2,0
60,34,1.5,ch1.5,eod,217,0.47,1.516,2.716,0.134,29.0,8.5,17.56,1.32,2.03,1.558,1.486,0,,2.03,s2,0
60,45,1.0,ch1.5,eod,198,0.465,1.498,2.527,0.197,39.0,14.3,11.88,1.35,2.02,1.537,1.469,0,,2.02,s2,0
60,45,1.5,ch1.5,multi,174,0.471,1.595,3.243,0.159,27.6,11.3,17.86,1.24,2.02,1.843,1.431,0,,2.02,s2,1
60,34,1.5,ch2,multi,170,0.412,1.528,4.054,0.216,36.7,12.6,18.22,1.17,2.0,1.77,1.369,0,,2.0,s1,0
60,55,3.0,ch1.5,multi,157,0.478,1.625,3.354,0.084,13.1,5.4,36.01,1.27,2.0,1.964,1.412,0,,2.0,s2,1
240,55,3.0,ch2,eod,72,0.625,1.742,5.991,0.096,6.9,1.6,67.53,1.0,1.97,1.301,2.216,0,,1.97,s1,0
60,55,1.5,don,eod,146,0.493,1.409,3.447,0.232,33.9,8.3,18.07,1.11,1.97,1.575,1.304,0,,1.97,s1,0
60,45,3.0,r2,eod,154,0.571,1.489,4.391,0.128,19.6,4.3,35.63,1.05,1.97,1.453,1.519,0,,1.97,s2,0
60,34,1.5,r2,eod,203,0.473,1.339,2.702,0.168,34.1,9.3,17.57,1.24,1.96,1.442,1.272,0,,1.96,s2,1
60,34,3.0,ch2.5,multi,137,0.445,1.407,4.383,0.149,20.4,5.4,37.19,1.07,1.96,1.618,1.288,0,,1.96,s2,1
60,34,1.0,ch1.5,multi,207,0.42,1.502,2.696,0.201,41.7,17.3,11.79,1.29,1.96,1.451,1.542,0,,1.96,s2,1
60,45,1.5,ch2.5,eod,169,0.479,1.491,3.402,0.186,31.5,6.9,17.72,1.15,1.95,1.474,1.502,0,,1.95,s2,0
60,34,3.0,r2,multi,102,0.441,1.46,9.673,0.284,29.0,7.0,37.62,1.02,1.95,1.598,1.364,0,,1.95,s1,0
60,45,1.5,ch1.5,eod,191,0.492,1.526,2.757,0.136,26.0,8.6,17.76,1.3,1.94,1.609,1.468,0,,1.94,s2,0
60,55,1.5,ch2.5,eod,150,0.487,1.468,3.428,0.199,29.9,7.0,17.95,1.15,1.93,1.439,1.486,0,,1.93,s2,1
60,45,1.0,r2,eod,246,0.455,1.356,2.174,0.163,40.2,11.8,12.02,1.67,1.92,1.324,1.382,0,,1.92,s2,0
60,45,3.0,ch2,multi,141,0.426,1.583,4.57,0.122,17.3,7.4,36.28,1.12,1.92,1.978,1.345,0,,1.92,s2,1
60,34,1.0,ch2.5,eod,200,0.395,1.413,2.594,0.223,44.6,9.9,11.66,1.22,1.89,1.186,1.593,0,,1.89,s2,1
60,34,1.5,ch2.5,eod,187,0.465,1.414,2.954,0.169,31.5,8.4,17.64,1.14,1.89,1.478,1.375,0,,1.89,s2,1
60,55,3.0,ch3.5,multi,81,0.457,1.628,9.007,0.267,21.6,5.2,37.61,1.04,1.86,1.474,1.751,0,,1.86,s1,0
60,10,3.0,don,eod,323,0.477,1.301,2.537,0.076,24.5,8.6,35.22,1.37,1.86,1.305,1.299,0,,1.86,s1,0
60,55,3.0,r2,multi,84,0.44,1.576,11.217,0.298,25.0,6.1,36.43,1.04,1.86,1.568,1.582,0,,1.86,s2,1
60,34,1.0,r2,multi,240,0.396,1.303,2.179,0.177,42.4,13.4,11.8,1.46,1.85,1.287,1.316,0,,1.85,s2,1
60,34,1.5,don,multi,110,0.373,1.609,6.796,0.437,48.0,10.8,18.35,1.09,1.84,1.464,1.719,0,,1.84,s1,0
60,55,3.0,r2,eod,135,0.585,1.429,4.088,0.129,17.4,4.5,36.37,1.03,1.83,1.319,1.515,0,,1.83,s2,1
60,34,1.5,don,eod,183,0.454,1.335,2.868,0.189,34.5,11.4,17.68,1.11,1.82,1.622,1.158,0,,1.82,s1,0
240,20,1.5,ch2,multi,62,0.5,1.879,11.061,0.327,20.3,4.6,34.98,1.02,1.81,1.381,2.473,0,,1.81,s1,0
240,34,3.0,ch2,multi,49,0.51,2.034,13.06,0.199,9.8,4.2,67.98,1.0,1.81,1.212,3.142,0,,-inf,s1,0
60,10,1.5,ch2,eod,370,0.446,1.293,2.028,0.111,41.0,12.5,17.64,1.57,1.81,1.348,1.254,0,,1.81,s1,0
60,45,3.0,ch2.5,eod,160,0.519,1.456,3.455,0.097,15.4,4.1,35.56,1.1,1.81,1.499,1.43,0,,1.81,s2,1
60,34,1.5,ch1.5,multi,200,0.45,1.475,2.724,0.132,26.3,9.8,17.7,1.26,1.81,1.539,1.431,0,,1.81,s2,1
240,20,3.0,ch2,eod,107,0.598,1.532,4.312,0.067,7.2,1.8,69.58,1.0,1.8,1.314,1.766,0,,1.8,s1,0
60,45,1.0,r2,multi,214,0.397,1.338,2.422,0.181,38.7,17.5,11.86,1.49,1.79,1.381,1.303,0,,1.79,s2,1
60,34,3.0,ch2.5,eod,183,0.497,1.379,3.007,0.089,16.3,5.1,35.38,1.11,1.78,1.419,1.353,0,,1.78,s2,0
60,34,1.5,ch2,multi,168,0.411,1.447,3.436,0.19,31.9,13.1,18.02,1.16,1.78,1.715,1.277,0,,1.78,s2,1
60,45,1.5,ch2.5,eod,168,0.476,1.438,3.098,0.17,28.5,6.9,17.74,1.15,1.78,1.435,1.439,0,,1.78,s2,1
60,34,1.0,ch1.5,eod,216,0.426,1.417,2.147,0.166,35.9,11.8,11.62,1.32,1.77,1.358,1.463,0,,1.77,s2,1
60,34,3.0,ch1.5,multi,205,0.454,1.54,3.163,0.066,13.6,5.9,35.59,1.29,1.77,1.537,1.542,0,,1.77,s2,0
60,55,1.0,ch1.5,eod,173,0.445,1.419,2.159,0.185,31.9,12.9,11.86,1.32,1.76,1.427,1.413,0,,1.76,s2,1
60,45,3.0,ch1.5,multi,174,0.471,1.551,3.089,0.071,12.3,6.7,35.72,1.24,1.76,1.802,1.388,0,,1.76,s2,1
60,34,3.0,ch2,eod,191,0.487,1.43,2.964,0.077,14.7,4.2,35.11,1.16,1.76,1.593,1.333,0,,1.76,s2,1
240,55,1.5,ch2,multi,42,0.524,2.161,13.876,0.41,17.2,7.5,33.66,1.02,1.76,1.129,3.647,0,,-inf,s1,0
60,55,1.5,ch1.5,eod,167,0.473,1.44,2.361,0.13,21.8,7.1,17.77,1.27,1.75,1.678,1.295,0,,1.75,s2,1
60,34,3.0,r2,eod,175,0.537,1.355,3.388,0.104,18.3,3.9,35.37,1.06,1.73,1.336,1.37,0,,1.73,s1,0
60,10,3.0,don,multi,248,0.411,1.312,3.206,0.104,25.7,8.3,35.27,1.3,1.7,1.39,1.248,0,,1.7,s1,0
60,55,1.0,r2,eod,194,0.448,1.313,1.966,0.164,31.8,10.4,11.81,1.48,1.69,1.393,1.251,0,,1.69,s2,1
60,10,1.5,ch3.5,eod,340,0.418,1.25,2.103,0.129,43.9,15.4,17.51,1.45,1.69,1.44,1.123,0,,1.69,s1,0
60,34,3.0,don,eod,173,0.526,1.345,3.31,0.104,17.9,3.9,35.42,1.05,1.69,1.36,1.334,0,,1.69,s1,0
60,10,1.5,don,eod,350,0.42,1.253,2.025,0.124,43.3,12.1,17.53,1.49,1.68,1.332,1.197,0,,1.68,s1,0
60,34,3.0,ch3.5,eod,175,0.509,1.386,3.36,0.096,16.9,4.7,35.38,1.06,1.68,1.519,1.293,0,,1.68,s1,0
60,45,3.0,ch1.5,eod,191,0.492,1.486,2.616,0.06,11.5,5.3,35.51,1.3,1.67,1.575,1.424,0,,1.67,s2,0
60,34,3.0,ch1.5,eod,217,0.47,1.464,2.529,0.057,12.4,4.7,35.11,1.32,1.67,1.487,1.447,0,,1.67,s2,0
60,45,3.0,r2,eod,152,0.559,1.393,3.688,0.108,16.4,4.3,35.74,1.04,1.65,1.414,1.377,0,,1.65,s2,1
240,55,1.5,ch2,eod,73,0.603,1.644,5.286,0.153,11.2,2.8,33.69,1.01,1.62,1.28,2.02,0,,1.62,s1,0
60,34,1.5,ch1.5,eod,210,0.452,1.403,2.196,0.108,22.6,8.5,17.41,1.28,1.62,1.533,1.318,0,,1.62,s2,1
60,45,1.0,ch1.5,eod,192,0.448,1.395,2.044,0.159,30.6,14.4,11.74,1.32,1.61,1.405,1.388,0,,1.61,s2,1
60,34,3.0,r2,multi,99,0.424,1.456,9.472,0.232,23.0,7.1,37.11,1.03,1.58,1.694,1.299,0,,1.58,s2,1
60,34,1.0,r2,eod,241,0.427,1.279,1.739,0.137,33.1,13.4,11.58,1.47,1.58,1.267,1.288,0,,1.58,s2,1
60,10,3.0,ch3.5,eod,304,0.497,1.335,2.929,0.071,21.4,7.7,34.85,1.29,1.58,1.465,1.238,0,,1.58,s1,0
60,34,3.0,ch2,multi,168,0.417,1.414,3.499,0.089,15.0,8.1,36.48,1.17,1.57,1.666,1.254,0,,1.57,s1,0
60,10,3.0,ch2,eod,365,0.46,1.257,1.87,0.05,18.3,7.4,35.29,1.55,1.57,1.259,1.256,0,,1.57,s1,0
240,10,1.5,r2,multi,100,0.42,1.334,7.087,0.231,23.1,8.1,35.67,1.03,1.57,1.716,1.09,0,,1.57,s1,0
60,34,3.0,ch2.5,eod,181,0.497,1.324,2.613,0.077,13.9,5.3,35.41,1.1,1.55,1.407,1.277,0,,1.55,s2,1
60,55,3.0,ch1.5,eod,167,0.473,1.411,2.248,0.059,9.9,4.1,35.54,1.27,1.55,1.636,1.272,0,,1.55,s2,1
60,10,3.0,r2,eod,292,0.524,1.3,2.863,0.074,21.5,5.9,35.09,1.24,1.54,1.396,1.223,0,,1.54,s1,0
240,55,3.0,don,eod,72,0.653,1.523,5.143,0.087,6.3,2.0,67.53,1.0,1.54,1.09,2.036,0,,1.54,s1,0
240,55,3.0,r2,eod,72,0.653,1.523,5.143,0.087,6.3,2.0,67.53,1.0,1.54,1.09,2.036,0,,1.54,s1,0
60,34,3.0,don,multi,95,0.453,1.354,5.961,0.232,22.1,4.7,37.17,1.04,1.54,1.388,1.332,0,,1.54,s1,0
60,45,1.0,r2,eod,215,0.437,1.293,1.818,0.139,29.8,11.7,11.7,1.47,1.52,1.365,1.237,0,,1.52,s2,1
240,55,3.0,ch3.5,eod,72,0.639,1.527,5.103,0.085,6.1,1.6,67.53,1.0,1.52,1.183,1.883,0,,1.52,s1,0
60,34,3.0,ch1.5,multi,200,0.45,1.438,2.576,0.057,11.4,5.9,35.4,1.26,1.52,1.502,1.393,0,,1.52,s2,1
60,10,1.5,r2,eod,411,0.455,1.184,1.498,0.088,36.0,16.6,17.53,1.75,1.49,1.28,1.114,0,,1.49,s1,0
60,10,1.5,don,multi,283,0.35,1.295,2.735,0.156,44.2,14.6,17.42,1.42,1.48,1.376,1.232,0,,1.48,s1,0
60,34,3.0,r2,eod,171,0.526,1.301,2.945,0.09,15.5,4.7,35.43,1.04,1.48,1.402,1.229,0,,1.48,s2,1
60,45,1.5,ch1.5,eod,186,0.473,1.38,2.087,0.103,19.2,8.7,17.59,1.27,1.47,1.578,1.253,0,,1.47,s2,1
240,20,3.0,r2,multi,46,0.478,1.489,15.897,0.287,13.2,10.1,72.3,1.0,1.46,1.019,2.007,0,,-inf,s1,0
60,20,3.0,don,eod,231,0.476,1.186,1.897,0.077,17.7,5.0,35.85,1.14,1.46,1.248,1.142,0,,1.46,s1,0
240,34,1.5,ch2,multi,53,0.472,1.839,10.565,0.292,15.5,11.0,33.26,1.04,1.45,1.395,2.241,0,,-inf,s1,0
60,20,1.5,ch2,eod,267,0.442,1.252,1.794,0.103,27.4,9.4,17.85,1.32,1.45,1.153,1.337,0,,1.45,s1,0
240,55,1.5,r2,eod,74,0.622,1.503,4.675,0.143,10.6,3.3,33.76,1.03,1.45,1.025,2.127,0,,1.45,s1,0
240,55,1.5,don,eod,73,0.616,1.506,4.769,0.146,10.7,3.3,33.69,1.01,1.44,1.031,2.127,0,,1.44,s1,0
240,20,1.5,ch2,eod,108,0.574,1.475,3.873,0.105,11.3,3.1,34.73,1.01,1.44,1.425,1.52,0,,1.44,s1,0
240,20,3.0,ch3.5,multi,44,0.591,1.822,14.282,0.195,8.6,4.8,71.6,1.0,1.43,1.251,2.445,0,,-inf,s1,0
240,10,1.5,ch3.5,multi,62,0.435,1.744,12.109,0.294,18.2,6.2,34.09,1.05,1.42,1.585,1.878,0,,1.42,s1,0
240,34,3.0,ch2,eod,91,0.582,1.414,3.582,0.059,5.4,2.1,67.47,1.0,1.41,1.132,1.738,0,,1.41,s1,0
60,34,3.0,ch2,multi,166,0.416,1.344,2.897,0.077,12.8,8.3,36.07,1.15,1.36,1.627,1.17,0,,1.36,s2,1
240,55,1.5,ch3.5,eod,73,0.603,1.467,4.461,0.137,10.0,3.1,33.69,1.01,1.35,1.059,1.956,0,,1.35,s1,0
240,10,3.0,ch2,multi,83,0.47,1.353,6.171,0.116,9.6,2.7,71.68,1.02,1.34,1.516,1.26,0,,1.34,s1,0
240,20,3.0,don,eod,107,0.617,1.348,3.366,0.056,6.0,2.6,69.58,1.0,1.3,1.111,1.624,0,,1.3,s1,0
240,20,1.5,r2,eod,109,0.587,1.384,3.435,0.098,10.7,3.4,34.76,1.02,1.3,1.166,1.627,0,,1.3,s1,0
240,20,1.5,don,eod,108,0.583,1.387,3.487,0.1,10.8,3.4,34.73,1.01,1.3,1.201,1.594,0,,1.3,s1,0
240,20,3.0,r2,eod,107,0.617,1.348,3.366,0.056,6.0,2.6,69.58,1.0,1.3,1.111,1.624,0,,1.3,s1,0
60,20,3.0,r2,eod,235,0.502,1.183,1.865,0.066,15.6,5.5,35.96,1.16,1.28,1.191,1.177,0,,1.28,s1,0
240,20,3.0,ch3.5,eod,107,0.607,1.353,3.362,0.054,5.8,2.3,69.58,1.0,1.28,1.18,1.534,0,,1.28,s1,0
60,34,3.0,ch1.5,eod,210,0.452,1.355,2.004,0.044,9.2,4.7,34.82,1.28,1.27,1.461,1.284,0,,1.27,s2,1
60,10,1.5,ch2,multi,325,0.378,1.215,1.755,0.096,31.3,14.8,18.04,1.53,1.26,1.214,1.216,0,,1.26,s1,0
240,20,1.5,r2,multi,82,0.415,1.341,6.992,0.202,16.5,7.1,35.15,1.0,1.25,1.186,1.492,0,,1.25,s1,0
240,34,1.5,r2,multi,67,0.418,1.403,7.752,0.222,14.9,9.1,33.71,1.0,1.23,1.197,1.614,0,,1.23,s1,0
240,20,1.5,ch3.5,eod,108,0.574,1.36,3.279,0.094,10.1,3.4,34.73,1.01,1.22,1.226,1.501,0,,1.22,s1,0
60,20,3.0,ch3.5,eod,235,0.468,1.204,1.93,0.062,14.5,6.3,35.68,1.16,1.22,1.249,1.172,0,,1.22,s1,0
60,45,3.0,ch1.5,eod,186,0.473,1.345,1.943,0.044,8.1,5.3,35.19,1.27,1.21,1.544,1.218,0,,1.21,s2,1
60,34,3.0,ch3.5,multi,109,0.413,1.224,3.673,0.147,16.0,4.8,37.67,1.06,1.21,1.261,1.2,0,,1.21,s1,0
60,20,3.0,ch2,eod,264,0.451,1.19,1.446,0.044,11.5,5.2,35.8,1.31,1.17,1.119,1.249,0,,1.17,s1,0
60,55,1.5,don,multi,79,0.329,1.465,5.277,0.404,31.9,16.4,18.36,1.08,1.16,1.111,1.801,0,,1.16,s1,0
240,10,3.0,don,multi,62,0.435,1.426,7.022,0.139,8.6,5.4,70.34,1.0,1.16,1.083,1.677,0,,1.16,s1,0
240,34,1.5,ch2,eod,92,0.565,1.369,3.185,0.093,8.5,5.1,33.68,1.01,1.15,1.272,1.457,0,,1.15,s1,0
60,20,3.0,r2,multi,123,0.39,1.238,5.582,0.148,18.3,7.0,38.54,1.1,1.13,1.265,1.218,0,,1.13,s1,0
240,34,1.5,ch3.5,multi,42,0.405,1.726,10.743,0.292,12.3,11.1,33.51,1.02,1.12,0.92,3.069,0,,-inf,s1,0
240,20,1.5,ch3.5,multi,51,0.451,1.644,9.966,0.253,12.9,9.1,34.78,1.02,1.12,0.957,2.567,0,,-inf,s1,0
240,34,1.5,don,multi,37,0.297,1.526,11.298,0.441,16.3,14.5,33.71,1.03,1.1,0.823,2.375,0,,-inf,s1,0
240,10,1.5,ch2,multi,88,0.432,1.291,4.819,0.168,14.8,4.5,35.36,1.04,1.08,1.283,1.296,0,,1.08,s1,0
240,10,3.0,ch2,eod,141,0.546,1.222,2.251,0.038,5.3,2.2,69.01,1.01,1.07,1.257,1.192,0,,1.07,s1,0
60,20,1.5,ch3.5,multi,172,0.285,1.18,2.362,0.191,32.8,13.6,18.59,1.21,1.07,1.095,1.25,0,,1.07,s1,0
240,10,3.0,r2,multi,45,0.467,1.385,12.943,0.207,9.3,10.9,71.15,1.02,1.06,0.67,2.163,0,,-inf,s1,0
60,20,3.0,don,multi,152,0.395,1.14,2.144,0.109,16.6,12.6,36.31,1.09,1.06,1.25,1.058,0,,1.06,s1,0
240,34,1.5,r2,eod,93,0.581,1.291,2.751,0.088,8.2,5.6,33.73,1.02,1.05,1.06,1.544,0,,1.05,s1,0
240,34,1.5,don,eod,92,0.576,1.293,2.805,0.09,8.3,5.6,33.68,1.01,1.05,1.071,1.538,0,,1.05,s1,0
60,10,1.5,r2,multi,355,0.363,1.087,1.019,0.078,27.9,23.6,17.91,1.64,1.02,1.051,1.116,0,,1.02,s1,0
240,34,3.0,r2,eod,91,0.604,1.251,2.601,0.049,4.4,3.6,67.47,1.0,1.0,0.973,1.592,0,,1.0,s1,0
240,34,3.0,don,eod,91,0.604,1.251,2.601,0.049,4.4,3.6,67.47,1.0,1.0,0.973,1.592,0,,1.0,s1,0
60,20,1.5,r2,eod,301,0.429,1.117,0.995,0.067,20.3,13.7,17.84,1.49,0.98,1.045,1.177,0,,0.98,s1,0
240,34,3.0,ch3.5,eod,91,0.593,1.254,2.596,0.047,4.3,3.4,67.47,1.0,0.98,1.038,1.492,0,,0.98,s1,0
60,55,3.0,don,multi,65,0.431,1.497,7.361,0.186,12.1,11.7,36.68,1.02,0.98,1.291,1.684,0,,0.98,s1,0
60,10,1.5,ch3.5,multi,214,0.266,1.133,1.726,0.152,32.6,17.7,18.71,1.39,0.97,1.092,1.165,0,,0.97,s1,0
240,34,1.5,ch3.5,eod,92,0.565,1.265,2.56,0.083,7.6,5.6,33.68,1.01,0.97,1.096,1.439,0,,0.97,s1,0
60,10,3.0,ch2,multi,317,0.394,1.162,1.429,0.039,12.3,8.5,36.0,1.5,0.96,1.119,1.198,0,,0.96,s1,0
60,20,3.0,ch3.5,multi,136,0.368,1.138,2.467,0.113,15.4,5.6,38.39,1.11,0.96,1.117,1.154,0,,0.96,s1,0
60,20,1.5,ch3.5,eod,253,0.395,1.126,1.136,0.081,20.6,12.1,17.74,1.25,0.94,1.081,1.163,0,,0.94,s1,0
240,34,3.0,r2,multi,42,0.452,1.178,6.601,0.188,7.9,12.7,69.43,1.0,0.91,0.576,2.108,0,,-inf,s1,0
240,10,3.0,r2,eod,141,0.567,1.191,2.092,0.035,4.9,3.2,69.01,1.01,0.9,1.067,1.33,0,,0.9,s1,0
240,10,3.0,ch3.5,eod,141,0.56,1.193,2.096,0.034,4.8,3.1,69.01,1.01,0.89,1.112,1.278,0,,0.89,s1,0
240,10,3.0,ch3.5,multi,53,0.509,1.405,9.294,0.117,6.2,3.9,69.5,1.04,0.88,1.388,1.419,0,,-inf,s1,0
60,20,1.5,don,multi,182,0.308,1.136,1.616,0.141,25.7,20.4,17.94,1.22,0.88,1.147,1.127,0,,0.88,s1,0
240,10,1.5,ch2,eod,142,0.528,1.195,1.971,0.058,8.2,3.9,34.46,1.02,0.86,1.351,1.067,0,,0.86,s1,0
240,55,3.0,r2,multi,37,0.459,1.241,8.698,0.19,7.0,11.8,68.71,1.0,0.85,0.466,2.677,0,,-inf,s1,0
240,10,3.0,don,eod,141,0.567,1.17,1.9,0.033,4.6,3.2,69.01,1.01,0.85,1.044,1.314,0,,0.85,s1,0
60,10,3.0,r2,multi,126,0.373,1.135,3.403,0.106,13.4,8.1,39.48,1.14,0.82,1.117,1.15,0,,0.82,s1,0
60,20,1.5,don,eod,252,0.389,1.089,0.842,0.07,17.7,14.7,17.76,1.25,0.79,1.091,1.087,0,,0.79,s1,0
240,55,1.5,ch3.5,multi,37,0.351,1.539,9.131,0.237,8.8,13.0,32.96,1.03,0.77,0.656,3.478,0,,-inf,s1,0
60,10,3.0,ch3.5,multi,161,0.348,1.03,0.542,0.076,12.2,8.1,39.48,1.21,0.74,1.146,0.956,0,,0.74,s1,0
60,20,1.5,r2,multi,275,0.36,1.062,0.753,0.066,18.0,18.3,18.22,1.42,0.74,1.008,1.108,0,,0.74,s1,0
240,10,1.5,don,multi,72,0.361,1.203,3.389,0.145,10.4,13.1,34.84,1.01,0.71,0.827,1.505,0,,0.71,s1,0
240,55,1.5,don,multi,33,0.273,1.385,8.902,0.353,11.7,15.1,33.24,1.03,0.71,0.525,2.778,0,,-inf,s1,0
240,10,1.5,don,eod,142,0.535,1.143,1.578,0.049,7.0,4.3,34.46,1.02,0.69,1.148,1.139,0,,0.69,s1,0
240,55,3.0,ch3.5,multi,32,0.438,1.402,9.155,0.131,4.2,7.3,67.97,1.0,0.68,0.564,4.05,0,,-inf,s1,0
240,10,1.5,r2,eod,143,0.538,1.138,1.505,0.046,6.6,4.3,34.49,1.03,0.66,1.103,1.172,0,,0.66,s1,0
60,20,1.5,ch2,multi,237,0.354,1.12,1.064,0.058,13.8,22.7,18.29,1.3,0.64,1.035,1.196,0,,0.64,s1,0
240,10,1.5,ch3.5,eod,142,0.528,1.128,1.42,0.044,6.3,4.3,34.46,1.02,0.63,1.164,1.095,0,,0.63,s1,0
240,34,3.0,ch3.5,multi,39,0.462,1.331,7.188,0.091,3.6,7.8,67.91,1.0,0.58,0.664,2.492,0,,-inf,s1,0
240,34,3.0,don,multi,35,0.343,1.088,2.946,0.135,4.7,9.4,68.51,1.0,0.56,0.562,1.718,0,,-inf,s1,0
240,20,3.0,don,multi,44,0.386,1.061,1.362,0.069,3.0,8.0,70.86,1.0,0.49,0.812,1.373,0,,-inf,s1,0
60,20,3.0,ch2,multi,233,0.365,1.068,0.657,0.019,4.5,12.5,36.65,1.29,0.4,1.007,1.122,0,,0.4,s1,0
240,55,1.5,r2,multi,57,0.368,1.136,2.816,0.069,3.9,15.1,33.7,1.04,0.36,0.665,1.719,0,,-inf,s1,0
240,20,1.5,don,multi,51,0.314,1.05,0.93,0.052,2.7,14.6,33.97,1.02,0.24,0.846,1.277,0,,-inf,s1,0
240,55,3.0,don,multi,29,0.345,0.884,-4.874,0.008,0.2,12.0,69.0,1.0,0.03,0.343,1.835,0,,-inf,s1,0
