month,split,n,long,short,sum_R,sum_pts,avg_pts,pf,pf_R,sum_R_long,sum_R_short
2025-01,0,5,4,1,0.94,-1.2,-0.24,0.96,1.31,1.95,-1.01
2025-02,0,14,9,5,0.86,7.7,0.55,1.07,1.09,2.91,-2.05
2025-03,0,15,13,2,11.88,123.7,8.24,2.71,2.96,13.9,-2.02
2025-04,0,16,12,4,7.93,175.8,10.99,1.88,1.98,8.94,-1.02
2025-05,0,13,7,6,-1.07,-32.7,-2.51,0.83,0.88,1.96,-3.04
2025-06,0,9,5,4,2.94,56.0,6.22,1.66,1.58,0.97,1.98
2025-07,0,15,7,8,3.23,14.9,1.0,1.13,1.36,4.94,-1.71
2025-08,0,16,13,3,-4.17,-41.5,-2.59,0.71,0.66,-4.14,-0.03
2025-09,0,17,16,1,12.9,191.0,11.23,2.75,2.82,13.91,-1.01
2025-10,0,15,11,4,14.95,396.4,26.42,3.69,3.97,12.96,1.99
2025-11,0,15,11,4,-0.08,-30.4,-2.03,0.88,0.99,3.94,-4.02
2025-12,0,14,11,3,3.93,50.0,3.57,1.23,1.49,3.95,-0.01
2026-01,1,17,15,2,9.04,449.6,26.45,2.39,2.01,8.96,0.08
2026-02,1,12,9,3,-2.92,-416.6,-34.71,0.35,0.71,0.09,-3.01
2026-03,1,19,6,13,7.96,302.7,15.93,1.52,1.79,-3.02,10.98
2026-04,1,9,4,5,-4.93,-199.2,-22.13,0.35,0.45,-2.91,-2.02
2026-05,1,13,6,7,1.0,18.8,1.44,1.07,1.11,-0.04,1.04
