t_in,n,long,short,sum_R,avg_pts,pf,sum_R_long,sum_R_short
2025-01,5.0,4.0,1.0,0.94,-0.244,0.96,1.95,-1.01
2025-02,14.0,9.0,5.0,0.86,0.547,1.07,2.91,-2.05
2025-03,15.0,13.0,2.0,11.88,8.245,2.71,13.9,-2.02
2025-04,16.0,12.0,4.0,7.93,10.988,1.88,8.94,-1.02
2025-05,13.0,7.0,6.0,-1.07,-2.512,0.83,1.96,-3.04
2025-06,9.0,5.0,4.0,2.94,6.217,1.66,0.97,1.98
2025-07,15.0,7.0,8.0,3.23,0.996,1.13,4.94,-1.71
2025-08,16.0,13.0,3.0,-4.17,-2.592,0.71,-4.14,-0.03
2025-09,17.0,16.0,1.0,12.9,11.235,2.75,13.91,-1.01
2025-10,15.0,11.0,4.0,14.95,26.423,3.69,12.96,1.99
2025-11,15.0,11.0,4.0,-0.08,-2.026,0.88,3.94,-4.02
2025-12,14.0,11.0,3.0,3.93,3.568,1.23,3.95,-0.01
2026-01,17.0,15.0,2.0,9.04,26.45,2.39,8.96,0.08
2026-02,12.0,9.0,3.0,-2.92,-34.715,0.35,0.09,-3.01
2026-03,19.0,6.0,13.0,7.96,15.93,1.52,-3.02,10.98
2026-04,9.0,4.0,5.0,-4.93,-22.133,0.35,-2.91,-2.02
2026-05,13.0,6.0,7.0,1.0,1.444,1.07,-0.04,1.04
