tf,N,sl,ex,hold,tr_n,tr_wr,tr_pf,tr_avg_pts,tr_avg_R,tr_sum_R,tr_maxdd_R,tr_avg_risk,tr_tpd,tr_t,tr_pf_h1,tr_pf_h2,tr_fe_n,tr_fe_avgR,rank_t
60,55,1.5,r2,multi,164,0.445,1.542,5.546,0.331,54.2,9.2,18.03,1.3,2.82,1.437,1.63,0,,2.82
60,55,3.0,ch2,eod,149,0.537,1.78,4.915,0.142,21.1,3.1,35.81,1.13,2.78,2.092,1.602,0,,2.78
60,55,1.5,ch2,eod,153,0.523,1.735,4.584,0.266,40.7,5.4,17.9,1.16,2.74,1.893,1.632,0,,2.74
60,55,1.5,r2,eod,174,0.529,1.496,3.649,0.232,40.4,8.5,17.77,1.32,2.56,1.529,1.474,0,,2.56
60,34,1.5,ch2,eod,196,0.495,1.616,3.828,0.21,41.1,7.1,17.7,1.19,2.52,1.758,1.52,0,,2.52
60,34,1.5,r2,multi,207,0.42,1.389,4.184,0.256,52.9,11.2,18.15,1.29,2.47,1.325,1.44,0,,2.47
60,55,1.5,ch2,multi,130,0.431,1.709,5.173,0.296,38.5,11.4,18.29,1.15,2.35,2.08,1.469,0,,2.35
60,55,1.5,ch3.5,multi,93,0.398,1.892,9.105,0.53,49.3,7.9,18.47,1.11,2.33,1.56,2.197,0,,2.33
60,55,3.0,ch2,multi,126,0.452,1.737,5.517,0.155,19.5,5.8,36.56,1.12,2.33,2.24,1.443,0,,2.33
60,34,1.5,r2,eod,221,0.484,1.378,2.905,0.183,40.3,10.3,17.69,1.34,2.25,1.432,1.34,0,,2.25
60,55,3.0,ch3.5,eod,137,0.555,1.642,5.122,0.149,20.4,3.8,36.25,1.04,2.25,1.661,1.629,0,,2.25
60,55,1.5,ch3.5,eod,147,0.49,1.527,4.049,0.255,37.5,7.4,18.03,1.11,2.23,1.565,1.503,0,,2.23
60,34,1.5,ch3.5,multi,119,0.387,1.666,7.111,0.45,53.6,8.4,18.48,1.08,2.18,1.642,1.684,0,,2.18
60,55,3.0,r2,eod,137,0.599,1.537,4.872,0.151,20.7,4.1,36.23,1.04,2.17,1.362,1.683,0,,2.17
60,34,1.5,ch3.5,eod,184,0.462,1.432,3.374,0.211,38.9,9.4,17.66,1.12,2.11,1.679,1.275,0,,2.11
60,34,3.0,ch2,eod,194,0.5,1.514,3.457,0.092,17.8,4.0,35.46,1.18,2.08,1.673,1.41,0,,2.08
60,55,3.0,r2,multi,89,0.449,1.641,12.24,0.326,29.0,6.1,36.26,1.03,2.08,1.555,1.718,0,,2.08
60,55,3.0,don,eod,135,0.593,1.517,4.767,0.147,19.9,4.1,36.31,1.02,2.06,1.374,1.638,0,,2.06
60,34,1.5,ch2,multi,170,0.412,1.528,4.054,0.216,36.7,12.6,18.22,1.17,2.0,1.77,1.369,0,,2.0
240,55,3.0,ch2,eod,72,0.625,1.742,5.991,0.096,6.9,1.6,67.53,1.0,1.97,1.301,2.216,0,,1.97
60,55,1.5,don,eod,146,0.493,1.409,3.447,0.232,33.9,8.3,18.07,1.11,1.97,1.575,1.304,0,,1.97
60,34,3.0,r2,multi,102,0.441,1.46,9.673,0.284,29.0,7.0,37.62,1.02,1.95,1.598,1.364,0,,1.95
60,10,3.0,don,eod,323,0.477,1.301,2.537,0.076,24.5,8.6,35.22,1.37,1.86,1.305,1.299,0,,1.86
60,55,3.0,ch3.5,multi,81,0.457,1.628,9.007,0.267,21.6,5.2,37.61,1.04,1.86,1.474,1.751,0,,1.86
60,34,1.5,don,multi,110,0.373,1.609,6.796,0.437,48.0,10.8,18.35,1.09,1.84,1.464,1.719,0,,1.84
60,34,1.5,don,eod,183,0.454,1.335,2.868,0.189,34.5,11.4,17.68,1.11,1.82,1.622,1.158,0,,1.82
240,20,1.5,ch2,multi,62,0.5,1.879,11.061,0.327,20.3,4.6,34.98,1.02,1.81,1.381,2.473,0,,1.81
60,10,1.5,ch2,eod,370,0.446,1.293,2.028,0.111,41.0,12.5,17.64,1.57,1.81,1.348,1.254,0,,1.81
240,20,3.0,ch2,eod,107,0.598,1.532,4.312,0.067,7.2,1.8,69.58,1.0,1.8,1.314,1.766,0,,1.8
60,34,3.0,r2,eod,175,0.537,1.355,3.388,0.104,18.3,3.9,35.37,1.06,1.73,1.336,1.37,0,,1.73
60,10,3.0,don,multi,248,0.411,1.312,3.206,0.104,25.7,8.3,35.27,1.3,1.7,1.39,1.248,0,,1.7
60,10,1.5,ch3.5,eod,340,0.418,1.25,2.103,0.129,43.9,15.4,17.51,1.45,1.69,1.44,1.123,0,,1.69
60,34,3.0,don,eod,173,0.526,1.345,3.31,0.104,17.9,3.9,35.42,1.05,1.69,1.36,1.334,0,,1.69
60,10,1.5,don,eod,350,0.42,1.253,2.025,0.124,43.3,12.1,17.53,1.49,1.68,1.332,1.197,0,,1.68
60,34,3.0,ch3.5,eod,175,0.509,1.386,3.36,0.096,16.9,4.7,35.38,1.06,1.68,1.519,1.293,0,,1.68
240,55,1.5,ch2,eod,73,0.603,1.644,5.286,0.153,11.2,2.8,33.69,1.01,1.62,1.28,2.02,0,,1.62
60,10,3.0,ch3.5,eod,304,0.497,1.335,2.929,0.071,21.4,7.7,34.85,1.29,1.58,1.465,1.238,0,,1.58
240,10,1.5,r2,multi,100,0.42,1.334,7.087,0.231,23.1,8.1,35.67,1.03,1.57,1.716,1.09,0,,1.57
60,10,3.0,ch2,eod,365,0.46,1.257,1.87,0.05,18.3,7.4,35.29,1.55,1.57,1.259,1.256,0,,1.57
60,34,3.0,ch2,multi,168,0.417,1.414,3.499,0.089,15.0,8.1,36.48,1.17,1.57,1.666,1.254,0,,1.57
60,34,3.0,don,multi,95,0.453,1.354,5.961,0.232,22.1,4.7,37.17,1.04,1.54,1.388,1.332,0,,1.54
240,55,3.0,r2,eod,72,0.653,1.523,5.143,0.087,6.3,2.0,67.53,1.0,1.54,1.09,2.036,0,,1.54
60,10,3.0,r2,eod,292,0.524,1.3,2.863,0.074,21.5,5.9,35.09,1.24,1.54,1.396,1.223,0,,1.54
240,55,3.0,don,eod,72,0.653,1.523,5.143,0.087,6.3,2.0,67.53,1.0,1.54,1.09,2.036,0,,1.54
240,55,3.0,ch3.5,eod,72,0.639,1.527,5.103,0.085,6.1,1.6,67.53,1.0,1.52,1.183,1.883,0,,1.52
60,10,1.5,r2,eod,411,0.455,1.184,1.498,0.088,36.0,16.6,17.53,1.75,1.49,1.28,1.114,0,,1.49
60,10,1.5,don,multi,283,0.35,1.295,2.735,0.156,44.2,14.6,17.42,1.42,1.48,1.376,1.232,0,,1.48
60,20,3.0,don,eod,231,0.476,1.186,1.897,0.077,17.7,5.0,35.85,1.14,1.46,1.248,1.142,0,,1.46
60,20,1.5,ch2,eod,267,0.442,1.252,1.794,0.103,27.4,9.4,17.85,1.32,1.45,1.153,1.337,0,,1.45
240,55,1.5,r2,eod,74,0.622,1.503,4.675,0.143,10.6,3.3,33.76,1.03,1.45,1.025,2.127,0,,1.45
240,20,1.5,ch2,eod,108,0.574,1.475,3.873,0.105,11.3,3.1,34.73,1.01,1.44,1.425,1.52,0,,1.44
240,55,1.5,don,eod,73,0.616,1.506,4.769,0.146,10.7,3.3,33.69,1.01,1.44,1.031,2.127,0,,1.44
240,10,1.5,ch3.5,multi,62,0.435,1.744,12.109,0.294,18.2,6.2,34.09,1.05,1.42,1.585,1.878,0,,1.42
240,34,3.0,ch2,eod,91,0.582,1.414,3.582,0.059,5.4,2.1,67.47,1.0,1.41,1.132,1.738,0,,1.41
240,55,1.5,ch3.5,eod,73,0.603,1.467,4.461,0.137,10.0,3.1,33.69,1.01,1.35,1.059,1.956,0,,1.35
240,10,3.0,ch2,multi,83,0.47,1.353,6.171,0.116,9.6,2.7,71.68,1.02,1.34,1.516,1.26,0,,1.34
240,20,3.0,r2,eod,107,0.617,1.348,3.366,0.056,6.0,2.6,69.58,1.0,1.3,1.111,1.624,0,,1.3
240,20,1.5,don,eod,108,0.583,1.387,3.487,0.1,10.8,3.4,34.73,1.01,1.3,1.201,1.594,0,,1.3
240,20,1.5,r2,eod,109,0.587,1.384,3.435,0.098,10.7,3.4,34.76,1.02,1.3,1.166,1.627,0,,1.3
240,20,3.0,don,eod,107,0.617,1.348,3.366,0.056,6.0,2.6,69.58,1.0,1.3,1.111,1.624,0,,1.3
240,20,3.0,ch3.5,eod,107,0.607,1.353,3.362,0.054,5.8,2.3,69.58,1.0,1.28,1.18,1.534,0,,1.28
60,20,3.0,r2,eod,235,0.502,1.183,1.865,0.066,15.6,5.5,35.96,1.16,1.28,1.191,1.177,0,,1.28
60,10,1.5,ch2,multi,325,0.378,1.215,1.755,0.096,31.3,14.8,18.04,1.53,1.26,1.214,1.216,0,,1.26
240,20,1.5,r2,multi,82,0.415,1.341,6.992,0.202,16.5,7.1,35.15,1.0,1.25,1.186,1.492,0,,1.25
240,34,1.5,r2,multi,67,0.418,1.403,7.752,0.222,14.9,9.1,33.71,1.0,1.23,1.197,1.614,0,,1.23
60,20,3.0,ch3.5,eod,235,0.468,1.204,1.93,0.062,14.5,6.3,35.68,1.16,1.22,1.249,1.172,0,,1.22
240,20,1.5,ch3.5,eod,108,0.574,1.36,3.279,0.094,10.1,3.4,34.73,1.01,1.22,1.226,1.501,0,,1.22
60,34,3.0,ch3.5,multi,109,0.413,1.224,3.673,0.147,16.0,4.8,37.67,1.06,1.21,1.261,1.2,0,,1.21
60,20,3.0,ch2,eod,264,0.451,1.19,1.446,0.044,11.5,5.2,35.8,1.31,1.17,1.119,1.249,0,,1.17
240,10,3.0,don,multi,62,0.435,1.426,7.022,0.139,8.6,5.4,70.34,1.0,1.16,1.083,1.677,0,,1.16
60,55,1.5,don,multi,79,0.329,1.465,5.277,0.404,31.9,16.4,18.36,1.08,1.16,1.111,1.801,0,,1.16
240,34,1.5,ch2,eod,92,0.565,1.369,3.185,0.093,8.5,5.1,33.68,1.01,1.15,1.272,1.457,0,,1.15
60,20,3.0,r2,multi,123,0.39,1.238,5.582,0.148,18.3,7.0,38.54,1.1,1.13,1.265,1.218,0,,1.13
240,10,1.5,ch2,multi,88,0.432,1.291,4.819,0.168,14.8,4.5,35.36,1.04,1.08,1.283,1.296,0,,1.08
240,10,3.0,ch2,eod,141,0.546,1.222,2.251,0.038,5.3,2.2,69.01,1.01,1.07,1.257,1.192,0,,1.07
60,20,1.5,ch3.5,multi,172,0.285,1.18,2.362,0.191,32.8,13.6,18.59,1.21,1.07,1.095,1.25,0,,1.07
60,20,3.0,don,multi,152,0.395,1.14,2.144,0.109,16.6,12.6,36.31,1.09,1.06,1.25,1.058,0,,1.06
240,34,1.5,don,eod,92,0.576,1.293,2.805,0.09,8.3,5.6,33.68,1.01,1.05,1.071,1.538,0,,1.05
240,34,1.5,r2,eod,93,0.581,1.291,2.751,0.088,8.2,5.6,33.73,1.02,1.05,1.06,1.544,0,,1.05
60,10,1.5,r2,multi,355,0.363,1.087,1.019,0.078,27.9,23.6,17.91,1.64,1.02,1.051,1.116,0,,1.02
240,34,3.0,don,eod,91,0.604,1.251,2.601,0.049,4.4,3.6,67.47,1.0,1.0,0.973,1.592,0,,1.0
240,34,3.0,r2,eod,91,0.604,1.251,2.601,0.049,4.4,3.6,67.47,1.0,1.0,0.973,1.592,0,,1.0
60,20,1.5,r2,eod,301,0.429,1.117,0.995,0.067,20.3,13.7,17.84,1.49,0.98,1.045,1.177,0,,0.98
240,34,3.0,ch3.5,eod,91,0.593,1.254,2.596,0.047,4.3,3.4,67.47,1.0,0.98,1.038,1.492,0,,0.98
60,55,3.0,don,multi,65,0.431,1.497,7.361,0.186,12.1,11.7,36.68,1.02,0.98,1.291,1.684,0,,0.98
60,10,1.5,ch3.5,multi,214,0.266,1.133,1.726,0.152,32.6,17.7,18.71,1.39,0.97,1.092,1.165,0,,0.97
240,34,1.5,ch3.5,eod,92,0.565,1.265,2.56,0.083,7.6,5.6,33.68,1.01,0.97,1.096,1.439,0,,0.97
60,10,3.0,ch2,multi,317,0.394,1.162,1.429,0.039,12.3,8.5,36.0,1.5,0.96,1.119,1.198,0,,0.96
60,20,3.0,ch3.5,multi,136,0.368,1.138,2.467,0.113,15.4,5.6,38.39,1.11,0.96,1.117,1.154,0,,0.96
60,20,1.5,ch3.5,eod,253,0.395,1.126,1.136,0.081,20.6,12.1,17.74,1.25,0.94,1.081,1.163,0,,0.94
240,10,3.0,r2,eod,141,0.567,1.191,2.092,0.035,4.9,3.2,69.01,1.01,0.9,1.067,1.33,0,,0.9
240,10,3.0,ch3.5,eod,141,0.56,1.193,2.096,0.034,4.8,3.1,69.01,1.01,0.89,1.112,1.278,0,,0.89
60,20,1.5,don,multi,182,0.308,1.136,1.616,0.141,25.7,20.4,17.94,1.22,0.88,1.147,1.127,0,,0.88
240,10,1.5,ch2,eod,142,0.528,1.195,1.971,0.058,8.2,3.9,34.46,1.02,0.86,1.351,1.067,0,,0.86
240,10,3.0,don,eod,141,0.567,1.17,1.9,0.033,4.6,3.2,69.01,1.01,0.85,1.044,1.314,0,,0.85
60,10,3.0,r2,multi,126,0.373,1.135,3.403,0.106,13.4,8.1,39.48,1.14,0.82,1.117,1.15,0,,0.82
60,20,1.5,don,eod,252,0.389,1.089,0.842,0.07,17.7,14.7,17.76,1.25,0.79,1.091,1.087,0,,0.79
60,10,3.0,ch3.5,multi,161,0.348,1.03,0.542,0.076,12.2,8.1,39.48,1.21,0.74,1.146,0.956,0,,0.74
60,20,1.5,r2,multi,275,0.36,1.062,0.753,0.066,18.0,18.3,18.22,1.42,0.74,1.008,1.108,0,,0.74
240,10,1.5,don,multi,72,0.361,1.203,3.389,0.145,10.4,13.1,34.84,1.01,0.71,0.827,1.505,0,,0.71
240,10,1.5,don,eod,142,0.535,1.143,1.578,0.049,7.0,4.3,34.46,1.02,0.69,1.148,1.139,0,,0.69
240,10,1.5,r2,eod,143,0.538,1.138,1.505,0.046,6.6,4.3,34.49,1.03,0.66,1.103,1.172,0,,0.66
60,20,1.5,ch2,multi,237,0.354,1.12,1.064,0.058,13.8,22.7,18.29,1.3,0.64,1.035,1.196,0,,0.64
240,10,1.5,ch3.5,eod,142,0.528,1.128,1.42,0.044,6.3,4.3,34.46,1.02,0.63,1.164,1.095,0,,0.63
60,20,3.0,ch2,multi,233,0.365,1.068,0.657,0.019,4.5,12.5,36.65,1.29,0.4,1.007,1.122,0,,0.4
240,55,1.5,ch3.5,multi,37,0.351,1.539,9.131,0.237,8.8,13.0,32.96,1.03,0.77,0.656,3.478,0,,-inf
240,20,3.0,don,multi,44,0.386,1.061,1.362,0.069,3.0,8.0,70.86,1.0,0.49,0.812,1.373,0,,-inf
240,55,1.5,don,multi,33,0.273,1.385,8.902,0.353,11.7,15.1,33.24,1.03,0.71,0.525,2.778,0,,-inf
240,55,1.5,ch2,multi,42,0.524,2.161,13.876,0.41,17.2,7.5,33.66,1.02,1.76,1.129,3.647,0,,-inf
240,55,3.0,ch2,multi,39,0.564,2.481,16.786,0.257,10.0,1.9,68.77,1.0,2.11,1.29,4.323,0,,-inf
240,55,3.0,ch3.5,multi,32,0.438,1.402,9.155,0.131,4.2,7.3,67.97,1.0,0.68,0.564,4.05,0,,-inf
240,55,3.0,don,multi,29,0.345,0.884,-4.874,0.008,0.2,12.0,69.0,1.0,0.03,0.343,1.835,0,,-inf
240,55,1.5,r2,multi,57,0.368,1.136,2.816,0.069,3.9,15.1,33.7,1.04,0.36,0.665,1.719,0,,-inf
240,34,3.0,r2,multi,42,0.452,1.178,6.601,0.188,7.9,12.7,69.43,1.0,0.91,0.576,2.108,0,,-inf
240,20,3.0,r2,multi,46,0.478,1.489,15.897,0.287,13.2,10.1,72.3,1.0,1.46,1.019,2.007,0,,-inf
240,34,3.0,don,multi,35,0.343,1.088,2.946,0.135,4.7,9.4,68.51,1.0,0.56,0.562,1.718,0,,-inf
240,34,3.0,ch3.5,multi,39,0.462,1.331,7.188,0.091,3.6,7.8,67.91,1.0,0.58,0.664,2.492,0,,-inf
240,10,3.0,ch3.5,multi,53,0.509,1.405,9.294,0.117,6.2,3.9,69.5,1.04,0.88,1.388,1.419,0,,-inf
240,34,3.0,ch2,multi,49,0.51,2.034,13.06,0.199,9.8,4.2,67.98,1.0,1.81,1.212,3.142,0,,-inf
240,10,3.0,r2,multi,45,0.467,1.385,12.943,0.207,9.3,10.9,71.15,1.02,1.06,0.67,2.163,0,,-inf
240,20,1.5,ch3.5,multi,51,0.451,1.644,9.966,0.253,12.9,9.1,34.78,1.02,1.12,0.957,2.567,0,,-inf
240,34,1.5,don,multi,37,0.297,1.526,11.298,0.441,16.3,14.5,33.71,1.03,1.1,0.823,2.375,0,,-inf
240,20,1.5,don,multi,51,0.314,1.05,0.93,0.052,2.7,14.6,33.97,1.02,0.24,0.846,1.277,0,,-inf
240,34,1.5,ch3.5,multi,42,0.405,1.726,10.743,0.292,12.3,11.1,33.51,1.02,1.12,0.92,3.069,0,,-inf
240,20,3.0,ch2,multi,59,0.525,1.974,12.712,0.204,12.0,2.4,71.22,1.0,2.08,1.452,2.598,0,,-inf
240,34,1.5,ch2,multi,53,0.472,1.839,10.565,0.292,15.5,11.0,33.26,1.04,1.45,1.395,2.241,0,,-inf
240,20,3.0,ch3.5,multi,44,0.591,1.822,14.282,0.195,8.6,4.8,71.6,1.0,1.43,1.251,2.445,0,,-inf
240,55,3.0,r2,multi,37,0.459,1.241,8.698,0.19,7.0,11.8,68.71,1.0,0.85,0.466,2.677,0,,-inf
