a,T,q,flip,tr_n,tr_wr,tr_pf,tr_avg_pts,tr_avg_R,tr_sum_R,tr_maxdd_R,tr_avg_risk,tr_tpd,tr_t,tr_pf_h1,tr_pf_h2,tr_fe_n,tr_fe_avgR,rank_t
1.0,120,0.02,1,83,0.578,1.254,0.37,0.128,10.6,9.5,3.25,3.61,1.15,0.99,1.623,83,0.128,1.15
1.0,30,0.02,0,304,0.526,1.06,0.141,0.032,9.7,13.5,4.9,4.75,0.55,1.059,1.061,121,0.031,0.55
1.5,60,0.02,0,140,0.521,0.979,-0.054,0.039,5.5,11.4,5.32,2.8,0.47,0.815,1.228,26,0.139,0.47
1.0,30,0.02,1,121,0.529,1.066,0.102,0.031,3.8,11.0,3.22,3.36,0.34,1.106,1.028,121,0.031,0.34
1.0,60,0.05,1,170,0.524,1.045,0.072,0.014,2.4,22.0,3.27,4.59,0.18,1.213,0.889,170,0.014,0.18
1.0,60,0.02,0,199,0.523,1.006,0.012,0.007,1.4,23.0,3.94,3.98,0.1,0.974,1.044,129,-0.016,0.1
1.0,120,0.1,1,251,0.518,1.022,0.036,0.003,0.8,25.7,3.26,5.98,0.05,1.144,0.906,251,0.003,0.05
1.5,120,0.2,1,65,0.508,0.961,-0.075,-0.0,-0.0,8.7,3.73,3.61,-0.0,0.78,1.179,65,-0.0,-0.0
1.0,120,0.02,0,190,0.511,1.004,0.007,-0.01,-2.0,26.9,3.66,4.63,-0.14,1.087,0.915,138,-0.035,-0.14
1.0,60,0.1,1,308,0.506,0.982,-0.031,-0.018,-5.4,29.0,3.27,7.16,-0.31,1.037,0.926,308,-0.018,-0.31
1.0,60,0.02,1,80,0.5,0.977,-0.039,-0.044,-3.5,14.4,3.27,2.76,-0.39,0.711,1.362,80,-0.044,-0.39
1.0,120,0.05,0,351,0.501,0.926,-0.161,-0.024,-8.6,35.9,4.16,5.95,-0.45,1.013,0.832,215,0.009,-0.45
1.0,60,0.2,1,637,0.504,0.966,-0.057,-0.021,-13.7,54.9,3.24,13.27,-0.53,1.027,0.905,637,-0.021,-0.53
1.0,120,0.05,1,166,0.494,0.937,-0.108,-0.047,-7.8,21.3,3.24,4.74,-0.59,0.982,0.89,166,-0.047,-0.59
1.5,60,0.2,1,88,0.477,0.852,-0.281,-0.077,-6.8,11.6,3.55,3.83,-0.72,0.742,0.974,88,-0.077,-0.72
1.0,30,0.05,1,273,0.487,0.889,-0.186,-0.052,-14.2,21.4,3.19,6.35,-0.86,0.935,0.846,273,-0.052,-0.86
1.5,60,0.05,0,353,0.482,0.879,-0.338,-0.046,-16.3,25.8,5.5,6.09,-0.89,0.715,1.122,59,-0.102,-0.89
1.0,60,0.05,0,400,0.49,0.853,-0.342,-0.052,-20.6,43.4,4.29,6.78,-1.02,0.879,0.822,220,0.016,-1.02
0.5,30,0.02,1,281,0.491,0.921,-0.085,-0.068,-19.2,31.1,2.0,5.11,-1.11,0.896,0.952,281,-0.068,-1.11
1.5,30,0.1,0,699,0.486,0.894,-0.323,-0.045,-31.8,32.1,6.38,10.75,-1.27,0.98,0.802,95,-0.162,-1.27
1.0,120,0.2,1,590,0.488,0.895,-0.183,-0.058,-34.2,56.4,3.26,12.29,-1.38,0.982,0.811,590,-0.058,-1.38
1.0,30,0.05,0,693,0.483,0.867,-0.335,-0.053,-36.8,41.7,4.78,10.66,-1.41,0.753,1.023,286,-0.039,-1.41
1.5,30,0.05,0,411,0.477,0.793,-0.679,-0.073,-30.0,32.3,6.43,6.32,-1.57,0.89,0.689,52,-0.1,-1.57
1.5,60,0.1,0,661,0.481,0.859,-0.415,-0.062,-40.7,45.7,5.68,10.17,-1.61,0.782,0.962,112,-0.112,-1.61
1.5,120,0.2,0,737,0.479,0.857,-0.518,-0.061,-45.3,75.9,6.77,11.34,-1.66,0.886,0.822,60,-0.061,-1.66
1.0,120,0.1,0,652,0.479,0.859,-0.358,-0.068,-44.3,76.5,4.65,10.19,-1.72,0.992,0.721,289,-0.009,-1.72
1.0,30,0.1,1,496,0.476,0.832,-0.291,-0.084,-41.8,44.3,3.19,10.78,-1.88,0.862,0.802,496,-0.084,-1.88
1.5,120,0.1,0,386,0.461,0.793,-0.76,-0.098,-37.8,71.7,6.65,6.54,-1.92,0.786,0.802,23,-0.159,-1.92
1.5,30,0.2,1,104,0.423,0.625,-0.706,-0.194,-20.2,21.6,3.46,4.95,-2.15,0.565,0.694,104,-0.194,-2.15
1.5,120,0.05,0,233,0.438,0.708,-1.08,-0.147,-34.3,46.2,6.36,4.57,-2.24,0.8,0.613,16,-0.408,-2.24
1.5,30,0.2,0,1147,0.478,0.864,-0.419,-0.061,-69.7,69.7,6.59,17.65,-2.24,0.932,0.787,148,-0.199,-2.24
0.5,120,0.02,1,298,0.453,0.812,-0.237,-0.139,-41.5,51.2,2.2,4.89,-2.33,1.022,0.622,298,-0.139,-2.33
1.5,30,0.02,0,197,0.426,0.662,-1.272,-0.159,-31.4,32.4,6.57,3.79,-2.34,0.763,0.567,25,-0.486,-2.34
0.5,30,0.02,0,315,0.46,0.845,-0.166,-0.137,-43.2,45.7,1.91,5.62,-2.35,0.859,0.827,282,-0.065,-2.35
1.0,60,0.1,0,795,0.47,0.816,-0.455,-0.087,-69.4,88.2,4.47,12.23,-2.44,0.79,0.847,402,-0.077,-2.44
1.0,120,0.2,0,1463,0.478,0.893,-0.277,-0.07,-101.8,105.4,4.86,22.51,-2.63,1.007,0.774,612,-0.087,-2.63
1.5,60,0.2,0,1096,0.467,0.83,-0.547,-0.079,-86.8,93.9,6.07,16.86,-2.66,0.8,0.869,145,-0.132,-2.66
1.5,120,0.02,0,107,0.383,0.595,-1.461,-0.257,-27.5,36.4,5.87,3.45,-2.67,0.819,0.425,9,-0.816,-2.67
1.0,30,0.1,0,1245,0.472,0.873,-0.315,-0.078,-97.3,105.6,4.75,19.15,-2.78,0.85,0.902,542,-0.099,-2.78
0.5,120,0.02,0,325,0.443,0.83,-0.21,-0.164,-53.2,61.1,2.19,5.16,-2.86,1.036,0.639,298,-0.139,-2.86
0.5,60,0.02,1,301,0.435,0.758,-0.307,-0.172,-51.8,53.6,2.15,5.1,-2.88,0.822,0.691,301,-0.172,-2.88
1.0,30,0.2,1,836,0.467,0.813,-0.323,-0.101,-84.1,92.5,3.19,17.42,-2.93,0.819,0.808,836,-0.101,-2.93
1.0,60,0.2,0,1604,0.475,0.848,-0.377,-0.077,-123.6,138.0,4.58,24.68,-3.07,0.854,0.841,752,-0.078,-3.07
0.5,60,0.02,0,318,0.425,0.738,-0.329,-0.198,-62.9,64.7,2.09,5.39,-3.4,0.77,0.702,301,-0.172,-3.4
1.0,30,0.2,0,2088,0.467,0.838,-0.399,-0.085,-178.0,194.9,4.66,32.12,-3.95,0.823,0.857,935,-0.084,-3.95
0.5,30,0.05,1,698,0.447,0.77,-0.277,-0.157,-109.8,112.5,2.06,10.74,-4.04,0.867,0.666,698,-0.157,-4.04
0.5,60,0.05,1,727,0.444,0.753,-0.321,-0.159,-115.6,119.9,2.21,11.36,-4.17,0.741,0.767,727,-0.159,-4.17
0.5,120,0.05,1,858,0.449,0.761,-0.316,-0.149,-128.1,128.4,2.26,13.2,-4.26,0.736,0.791,858,-0.149,-4.26
0.5,60,0.05,0,785,0.437,0.756,-0.32,-0.177,-138.7,144.4,2.23,12.08,-4.82,0.757,0.754,727,-0.159,-4.82
0.5,30,0.05,0,781,0.437,0.736,-0.319,-0.183,-142.6,143.6,2.02,12.02,-4.96,0.813,0.65,716,-0.155,-4.96
0.5,120,0.05,0,926,0.441,0.761,-0.319,-0.169,-156.2,158.6,2.27,14.25,-5.0,0.747,0.777,858,-0.149,-5.0
0.5,30,0.1,1,1358,0.448,0.79,-0.26,-0.155,-210.5,213.2,2.14,20.89,-5.55,0.872,0.704,1358,-0.155,-5.55
0.5,30,0.1,0,1522,0.443,0.787,-0.266,-0.165,-251.6,259.2,2.16,23.42,-6.27,0.855,0.71,1398,-0.153,-6.27
0.5,120,0.1,1,1411,0.432,0.713,-0.384,-0.185,-261.0,261.0,2.22,21.71,-6.79,0.715,0.712,1411,-0.185,-6.79
0.5,120,0.1,0,1529,0.428,0.721,-0.373,-0.195,-298.8,299.8,2.23,23.52,-7.46,0.748,0.691,1420,-0.186,-7.46
0.5,60,0.1,1,1442,0.42,0.685,-0.425,-0.209,-300.8,300.8,2.2,22.18,-7.76,0.697,0.672,1442,-0.209,-7.76
0.5,60,0.1,0,1562,0.414,0.679,-0.442,-0.223,-348.3,349.3,2.23,24.03,-8.64,0.7,0.654,1442,-0.209,-8.64
0.5,30,0.2,1,2646,0.431,0.725,-0.362,-0.187,-495.7,498.5,2.2,40.71,-9.44,0.768,0.678,2646,-0.187,-9.44
0.5,30,0.2,0,2969,0.43,0.727,-0.371,-0.191,-566.0,570.8,2.27,45.68,-10.17,0.767,0.679,2701,-0.185,-10.17
0.5,60,0.2,1,2662,0.422,0.693,-0.418,-0.207,-550.2,552.8,2.24,40.95,-10.47,0.69,0.697,2662,-0.207,-10.47
0.5,120,0.2,1,2606,0.412,0.662,-0.474,-0.226,-588.8,591.6,2.25,40.09,-11.37,0.673,0.65,2606,-0.226,-11.37
0.5,60,0.2,0,2968,0.417,0.685,-0.458,-0.217,-643.8,647.4,2.37,45.66,-11.62,0.707,0.658,2662,-0.207,-11.62
0.5,120,0.2,0,2956,0.409,0.66,-0.504,-0.233,-688.1,692.9,2.38,45.48,-12.48,0.683,0.633,2658,-0.225,-12.48
1.5,120,0.05,1,28,0.357,0.505,-1.251,-0.323,-9.0,11.8,3.7,2.33,-1.72,0.251,0.922,28,-0.323,-inf
1.5,120,0.1,1,39,0.462,0.803,-0.409,-0.091,-3.6,9.7,3.74,2.79,-0.56,0.412,1.52,39,-0.091,-inf
1.5,60,0.02,1,11,0.545,1.125,0.214,0.064,0.7,2.1,3.6,1.38,0.2,1.395,0.934,11,0.064,-inf
1.5,120,0.02,1,16,0.25,0.307,-2.052,-0.545,-8.7,9.7,3.73,1.6,-2.38,0.136,0.567,16,-0.545,-inf
1.5,60,0.1,1,41,0.512,1.024,0.04,0.011,0.5,5.4,3.53,2.16,0.07,0.885,1.176,41,0.011,-inf
1.5,60,0.05,1,21,0.619,1.734,0.914,0.246,5.2,2.3,3.58,1.75,1.17,2.062,1.462,21,0.246,-inf
1.5,30,0.05,1,33,0.333,0.521,-0.951,-0.293,-9.7,9.7,3.37,3.0,-1.83,0.422,0.627,33,-0.293,-inf
1.5,30,0.02,1,12,0.167,0.201,-1.793,-0.498,-6.0,6.0,3.32,1.71,-2.2,0.17,0.237,12,-0.498,-inf
1.5,30,0.1,1,57,0.456,0.737,-0.448,-0.128,-7.3,11.5,3.39,3.35,-1.04,0.483,1.122,57,-0.128,-inf
