a,T,q,wmode,flip,mode,news,score,tr_n,tr_wr,tr_pf,tr_avg_pts,tr_avg_R,tr_sum_R,tr_maxdd_R,tr_avg_risk,tr_tpd,tr_t,tr_pf_h1,tr_pf_h2,tr_fe_n,tr_fe_avgR,rank_t
1.5,60,0.02,cap,0,mirror,30,p,242,0.541,1.134,0.254,0.064,15.6,17.2,3.99,5.04,0.98,0.826,1.57,242,0.064,0.98
1.5,120,0.02,cap,0,mirror,30,p,127,0.528,1.066,0.129,0.031,3.9,7.7,3.98,4.1,0.34,1.27,0.898,127,0.031,0.34
1.0,120,0.02,cap,0,mirror,30,p,171,0.526,1.028,0.05,0.022,3.7,17.4,3.55,5.52,0.28,1.095,0.964,171,0.022,0.28
1.0,60,0.02,cap,0,mirror,30,p,196,0.515,0.996,-0.007,-0.002,-0.5,16.0,3.57,3.77,-0.03,0.953,1.044,196,-0.002,-0.03
1.5,30,0.02,cap,0,mirror,30,p,301,0.505,0.978,-0.045,-0.011,-3.4,17.2,4.0,5.47,-0.19,0.985,0.971,301,-0.011,-0.19
1.5,60,0.05,cap,0,mirror,30,p,569,0.503,0.965,-0.072,-0.016,-9.3,47.3,3.98,9.33,-0.38,0.788,1.182,569,-0.016,-0.38
0.75,60,0.02,cap,0,mirror,30,p,285,0.502,0.94,-0.095,-0.033,-9.4,22.0,3.02,4.6,-0.55,1.057,0.824,285,-0.033,-0.55
0.75,120,0.02,cap,0,mirror,30,p,279,0.498,0.919,-0.126,-0.041,-11.4,16.5,2.95,4.36,-0.67,0.992,0.839,279,-0.041,-0.67
1.0,120,0.05,cap,0,mirror,30,p,378,0.497,0.926,-0.14,-0.036,-13.4,41.4,3.57,6.52,-0.68,0.945,0.906,378,-0.036,-0.68
1.5,120,0.05,cap,0,mirror,30,p,317,0.492,0.917,-0.177,-0.044,-13.9,42.0,3.99,7.73,-0.77,1.106,0.76,317,-0.044,-0.77
0.75,30,0.02,cap,0,mirror,30,p,308,0.487,0.931,-0.111,-0.058,-17.8,26.1,3.05,4.81,-1.0,0.918,0.946,308,-0.058,-1.0
1.0,30,0.02,cap,0,mirror,30,p,299,0.478,0.871,-0.256,-0.066,-19.8,29.6,3.71,4.67,-1.14,0.819,0.929,299,-0.066,-1.14
0.75,30,0.05,cap,0,mirror,30,p,729,0.483,0.875,-0.21,-0.065,-47.0,49.0,3.1,11.22,-1.71,0.891,0.857,729,-0.065,-1.71
1.0,60,0.05,cap,0,mirror,30,p,415,0.47,0.827,-0.346,-0.09,-37.2,68.0,3.6,7.16,-1.81,0.776,0.884,415,-0.09,-1.81
1.5,60,0.1,cap,0,mirror,30,p,1106,0.482,0.882,-0.253,-0.062,-68.7,98.9,3.98,17.02,-2.04,0.815,0.953,1106,-0.062,-2.04
0.75,120,0.05,cap,0,mirror,30,p,680,0.472,0.857,-0.243,-0.092,-62.8,73.7,3.09,10.46,-2.36,0.924,0.785,679,-0.091,-2.36
1.0,30,0.05,cap,0,mirror,30,p,718,0.464,0.817,-0.379,-0.094,-67.5,79.0,3.76,11.05,-2.51,0.79,0.846,718,-0.094,-2.51
0.75,60,0.05,cap,0,mirror,30,p,703,0.468,0.828,-0.298,-0.1,-70.4,72.1,3.11,10.82,-2.61,0.911,0.745,703,-0.1,-2.61
1.5,120,0.1,cap,0,mirror,30,p,705,0.461,0.81,-0.425,-0.106,-74.5,90.3,3.99,11.95,-2.77,0.85,0.773,705,-0.106,-2.77
0.75,120,0.1,cap,0,mirror,30,p,1299,0.477,0.874,-0.216,-0.081,-104.9,121.8,3.15,19.98,-2.86,0.976,0.772,1298,-0.08,-2.86
1.0,120,0.1,cap,0,mirror,30,p,760,0.459,0.8,-0.417,-0.11,-83.4,99.0,3.7,12.26,-2.99,0.771,0.831,760,-0.11,-2.99
1.5,30,0.05,cap,0,mirror,30,p,720,0.453,0.792,-0.471,-0.118,-84.8,92.1,4.0,11.43,-3.12,0.738,0.85,720,-0.118,-3.12
1.0,60,0.1,cap,0,mirror,30,p,911,0.453,0.787,-0.446,-0.122,-111.2,127.2,3.68,14.02,-3.64,0.787,0.787,911,-0.122,-3.64
0.75,30,0.1,cap,0,mirror,30,p,1395,0.467,0.807,-0.339,-0.1,-139.0,143.4,3.12,21.46,-3.67,0.778,0.839,1395,-0.1,-3.67
1.0,30,0.1,cap,0,mirror,30,p,1358,0.46,0.808,-0.403,-0.101,-137.5,150.7,3.78,20.89,-3.71,0.817,0.799,1358,-0.101,-3.71
0.75,60,0.1,cap,0,mirror,30,p,1331,0.464,0.812,-0.336,-0.106,-140.8,151.2,3.17,20.48,-3.79,0.925,0.705,1331,-0.106,-3.79
1.5,30,0.1,cap,0,mirror,30,p,1359,0.454,0.793,-0.466,-0.117,-158.5,160.4,4.0,21.57,-4.26,0.749,0.84,1359,-0.117,-4.26
