ev,W,mode,tp_r,f,sigma,tmax,brk,R,tr_n,tr_wr,tr_pf,tr_avg_pts,tr_avg_R,tr_sum_R,tr_maxdd_R,tr_avg_risk,tr_tpd,tr_t,tr_tp,tr_pf_h1,tr_pf_h2,tr_fe_n,tr_fe_avgR,tr_nL,tr_avgRL,tr_nS,tr_avgRS,mid_n,mid_pf,mid_avg_pts,mid_avg_R,mid_t,mid_tp,stage,rank_t
all,30,imm,2.0,2.0,0.5,60,120,30,25,0.56,1.17,0.747,0.315,7.9,4.1,8.95,1.0,1.24,0.33,1.249,1.109,3,1.771,15,0.45,10,0.111,25,1.253,1.074,0.379,1.44,0.47,h7s2,1.24
all,30,imm,2.0,2.0,0.2,30,120,30,25,0.56,1.078,0.239,0.265,6.6,3.3,8.04,1.0,1.23,0.15,0.743,1.41,3,1.472,15,0.292,10,0.225,25,1.204,0.597,0.342,1.52,0.37,h7s2,1.23
all,30,imm,2.0,2.0,0.2,60,120,30,25,0.52,1.113,0.483,0.3,7.5,4.1,8.04,1.0,1.12,0.23,1.191,1.059,3,1.739,15,0.429,10,0.106,25,1.191,0.786,0.368,1.33,0.37,h7s2,1.12
core,45,touch,2.0,0.0,0.5,60,120,15,28,0.464,1.613,1.129,0.3,8.4,6.6,3.35,1.0,1.07,1.06,1.286,1.919,18,0.051,15,0.286,13,0.317,28,1.838,1.399,0.435,1.46,1.32,h7s2,1.07
all,30,imm,1.5,2.0,0.2,60,120,30,25,0.56,1.132,0.534,0.238,6.0,3.1,8.04,1.0,1.04,0.25,0.889,1.316,3,1.279,15,0.401,10,-0.006,25,1.212,0.826,0.301,1.27,0.38,h7s2,1.04
core,45,touch,2.0,0.0,0.5,30,120,15,28,0.464,1.596,1.058,0.279,7.8,6.6,3.35,1.0,1.02,1.02,1.275,1.874,18,0.029,15,0.225,13,0.341,28,1.842,1.347,0.417,1.44,1.31,h7s2,1.02
core,45,imm,2.0,0.0,0.2,30,120,30,40,0.475,0.947,-0.178,0.196,7.8,6.1,6.17,1.0,0.97,-0.15,0.769,1.146,12,0.781,22,-0.239,18,0.727,40,1.044,0.139,0.275,1.31,0.12,h7s2,0.97
all,30,imm,1.5,2.0,0.2,30,120,30,25,0.56,0.978,-0.069,0.187,4.7,3.3,8.04,1.0,0.97,-0.04,0.579,1.373,3,1.159,15,0.227,10,0.127,25,1.093,0.272,0.257,1.29,0.17,h7s2,0.97
core,45,touch,2.0,0.0,0.5,60,60,15,24,0.458,1.483,0.96,0.287,6.9,5.6,3.47,1.0,0.94,0.81,0.763,2.323,15,0.086,12,0.388,12,0.186,24,1.679,1.23,0.422,1.3,1.05,h7s2,0.94
core,45,touch,2.0,0.0,0.5,60,120,45,29,0.448,1.515,0.975,0.254,7.4,6.6,3.34,1.0,0.92,0.94,1.286,1.705,19,-0.006,16,0.203,13,0.317,29,1.726,1.247,0.385,1.32,1.21,h7s2,0.92
all,30,imm,2.0,2.0,0.5,30,120,30,25,0.56,0.966,-0.113,0.178,4.5,3.3,8.95,1.0,0.91,-0.07,0.793,1.14,3,1.278,15,0.155,10,0.214,25,1.082,0.261,0.247,1.2,0.15,h7s2,0.91
core,45,touch,2.0,0.0,0.5,30,60,15,24,0.458,1.46,0.877,0.262,6.3,5.6,3.47,1.0,0.89,0.76,0.711,2.268,15,0.06,12,0.311,12,0.212,24,1.676,1.169,0.402,1.28,1.03,h7s2,0.89
all,30,imm,1.5,2.0,0.5,30,120,30,25,0.56,0.941,-0.197,0.162,4.0,3.3,8.95,1.0,0.87,-0.12,0.615,1.269,3,1.15,15,0.182,10,0.131,25,1.048,0.153,0.224,1.16,0.09,h7s2,0.87
core,45,touch,2.0,0.0,0.5,30,120,45,29,0.448,1.496,0.907,0.233,6.8,6.6,3.34,1.0,0.87,0.9,1.275,1.665,19,-0.027,16,0.145,13,0.341,29,1.725,1.196,0.368,1.3,1.19,h7s2,0.87
all,30,imm,1.5,2.0,0.5,60,120,30,25,0.56,1.019,0.084,0.186,4.7,4.1,8.95,1.0,0.84,0.04,0.944,1.077,3,1.306,15,0.333,10,-0.034,25,1.092,0.392,0.242,1.06,0.18,h7s2,0.84
core,45,touch,2.0,0.0,0.5,60,60,45,25,0.44,1.386,0.788,0.234,5.8,5.6,3.46,1.0,0.79,0.68,0.763,2.017,16,0.015,13,0.278,12,0.186,25,1.57,1.06,0.365,1.16,0.93,h7s2,0.79
all,30,imm,2.0,2.0,0.5,60,60,30,22,0.545,1.031,0.151,0.211,4.7,4.1,9.43,1.0,0.79,0.06,1.001,1.055,2,1.744,14,0.352,8,-0.035,22,1.103,0.484,0.271,0.98,0.19,h7s2,0.79
core,45,touch,2.0,0.0,0.5,30,60,45,25,0.44,1.36,0.708,0.209,5.2,5.6,3.46,1.0,0.73,0.64,0.711,1.97,16,-0.01,13,0.207,12,0.212,25,1.562,1.001,0.346,1.13,0.91,h7s2,0.73
core,45,imm,1.5,0.0,0.2,60,120,30,40,0.5,0.777,-0.847,0.134,5.4,6.1,6.17,1.0,0.72,-0.71,0.67,0.886,12,0.73,22,-0.038,18,0.345,40,0.844,-0.567,0.206,1.07,-0.48,h7s2,0.72
all,30,imm,2.0,2.0,0.2,60,60,30,22,0.5,0.994,-0.027,0.199,4.4,4.1,8.48,1.0,0.71,-0.01,0.961,1.018,2,1.707,14,0.33,8,-0.031,22,1.061,0.278,0.262,0.89,0.12,h7s2,0.71
all,30,imm,1.5,2.0,0.2,60,60,30,22,0.545,1.049,0.218,0.173,3.8,3.1,8.48,1.0,0.7,0.09,0.718,1.316,2,1.252,14,0.335,8,-0.11,22,1.119,0.511,0.232,0.91,0.21,h7s2,0.7
core,45,imm,1.5,0.0,0.2,30,120,30,40,0.5,0.813,-0.616,0.119,4.8,6.1,6.17,1.0,0.68,-0.56,0.623,1.034,12,0.699,22,-0.177,18,0.482,40,0.901,-0.311,0.195,1.08,-0.28,h7s2,0.68
core,45,imm,2.0,0.0,0.2,60,120,30,40,0.425,0.741,-1.046,0.123,4.9,6.1,6.17,1.0,0.58,-0.85,0.755,0.728,12,0.851,22,-0.222,18,0.544,40,0.805,-0.752,0.197,0.89,-0.61,h7s2,0.58
all,30,imm,2.0,2.0,0.2,30,60,30,22,0.5,0.847,-0.538,0.119,2.6,3.6,8.48,1.0,0.54,-0.3,0.482,1.208,2,1.306,14,0.184,8,0.005,22,0.949,-0.17,0.19,0.83,-0.1,h7s2,0.54
core,45,imm,2.0,0.0,0.2,30,60,30,36,0.444,0.859,-0.51,0.096,3.5,5.5,6.51,1.0,0.46,-0.39,0.638,1.123,8,0.626,19,-0.413,17,0.665,36,0.946,-0.184,0.168,0.78,-0.14,h7s2,0.46
all,30,imm,1.5,2.0,0.5,60,60,30,22,0.545,0.921,-0.385,0.109,2.4,4.1,9.43,1.0,0.46,-0.16,0.759,1.053,2,1.283,14,0.26,8,-0.155,22,0.984,-0.074,0.161,0.66,-0.03,h7s2,0.46
all,30,imm,1.5,2.0,0.2,30,60,30,22,0.5,0.8,-0.7,0.073,1.6,3.6,8.48,1.0,0.36,-0.4,0.385,1.212,2,1.072,14,0.148,8,-0.058,22,0.894,-0.351,0.138,0.66,-0.2,h7s2,0.36
core,45,touch,2.0,0.0,0.2,60,120,15,28,0.393,1.52,0.771,0.107,3.0,11.1,2.57,1.0,0.36,0.89,1.491,1.544,16,0.37,15,-0.04,13,0.276,28,1.83,1.061,0.337,0.96,1.24,h7s2,0.36
core,45,touch,2.0,0.0,0.2,30,120,15,28,0.393,1.52,0.771,0.107,3.0,11.1,2.57,1.0,0.36,0.89,1.491,1.544,16,0.37,15,-0.04,13,0.276,28,1.83,1.061,0.337,0.96,1.24,h7s2,0.36
core,45,imm,1.5,0.0,0.2,60,60,30,36,0.472,0.722,-1.142,0.067,2.4,5.1,6.51,1.0,0.34,-0.88,0.581,0.874,8,0.725,19,-0.131,17,0.288,36,0.782,-0.858,0.133,0.65,-0.66,h7s2,0.34
core,45,imm,1.5,0.0,0.5,30,120,30,40,0.475,0.795,-0.748,0.056,2.2,6.1,6.97,1.0,0.33,-0.62,0.642,0.967,9,0.766,22,-0.308,18,0.501,40,0.901,-0.335,0.137,0.79,-0.28,h7s2,0.33
core,45,imm,1.5,0.0,0.5,60,120,30,40,0.475,0.751,-1.049,0.054,2.2,6.1,6.97,1.0,0.3,-0.8,0.698,0.804,9,0.821,22,-0.25,18,0.427,40,0.812,-0.761,0.113,0.6,-0.58,h7s2,0.3
core,45,imm,1.5,0.0,0.2,30,60,30,36,0.472,0.751,-0.885,0.05,1.8,6.0,6.51,1.0,0.28,-0.74,0.527,1.029,8,0.679,19,-0.292,17,0.433,36,0.83,-0.573,0.12,0.64,-0.48,h7s2,0.28
all,30,imm,1.5,2.0,0.5,30,60,30,22,0.5,0.754,-0.937,0.045,1.0,3.6,9.43,1.0,0.23,-0.51,0.404,1.105,2,1.048,14,0.098,8,-0.049,22,0.841,-0.579,0.103,0.51,-0.31,h7s2,0.23
all,30,imm,2.0,2.0,0.5,30,60,30,22,0.5,0.747,-0.964,0.046,1.0,3.6,9.43,1.0,0.23,-0.52,0.51,0.984,2,1.285,14,0.076,8,-0.007,22,0.838,-0.587,0.108,0.51,-0.31,h7s2,0.23
core,45,touch,2.0,0.0,0.2,60,120,45,29,0.379,1.432,0.656,0.066,1.9,12.2,2.56,1.0,0.23,0.78,1.491,1.389,17,0.286,16,-0.104,13,0.276,29,1.722,0.947,0.291,0.85,1.14,h7s2,0.23
core,45,touch,2.0,0.0,0.2,30,120,45,29,0.379,1.432,0.656,0.066,1.9,12.2,2.56,1.0,0.23,0.78,1.491,1.389,17,0.286,16,-0.104,13,0.276,29,1.722,0.947,0.291,0.85,1.14,h7s2,0.23
core,45,touch,2.0,0.0,0.2,30,60,15,24,0.375,1.36,0.579,0.066,1.6,9.9,2.65,1.0,0.2,0.6,0.89,1.817,13,0.261,12,-0.01,12,0.142,24,1.626,0.874,0.308,0.79,0.92,h7s2,0.2
core,45,touch,2.0,0.0,0.2,60,60,15,24,0.375,1.36,0.579,0.066,1.6,9.9,2.65,1.0,0.2,0.6,0.89,1.817,13,0.261,12,-0.01,12,0.142,24,1.626,0.874,0.308,0.79,0.92,h7s2,0.2
core,45,touch,2.0,0.0,0.2,30,60,45,25,0.36,1.275,0.453,0.021,0.5,11.0,2.64,1.0,0.07,0.49,0.89,1.606,14,0.166,13,-0.091,12,0.142,25,1.523,0.749,0.255,0.67,0.82,h7s2,0.07
core,45,touch,2.0,0.0,0.2,60,60,45,25,0.36,1.275,0.453,0.021,0.5,11.0,2.64,1.0,0.07,0.49,0.89,1.606,14,0.166,13,-0.091,12,0.142,25,1.523,0.749,0.255,0.67,0.82,h7s2,0.07
core,45,imm,2.0,0.0,0.2,60,60,30,36,0.389,0.663,-1.474,0.015,0.5,5.1,6.51,1.0,0.07,-1.1,0.634,0.69,8,0.731,19,-0.393,17,0.472,36,0.718,-1.174,0.081,0.36,-0.88,h7s2,0.07
core,45,imm,2.0,0.0,0.5,30,120,30,40,0.45,0.679,-1.233,-0.016,-0.6,6.1,6.97,1.0,-0.09,-1.02,0.539,0.821,9,0.82,22,-0.35,18,0.392,40,0.85,-0.535,0.147,0.77,-0.43,h7s2,-0.09
core,45,imm,1.5,0.0,0.5,60,60,30,36,0.444,0.691,-1.404,-0.024,-0.9,5.1,7.34,1.0,-0.12,-0.98,0.601,0.788,6,0.553,19,-0.378,17,0.373,36,0.746,-1.111,0.029,0.15,-0.78,h7s2,-0.12
core,45,imm,1.5,0.0,0.5,30,60,30,36,0.444,0.727,-1.07,-0.022,-0.8,5.9,7.34,1.0,-0.12,-0.82,0.536,0.959,6,0.471,19,-0.445,17,0.451,36,0.824,-0.638,0.056,0.31,-0.49,h7s2,-0.12
core,45,imm,2.0,0.0,0.5,60,120,30,40,0.35,0.523,-2.259,-0.114,-4.6,9.2,6.97,1.0,-0.59,-1.8,0.415,0.635,9,0.957,22,-0.318,18,0.135,40,0.626,-1.654,0.02,0.1,-1.3,h7s2,-0.59
core,45,imm,2.0,0.0,0.5,30,60,30,36,0.417,0.605,-1.634,-0.11,-4.0,7.3,7.34,1.0,-0.62,-1.24,0.416,0.809,6,0.504,19,-0.485,17,0.308,36,0.766,-0.897,0.055,0.28,-0.67,h7s2,-0.62
core,45,imm,2.0,0.0,0.5,60,60,30,36,0.333,0.47,-2.708,-0.192,-6.9,8.8,7.34,1.0,-0.96,-2.01,0.358,0.591,6,0.87,19,-0.397,17,0.036,36,0.568,-2.068,-0.057,-0.27,-1.5,h7s2,-0.96
