label,base_train_n,base_train_pf,base_train_avg_pts,base_train_avg_R,base_train_t,base_valid_n,base_valid_pf,base_valid_avg_pts,base_valid_avg_R,base_valid_t,mid_train_n,mid_train_pf,mid_train_avg_pts,mid_train_avg_R,mid_train_t,mid_valid_n,mid_valid_pf,mid_valid_avg_pts,mid_valid_avg_R,mid_valid_t
finalist,27.0,1.831,1.228,0.318,1.11,14.0,1.115,0.291,-0.233,-0.65,27.0,2.282,1.635,0.634,1.99,14.0,1.26,0.595,-0.165,-0.45
"placebo +-1,+-2 weeks, same params (base)",59.0,0.555,-0.557,-0.31,-1.96,37.0,0.826,-0.503,0.013,0.05,,,,,,,,,,
"placebo +-1,+-2 weeks, f=0 (base)",59.0,0.555,-0.557,-0.31,-1.96,37.0,0.826,-0.503,0.013,0.05,,,,,,,,,,
"placebo +-1,+-2 weeks, same params (mid)",,,,,,,,,,,59.0,0.747,-0.263,-0.035,-0.19,37.0,0.954,-0.123,0.203,0.78
"placebo +-1,+-2 weeks, f=0 (mid)",,,,,,,,,,,59.0,0.747,-0.263,-0.035,-0.19,37.0,0.954,-0.123,0.203,0.78
blk=30 (flip margin rule),23.0,1.992,1.241,0.297,0.95,12.0,0.429,-1.689,-0.568,-1.74,23.0,2.598,1.669,0.654,1.87,12.0,0.487,-1.37,-0.502,-1.5
ev=all,52.0,1.094,0.142,-0.061,-0.32,23.0,2.648,2.781,0.319,1.03,52.0,1.512,0.639,0.274,1.24,23.0,3.027,3.068,0.423,1.33
mode=rt (trigger arm),9.0,3.861,2.943,0.93,2.37,8.0,0.722,-1.078,-0.324,-0.69,9.0,4.357,3.222,1.088,2.61,8.0,0.785,-0.781,-0.264,-0.55
mode=imm (chase arm),39.0,0.848,-0.592,0.176,0.84,20.0,0.559,-3.541,-0.22,-0.79,39.0,0.956,-0.159,0.265,1.22,20.0,0.587,-3.22,-0.189,-0.67
