month,n,sum_R,avg_R,sum_pts,pf
2025-02,3,2.5,0.834,7.59,3.84
2025-03,4,7.41,1.853,14.84,inf
2025-04,2,-2.31,-1.154,-2.25,0.0
2025-05,3,-3.14,-1.047,-11.2,0.0
2025-06,4,1.65,0.412,8.87,2.96
2025-07,3,-0.34,-0.114,6.73,3.19
2025-08,2,0.37,0.183,0.45,1.35
2025-09,2,-2.09,-1.045,-9.67,0.0
2025-10,1,-1.03,-1.029,-5.24,0.0
2025-11,1,1.93,1.929,11.42,inf
2025-12,2,3.64,1.821,11.61,inf
2026-01,4,1.61,0.404,11.33,2.03
2026-02,3,-3.12,-1.041,-11.65,0.0
2026-03,2,3.58,1.792,17.16,inf
2026-04,2,-2.15,-1.077,-4.32,0.0
2026-05,3,-3.18,-1.061,-8.44,0.0
