w,P,wid,K_edge,tp,trig,tr_n,tr_wr,tr_pf,tr_avg_pts,tr_avg_R,tr_sum_R,tr_maxdd_R,tr_avg_risk,tr_tpd,tr_t,tr_pf_h1,tr_pf_h2,tr_fe_n,tr_fe_avgR,rank_t
0.5,60,12,6,mid,1,66,0.47,0.88,-0.163,0.004,0.3,8.9,2.21,1.25,0.03,0.763,0.971,47.0,0.204,0.03
1.0,180,12,6,mid,0,116,0.379,0.965,-0.047,-0.002,-0.3,19.5,2.21,1.59,-0.02,1.337,0.709,81.0,-0.062,-0.02
1.0,180,12,6,1R,0,139,0.54,0.986,-0.015,-0.087,-12.1,17.4,2.3,1.9,-1.11,1.203,0.847,98.0,-0.093,-1.11
0.5,60,12,6,1R,1,87,0.529,0.717,-0.352,-0.114,-9.9,16.4,2.32,1.4,-1.14,1.072,0.53,63.0,0.014,-1.14
1.0,180,8,6,1R,0,63,0.492,0.919,-0.112,-0.142,-8.9,11.6,2.76,1.54,-1.17,0.735,1.098,44.0,-0.205,-1.17
1.0,60,8,8,mid,1,124,0.5,0.749,-0.359,-0.113,-14.1,22.0,2.78,1.32,-1.28,0.745,0.751,96.0,-0.19,-1.28
1.0,60,12,8,mid,1,139,0.475,0.693,-0.458,-0.154,-21.5,27.4,2.76,1.34,-1.84,0.852,0.595,110.0,-0.224,-1.84
0.5,60,8,6,1R,1,77,0.481,0.612,-0.531,-0.2,-15.4,20.5,2.35,1.33,-1.88,1.016,0.415,54.0,-0.076,-1.88
0.5,60,12,6,mid,0,203,0.296,0.68,-0.379,-0.26,-52.9,56.3,1.56,1.74,-2.31,0.721,0.654,94.0,-0.129,-2.31
1.0,60,8,8,1R,1,169,0.467,0.71,-0.451,-0.174,-29.5,38.6,2.87,1.5,-2.44,0.677,0.735,131.0,-0.233,-2.44
1.0,60,8,6,mid,1,278,0.468,0.743,-0.36,-0.15,-41.6,50.9,2.58,1.74,-2.47,0.819,0.687,220.0,-0.125,-2.47
0.5,60,8,6,mid,0,187,0.289,0.598,-0.49,-0.303,-56.7,60.1,1.58,1.72,-2.72,0.744,0.51,87.0,-0.27,-2.72
1.0,60,12,8,1R,1,185,0.459,0.699,-0.474,-0.19,-35.1,42.6,2.87,1.49,-2.77,0.683,0.71,145.0,-0.249,-2.77
1.0,60,12,6,mid,1,327,0.446,0.68,-0.474,-0.187,-61.1,70.6,2.59,1.88,-3.33,0.75,0.627,257.0,-0.161,-3.33
1.0,60,8,6,1R,1,357,0.465,0.714,-0.425,-0.176,-63.0,65.6,2.75,2.03,-3.57,0.817,0.642,280.0,-0.174,-3.57
1.0,60,12,8,mid,0,445,0.369,0.702,-0.382,-0.23,-102.2,107.1,2.01,2.53,-3.75,0.759,0.662,303.0,-0.196,-3.75
1.0,60,12,6,1R,1,409,0.457,0.676,-0.494,-0.197,-80.5,84.0,2.75,2.18,-4.28,0.76,0.615,319.0,-0.194,-4.28
1.0,60,8,8,mid,0,409,0.372,0.623,-0.481,-0.273,-111.8,116.9,2.01,2.46,-4.68,0.672,0.588,279.0,-0.227,-4.68
1.0,60,8,8,1R,0,475,0.474,0.702,-0.353,-0.21,-99.9,103.0,2.18,2.81,-4.95,0.82,0.623,331.0,-0.165,-4.95
1.0,60,12,8,1R,0,525,0.476,0.707,-0.345,-0.207,-108.5,111.1,2.16,2.93,-5.11,0.857,0.611,368.0,-0.165,-5.11
0.5,60,12,6,1R,0,239,0.435,0.546,-0.472,-0.331,-79.0,83.0,1.71,1.99,-5.59,0.728,0.443,124.0,-0.269,-5.59
0.5,60,8,6,1R,0,220,0.427,0.518,-0.518,-0.346,-76.0,80.0,1.74,1.96,-5.64,0.728,0.404,115.0,-0.32,-5.64
1.0,60,12,6,mid,0,1035,0.352,0.669,-0.418,-0.265,-274.3,279.6,1.91,4.5,-6.78,0.677,0.662,715.0,-0.218,-6.78
1.0,60,8,6,mid,0,916,0.359,0.636,-0.456,-0.281,-257.7,264.8,1.91,4.11,-7.13,0.612,0.657,635.0,-0.215,-7.13
1.0,60,8,6,1R,0,1059,0.466,0.683,-0.362,-0.233,-246.6,250.0,2.07,4.71,-8.16,0.719,0.655,747.0,-0.169,-8.16
1.0,60,12,6,1R,0,1206,0.468,0.682,-0.359,-0.229,-276.8,281.2,2.06,5.24,-8.6,0.717,0.655,848.0,-0.171,-8.6
1.0,180,12,8,mid,1,15,0.4,0.633,-0.62,-0.163,-2.4,3.8,2.83,1.0,-0.6,0.559,0.701,12.0,-0.322,-inf
1.0,180,12,6,mid,1,46,0.457,0.855,-0.229,-0.05,-2.3,7.3,2.79,1.24,-0.3,1.018,0.738,37.0,-0.045,-inf
1.0,180,8,8,1R,0,29,0.655,1.625,0.712,0.184,5.3,2.3,3.2,1.45,1.07,1.311,1.937,18.0,0.211,-inf
1.0,180,8,8,mid,1,8,0.625,1.254,0.354,0.265,2.1,2.1,3.05,1.0,0.67,0.598,2.736,5.0,0.139,-inf
1.0,180,12,8,mid,0,44,0.432,1.048,0.065,0.171,7.5,9.1,2.42,1.22,0.68,1.325,0.832,29.0,0.105,-inf
1.0,180,12,8,1R,1,16,0.375,0.57,-0.726,-0.294,-4.7,5.6,2.86,1.0,-1.26,0.374,0.787,13.0,-0.41,-inf
1.0,180,8,8,mid,0,23,0.522,1.112,0.153,0.12,2.8,4.2,2.8,1.15,0.5,0.825,1.43,14.0,0.372,-inf
1.0,180,12,6,1R,1,47,0.468,0.679,-0.498,-0.168,-7.9,7.9,2.81,1.24,-1.22,0.782,0.596,38.0,-0.16,-inf
1.0,180,8,6,mid,1,23,0.522,0.964,-0.058,0.042,1.0,3.6,3.06,1.1,0.18,1.113,0.848,16.0,-0.035,-inf
1.0,180,8,6,mid,0,55,0.382,0.769,-0.353,-0.162,-8.9,14.4,2.49,1.34,-1.0,0.531,1.026,38.0,-0.201,-inf
1.0,180,8,6,1R,1,24,0.458,0.68,-0.572,-0.177,-4.2,5.1,3.08,1.09,-0.89,0.716,0.645,17.0,-0.271,-inf
1.0,180,8,8,1R,1,9,0.444,0.637,-0.663,-0.208,-1.9,3.2,3.07,1.0,-0.62,0.28,1.173,6.0,-0.417,-inf
0.5,60,8,6,mid,1,58,0.414,0.592,-0.618,-0.194,-11.3,15.0,2.23,1.18,-1.32,0.746,0.492,40.0,0.015,-inf
0.5,180,12,8,1R,0,6,0.5,0.552,-0.273,-0.269,-1.6,2.4,1.07,2.0,-0.68,0.232,0.959,2.0,-0.229,-inf
0.5,180,8,6,1R,1,4,0.5,0.449,-1.056,-0.124,-0.5,1.1,2.9,1.0,-0.23,0.481,0.399,3.0,0.179,-inf
0.5,60,8,8,mid,1,5,0.6,0.641,-0.53,0.008,0.0,2.1,2.59,1.0,0.02,inf,0.431,4.0,0.268,-inf
0.5,60,8,8,mid,0,30,0.233,0.383,-0.91,-0.497,-14.9,18.0,1.76,1.25,-2.25,0.344,0.405,17.0,-0.815,-inf
0.5,60,8,8,1R,1,10,0.5,0.864,-0.183,-0.051,-0.5,3.9,2.88,1.25,-0.17,0.383,1.259,8.0,-0.052,-inf
0.5,60,8,8,1R,0,36,0.333,0.487,-0.73,-0.484,-17.4,21.3,2.24,1.38,-3.39,0.109,0.766,21.0,-0.786,-inf
0.5,60,12,8,mid,1,6,0.5,0.491,-0.816,-0.172,-1.0,3.2,2.51,1.0,-0.42,0.686,0.431,5.0,0.0,-inf
0.5,60,12,8,mid,0,31,0.226,0.36,-0.959,-0.55,-17.1,19.4,1.77,1.24,-2.82,0.348,0.367,18.0,-0.829,-inf
0.5,60,12,8,1R,1,11,0.455,0.74,-0.371,-0.144,-1.6,5.0,2.81,1.22,-0.51,0.322,1.098,9.0,-0.165,-inf
0.5,60,12,8,1R,0,37,0.324,0.471,-0.764,-0.495,-18.3,21.7,2.25,1.37,-3.51,0.112,0.746,22.0,-0.799,-inf
0.5,180,8,6,mid,1,3,0.667,1.191,0.294,0.491,1.5,1.0,2.9,1.0,0.64,0.0,inf,2.0,1.254,-inf
0.5,180,8,6,mid,0,11,0.364,0.882,-0.171,0.178,2.0,3.2,1.95,1.0,0.32,0.914,0.841,8.0,0.169,-inf
0.5,180,8,6,1R,0,14,0.5,0.573,-0.547,-0.191,-2.7,2.7,2.18,1.27,-0.77,0.601,0.531,10.0,-0.335,-inf
0.5,180,12,8,1R,1,1,0.0,0.0,-3.052,-1.052,-1.1,1.1,2.9,1.0,,,,,,-inf
0.5,180,8,8,mid,1,0,,,,,,,,,,,,,,-inf
0.5,180,8,8,mid,0,1,0.0,0.0,-1.196,-1.143,-1.1,1.1,1.05,1.0,,,,,,-inf
0.5,180,8,8,1R,1,1,0.0,0.0,-3.052,-1.052,-1.1,1.1,2.9,1.0,,,,,,-inf
0.5,180,8,8,1R,0,3,0.667,0.959,-0.022,0.056,0.2,1.1,1.29,3.0,0.1,inf,0.55,2.0,-0.229,-inf
0.5,180,12,6,mid,1,7,0.571,1.151,0.147,0.04,0.3,2.3,2.1,1.0,0.09,0.682,3.015,5.0,0.507,-inf
0.5,180,12,6,mid,0,20,0.35,0.85,-0.173,-0.021,-0.4,5.6,1.63,1.11,-0.05,1.162,0.534,11.0,0.13,-inf
0.5,180,12,6,1R,1,9,0.556,0.951,-0.054,-0.028,-0.3,2.3,2.27,1.12,-0.08,0.778,1.164,7.0,0.286,-inf
0.5,180,12,6,1R,0,25,0.52,0.726,-0.268,-0.159,-4.0,4.8,1.83,1.39,-0.85,0.894,0.584,15.0,-0.197,-inf
0.5,180,12,8,mid,1,0,,,,,,,,,,,,,,-inf
0.5,180,12,8,mid,0,4,0.0,0.0,-1.05,-1.175,-4.7,4.7,0.9,1.33,-52.01,0.0,0.0,0.0,,-inf
1.0,180,12,8,1R,0,56,0.589,1.282,0.293,0.03,1.7,6.0,2.6,1.56,0.24,1.615,1.011,38.0,0.047,-inf
