month,n,sum_R,avg_R,sum_pts,pf,avg_risk
2025-01,2,-2.18,-1.089,-3.68,0.0,1.69
2025-02,4,4.78,1.196,11.43,inf,2.22
2025-03,2,-0.64,-0.32,-0.51,0.71,2.21
2025-04,6,-1.73,-0.288,-1.68,0.81,2.21
2025-05,3,1.75,0.583,6.05,2.76,3.33
2025-06,7,-1.87,-0.268,-6.58,0.45,2.56
2025-07,7,-3.81,-0.544,-4.92,0.46,1.94
2025-08,7,1.87,0.267,-0.17,0.97,2.49
2025-09,2,0.28,0.142,4.98,4.57,2.89
2025-10,18,-3.17,-0.176,-22.86,0.74,8.49
2025-11,9,-3.11,-0.346,-9.25,0.6,4.1
2025-12,11,6.4,0.581,38.14,4.22,4.64
2026-01,15,2.22,0.148,-99.63,0.42,20.1
2026-02,13,1.78,0.137,35.62,2.13,8.05
2026-03,12,-9.86,-0.822,-30.95,0.66,10.98
2026-04,12,5.13,0.427,36.66,2.56,6.58
2026-05,10,-1.29,-0.129,-24.8,0.4,5.81
