step,M,mu,sigma,tp,tmax,K_app,place,cost,split,n,pf,avg_pts,avg_R,wr
10,60,1.0,0.3,1.0,10,10,0,mid,train,311,0.995,-0.008,0.084,0.543
10,60,1.0,0.3,1.0,10,10,0,mid,valid,315,0.79,-0.764,-0.041,0.479
10,60,1.0,0.3,1.0,10,10,0,base,train,311,0.644,-0.604,-0.179,0.473
10,60,1.0,0.3,1.0,10,10,0,base,valid,315,0.7,-1.154,-0.115,0.473
10,60,1.0,0.3,1.0,10,10,1,mid,train,331,0.899,-0.149,-0.049,0.477
10,60,1.0,0.3,1.0,10,10,1,mid,valid,296,0.815,-0.69,0.008,0.514
10,60,1.0,0.3,1.0,10,10,1,base,train,331,0.623,-0.661,-0.257,0.432
10,60,1.0,0.3,1.0,10,10,1,base,valid,296,0.714,-1.132,-0.093,0.493
10,60,1.0,0.3,1.0,10,10,2,mid,train,323,1.27,0.335,0.094,0.548
10,60,1.0,0.3,1.0,10,10,2,mid,valid,310,0.82,-0.656,-0.043,0.477
10,60,1.0,0.3,1.0,10,10,2,base,train,323,0.88,-0.181,-0.101,0.508
10,60,1.0,0.3,1.0,10,10,2,base,valid,310,0.71,-1.132,-0.147,0.458
10,60,1.0,0.3,1.0,20,10,0,mid,train,311,0.972,-0.042,0.072,0.534
10,60,1.0,0.3,1.0,20,10,0,mid,valid,315,0.778,-0.876,-0.051,0.473
10,60,1.0,0.3,1.0,20,10,0,base,train,311,0.658,-0.62,-0.184,0.473
10,60,1.0,0.3,1.0,20,10,0,base,valid,315,0.707,-1.218,-0.119,0.47
10,60,1.0,0.3,1.0,20,10,1,mid,train,331,0.876,-0.196,-0.054,0.477
10,60,1.0,0.3,1.0,20,10,1,mid,valid,296,0.735,-1.109,-0.005,0.5
10,60,1.0,0.3,1.0,20,10,1,base,train,331,0.631,-0.689,-0.258,0.429
10,60,1.0,0.3,1.0,20,10,1,base,valid,296,0.654,-1.527,-0.101,0.486
10,60,1.0,0.3,1.0,20,10,2,mid,train,323,1.204,0.278,0.092,0.551
10,60,1.0,0.3,1.0,20,10,2,mid,valid,310,0.786,-0.841,-0.054,0.474
10,60,1.0,0.3,1.0,20,10,2,base,train,323,0.875,-0.204,-0.096,0.511
10,60,1.0,0.3,1.0,20,10,2,base,valid,310,0.703,-1.24,-0.147,0.458
10,60,1.0,0.3,1.5,10,10,0,mid,train,311,0.897,-0.159,0.023,0.444
10,60,1.0,0.3,1.5,10,10,0,mid,valid,315,0.783,-0.865,-0.071,0.413
10,60,1.0,0.3,1.5,10,10,0,base,train,311,0.626,-0.7,-0.211,0.383
10,60,1.0,0.3,1.5,10,10,0,base,valid,315,0.702,-1.26,-0.148,0.403
10,60,1.0,0.3,1.5,10,10,1,mid,train,331,0.779,-0.365,-0.113,0.39
10,60,1.0,0.3,1.5,10,10,1,mid,valid,296,0.803,-0.799,0.019,0.47
10,60,1.0,0.3,1.5,10,10,1,base,train,331,0.568,-0.834,-0.307,0.347
10,60,1.0,0.3,1.5,10,10,1,base,valid,296,0.711,-1.242,-0.08,0.449
10,60,1.0,0.3,1.5,10,10,2,mid,train,323,1.133,0.186,0.089,0.474
10,60,1.0,0.3,1.5,10,10,2,mid,valid,310,0.846,-0.616,-0.019,0.419
10,60,1.0,0.3,1.5,10,10,2,base,train,323,0.8,-0.336,-0.123,0.43
10,60,1.0,0.3,1.5,10,10,2,base,valid,310,0.754,-1.051,-0.115,0.41
10,60,1.0,0.3,1.5,20,10,0,mid,train,311,0.94,-0.104,0.02,0.418
10,60,1.0,0.3,1.5,20,10,0,mid,valid,315,0.778,-0.984,-0.097,0.371
10,60,1.0,0.3,1.5,20,10,0,base,train,311,0.687,-0.631,-0.203,0.383
10,60,1.0,0.3,1.5,20,10,0,base,valid,315,0.712,-1.349,-0.167,0.368
10,60,1.0,0.3,1.5,20,10,1,mid,train,331,0.789,-0.392,-0.13,0.363
10,60,1.0,0.3,1.5,20,10,1,mid,valid,296,0.781,-1.009,0.01,0.426
10,60,1.0,0.3,1.5,20,10,1,base,train,331,0.597,-0.868,-0.325,0.323
10,60,1.0,0.3,1.5,20,10,1,base,valid,296,0.706,-1.432,-0.088,0.416
10,60,1.0,0.3,1.5,20,10,2,mid,train,323,1.094,0.158,0.087,0.455
10,60,1.0,0.3,1.5,20,10,2,mid,valid,309,0.849,-0.659,-0.019,0.408
10,60,1.0,0.3,1.5,20,10,2,base,train,323,0.808,-0.375,-0.128,0.412
10,60,1.0,0.3,1.5,20,10,2,base,valid,309,0.768,-1.072,-0.111,0.398
10,60,1.0,0.6,1.0,10,10,0,mid,train,311,0.804,-0.334,-0.024,0.492
10,60,1.0,0.6,1.0,10,10,0,mid,valid,315,0.82,-0.714,-0.057,0.476
10,60,1.0,0.6,1.0,10,10,0,base,train,311,0.606,-0.769,-0.178,0.453
10,60,1.0,0.6,1.0,10,10,0,base,valid,315,0.72,-1.189,-0.133,0.46
10,60,1.0,0.6,1.0,10,10,1,mid,train,331,0.741,-0.468,-0.127,0.447
10,60,1.0,0.6,1.0,10,10,1,mid,valid,295,0.817,-0.739,-0.007,0.508
10,60,1.0,0.6,1.0,10,10,1,base,train,331,0.563,-0.894,-0.272,0.411
10,60,1.0,0.6,1.0,10,10,1,base,valid,295,0.726,-1.173,-0.074,0.498
10,60,1.0,0.6,1.0,10,10,2,mid,train,323,1.184,0.262,0.086,0.551
10,60,1.0,0.6,1.0,10,10,2,mid,valid,309,0.823,-0.702,-0.056,0.469
10,60,1.0,0.6,1.0,10,10,2,base,train,323,0.888,-0.188,-0.077,0.508
10,60,1.0,0.6,1.0,10,10,2,base,valid,309,0.738,-1.102,-0.123,0.453
10,60,1.0,0.6,1.0,20,10,0,mid,train,311,0.827,-0.327,-0.034,0.482
10,60,1.0,0.6,1.0,20,10,0,mid,valid,315,0.874,-0.54,-0.069,0.463
10,60,1.0,0.6,1.0,20,10,0,base,train,311,0.65,-0.746,-0.185,0.457
10,60,1.0,0.6,1.0,20,10,0,base,valid,315,0.792,-0.94,-0.136,0.454
10,60,1.0,0.6,1.0,20,10,1,mid,train,331,0.762,-0.47,-0.122,0.444
10,60,1.0,0.6,1.0,20,10,1,mid,valid,295,0.807,-0.882,-0.031,0.488
10,60,1.0,0.6,1.0,20,10,1,base,train,331,0.586,-0.938,-0.276,0.408
10,60,1.0,0.6,1.0,20,10,1,base,valid,295,0.743,-1.228,-0.086,0.488
10,60,1.0,0.6,1.0,20,10,2,mid,train,323,1.083,0.141,0.066,0.542
10,60,1.0,0.6,1.0,20,10,2,mid,valid,309,0.887,-0.486,-0.049,0.476
10,60,1.0,0.6,1.0,20,10,2,base,train,323,0.859,-0.271,-0.083,0.508
10,60,1.0,0.6,1.0,20,10,2,base,valid,309,0.81,-0.855,-0.11,0.472
10,60,1.0,0.6,1.5,10,10,0,mid,train,311,0.816,-0.335,-0.035,0.431
10,60,1.0,0.6,1.5,10,10,0,mid,valid,315,0.824,-0.734,-0.047,0.432
10,60,1.0,0.6,1.5,10,10,0,base,train,311,0.64,-0.739,-0.184,0.392
10,60,1.0,0.6,1.5,10,10,0,base,valid,315,0.73,-1.202,-0.118,0.419
10,60,1.0,0.6,1.5,10,10,1,mid,train,331,0.74,-0.495,-0.139,0.396
10,60,1.0,0.6,1.5,10,10,1,mid,valid,294,0.776,-0.963,-0.004,0.473
10,60,1.0,0.6,1.5,10,10,1,base,train,331,0.574,-0.92,-0.286,0.356
10,60,1.0,0.6,1.5,10,10,1,base,valid,294,0.687,-1.431,-0.083,0.456
10,60,1.0,0.6,1.5,10,10,2,mid,train,323,1.084,0.13,0.063,0.492
10,60,1.0,0.6,1.5,10,10,2,mid,valid,309,0.868,-0.559,-0.003,0.44
10,60,1.0,0.6,1.5,10,10,2,base,train,323,0.816,-0.332,-0.116,0.43
10,60,1.0,0.6,1.5,10,10,2,base,valid,309,0.77,-1.035,-0.088,0.421
10,60,1.0,0.6,1.5,20,10,0,mid,train,311,0.828,-0.352,-0.044,0.405
10,60,1.0,0.6,1.5,20,10,0,mid,valid,315,0.853,-0.696,-0.07,0.394
10,60,1.0,0.6,1.5,20,10,0,base,train,311,0.678,-0.739,-0.191,0.386
10,60,1.0,0.6,1.5,20,10,0,base,valid,315,0.778,-1.109,-0.137,0.384
10,60,1.0,0.6,1.5,20,10,1,mid,train,331,0.759,-0.52,-0.16,0.366
10,60,1.0,0.6,1.5,20,10,1,mid,valid,294,0.829,-0.845,-0.003,0.429
10,60,1.0,0.6,1.5,20,10,1,base,train,331,0.604,-0.973,-0.313,0.326
10,60,1.0,0.6,1.5,20,10,1,base,valid,294,0.759,-1.247,-0.073,0.425
10,60,1.0,0.6,1.5,20,10,2,mid,train,323,1.071,0.135,0.065,0.461
10,60,1.0,0.6,1.5,20,10,2,mid,valid,308,0.921,-0.376,-0.017,0.422
10,60,1.0,0.6,1.5,20,10,2,base,train,323,0.859,-0.303,-0.101,0.418
10,60,1.0,0.6,1.5,20,10,2,base,valid,308,0.833,-0.836,-0.098,0.412
10,60,2.0,0.3,1.0,10,10,0,mid,train,191,1.007,0.011,0.068,0.539
10,60,2.0,0.3,1.0,10,10,0,mid,valid,200,0.821,-0.691,-0.025,0.505
10,60,2.0,0.3,1.0,10,10,0,base,train,191,0.702,-0.535,-0.155,0.487
10,60,2.0,0.3,1.0,10,10,0,base,valid,200,0.738,-1.064,-0.094,0.495
10,60,2.0,0.3,1.0,10,10,1,mid,train,213,0.863,-0.219,-0.056,0.479
10,60,2.0,0.3,1.0,10,10,1,mid,valid,193,0.798,-0.84,0.031,0.523
10,60,2.0,0.3,1.0,10,10,1,base,train,213,0.657,-0.626,-0.222,0.451
10,60,2.0,0.3,1.0,10,10,1,base,valid,193,0.704,-1.298,-0.06,0.508
10,60,2.0,0.3,1.0,10,10,2,mid,train,214,1.363,0.462,0.077,0.542
10,60,2.0,0.3,1.0,10,10,2,mid,valid,193,0.875,-0.491,-0.01,0.497
10,60,2.0,0.3,1.0,10,10,2,base,train,214,0.909,-0.145,-0.128,0.491
10,60,2.0,0.3,1.0,10,10,2,base,valid,193,0.762,-0.999,-0.112,0.477
10,60,2.0,0.3,1.0,20,10,0,mid,train,191,0.987,-0.021,0.055,0.524
10,60,2.0,0.3,1.0,20,10,0,mid,valid,200,0.765,-0.995,-0.036,0.48
10,60,2.0,0.3,1.0,20,10,0,base,train,191,0.723,-0.536,-0.151,0.482
10,60,2.0,0.3,1.0,20,10,0,base,valid,200,0.699,-1.337,-0.1,0.475
10,60,2.0,0.3,1.0,20,10,1,mid,train,213,0.816,-0.32,-0.063,0.469
10,60,2.0,0.3,1.0,20,10,1,mid,valid,193,0.707,-1.377,0.008,0.508
10,60,2.0,0.3,1.0,20,10,1,base,train,213,0.649,-0.691,-0.224,0.441
10,60,2.0,0.3,1.0,20,10,1,base,valid,193,0.633,-1.81,-0.079,0.497
10,60,2.0,0.3,1.0,20,10,2,mid,train,214,1.417,0.556,0.089,0.547
10,60,2.0,0.3,1.0,20,10,2,mid,valid,193,0.818,-0.781,-0.015,0.492
10,60,2.0,0.3,1.0,20,10,2,base,train,214,1.006,0.009,-0.103,0.5
10,60,2.0,0.3,1.0,20,10,2,base,valid,193,0.735,-1.2,-0.104,0.477
10,60,2.0,0.3,1.5,10,10,0,mid,train,191,0.94,-0.1,0.011,0.45
10,60,2.0,0.3,1.5,10,10,0,mid,valid,200,0.823,-0.75,-0.082,0.425
10,60,2.0,0.3,1.5,10,10,0,base,train,191,0.679,-0.627,-0.182,0.408
10,60,2.0,0.3,1.5,10,10,0,base,valid,200,0.742,-1.155,-0.154,0.41
10,60,2.0,0.3,1.5,10,10,1,mid,train,213,0.766,-0.411,-0.104,0.404
10,60,2.0,0.3,1.5,10,10,1,mid,valid,193,0.805,-0.876,0.042,0.482
10,60,2.0,0.3,1.5,10,10,1,base,train,213,0.575,-0.857,-0.287,0.357
10,60,2.0,0.3,1.5,10,10,1,base,valid,193,0.717,-1.342,-0.051,0.466
10,60,2.0,0.3,1.5,10,10,2,mid,train,214,1.1,0.148,0.03,0.453
10,60,2.0,0.3,1.5,10,10,2,mid,valid,193,0.882,-0.523,0.014,0.435
10,60,2.0,0.3,1.5,10,10,2,base,train,214,0.752,-0.448,-0.182,0.407
10,60,2.0,0.3,1.5,10,10,2,base,valid,193,0.795,-0.965,-0.073,0.425
10,60,2.0,0.3,1.5,20,10,0,mid,train,191,1.027,0.05,0.029,0.424
10,60,2.0,0.3,1.5,20,10,0,mid,valid,200,0.78,-1.039,-0.112,0.365
10,60,2.0,0.3,1.5,20,10,0,base,train,191,0.77,-0.489,-0.156,0.403
10,60,2.0,0.3,1.5,20,10,0,base,valid,200,0.716,-1.411,-0.177,0.36
10,60,2.0,0.3,1.5,20,10,1,mid,train,213,0.802,-0.39,-0.119,0.366
10,60,2.0,0.3,1.5,20,10,1,mid,valid,193,0.733,-1.381,-0.001,0.425
10,60,2.0,0.3,1.5,20,10,1,base,train,213,0.62,-0.862,-0.314,0.324
10,60,2.0,0.3,1.5,20,10,1,base,valid,193,0.663,-1.834,-0.093,0.415
10,60,2.0,0.3,1.5,20,10,2,mid,train,214,1.238,0.405,0.061,0.439
10,60,2.0,0.3,1.5,20,10,2,mid,valid,193,0.871,-0.623,0.037,0.43
10,60,2.0,0.3,1.5,20,10,2,base,train,214,0.889,-0.224,-0.163,0.388
10,60,2.0,0.3,1.5,20,10,2,base,valid,193,0.79,-1.068,-0.055,0.42
10,60,2.0,0.6,1.0,10,10,0,mid,train,191,0.818,-0.334,-0.045,0.487
10,60,2.0,0.6,1.0,10,10,0,mid,valid,200,0.839,-0.672,-0.068,0.49
10,60,2.0,0.6,1.0,10,10,0,base,train,191,0.628,-0.775,-0.176,0.466
10,60,2.0,0.6,1.0,10,10,0,base,valid,200,0.732,-1.21,-0.151,0.465
10,60,2.0,0.6,1.0,10,10,1,mid,train,213,0.751,-0.469,-0.106,0.469
10,60,2.0,0.6,1.0,10,10,1,mid,valid,193,0.869,-0.556,0.025,0.523
10,60,2.0,0.6,1.0,10,10,1,base,train,213,0.572,-0.911,-0.25,0.427
10,60,2.0,0.6,1.0,10,10,1,base,valid,193,0.772,-1.03,-0.042,0.513
10,60,2.0,0.6,1.0,10,10,2,mid,train,214,1.17,0.259,0.038,0.537
10,60,2.0,0.6,1.0,10,10,2,mid,valid,193,0.891,-0.465,-0.011,0.503
10,60,2.0,0.6,1.0,10,10,2,base,train,214,0.91,-0.158,-0.103,0.491
10,60,2.0,0.6,1.0,10,10,2,base,valid,193,0.812,-0.837,-0.066,0.487
10,60,2.0,0.6,1.0,20,10,0,mid,train,191,0.886,-0.229,-0.039,0.476
10,60,2.0,0.6,1.0,20,10,0,mid,valid,200,0.872,-0.585,-0.084,0.455
10,60,2.0,0.6,1.0,20,10,0,base,train,191,0.707,-0.659,-0.168,0.461
10,60,2.0,0.6,1.0,20,10,0,base,valid,200,0.789,-1.022,-0.155,0.44
10,60,2.0,0.6,1.0,20,10,1,mid,train,213,0.791,-0.43,-0.092,0.455
10,60,2.0,0.6,1.0,20,10,1,mid,valid,193,0.872,-0.614,-0.016,0.503
10,60,2.0,0.6,1.0,20,10,1,base,train,213,0.62,-0.892,-0.236,0.423
10,60,2.0,0.6,1.0,20,10,1,base,valid,193,0.806,-0.971,-0.067,0.503
10,60,2.0,0.6,1.0,20,10,2,mid,train,214,1.206,0.354,0.043,0.528
10,60,2.0,0.6,1.0,20,10,2,mid,valid,193,0.9,-0.465,0.018,0.503
10,60,2.0,0.6,1.0,20,10,2,base,train,214,0.989,-0.022,-0.088,0.495
10,60,2.0,0.6,1.0,20,10,2,base,valid,193,0.83,-0.823,-0.037,0.503
10,60,2.0,0.6,1.5,10,10,0,mid,train,191,0.869,-0.251,-0.027,0.445
10,60,2.0,0.6,1.5,10,10,0,mid,valid,200,0.829,-0.761,-0.07,0.44
10,60,2.0,0.6,1.5,10,10,0,base,train,191,0.695,-0.652,-0.161,0.419
10,60,2.0,0.6,1.5,10,10,0,base,valid,200,0.735,-1.266,-0.141,0.42
10,60,2.0,0.6,1.5,10,10,1,mid,train,213,0.732,-0.536,-0.124,0.413
10,60,2.0,0.6,1.5,10,10,1,mid,valid,193,0.824,-0.803,0.018,0.487
10,60,2.0,0.6,1.5,10,10,1,base,train,213,0.57,-0.971,-0.266,0.366
10,60,2.0,0.6,1.5,10,10,1,base,valid,193,0.728,-1.321,-0.063,0.472
10,60,2.0,0.6,1.5,10,10,2,mid,train,214,1.062,0.1,0.023,0.486
10,60,2.0,0.6,1.5,10,10,2,mid,valid,193,0.962,-0.172,0.048,0.466
10,60,2.0,0.6,1.5,10,10,2,base,train,214,0.812,-0.352,-0.143,0.425
10,60,2.0,0.6,1.5,10,10,2,base,valid,193,0.867,-0.635,-0.028,0.446
10,60,2.0,0.6,1.5,20,10,0,mid,train,191,0.904,-0.205,-0.032,0.414
10,60,2.0,0.6,1.5,20,10,0,mid,valid,200,0.847,-0.77,-0.104,0.38
10,60,2.0,0.6,1.5,20,10,0,base,train,191,0.755,-0.581,-0.159,0.403
10,60,2.0,0.6,1.5,20,10,0,base,valid,200,0.772,-1.214,-0.172,0.365
10,60,2.0,0.6,1.5,20,10,1,mid,train,213,0.742,-0.59,-0.166,0.366
10,60,2.0,0.6,1.5,20,10,1,mid,valid,193,0.89,-0.577,0.007,0.446
10,60,2.0,0.6,1.5,20,10,1,base,train,213,0.599,-1.034,-0.302,0.329
10,60,2.0,0.6,1.5,20,10,1,base,valid,193,0.816,-1.01,-0.063,0.44
10,60,2.0,0.6,1.5,20,10,2,mid,train,214,1.182,0.353,0.049,0.458
10,60,2.0,0.6,1.5,20,10,2,mid,valid,193,0.904,-0.487,0.047,0.446
10,60,2.0,0.6,1.5,20,10,2,base,train,214,0.962,-0.082,-0.11,0.407
10,60,2.0,0.6,1.5,20,10,2,base,valid,193,0.818,-0.971,-0.035,0.435
10,240,1.0,0.3,1.0,10,10,0,mid,train,156,0.906,-0.162,0.019,0.506
10,240,1.0,0.3,1.0,10,10,0,mid,valid,152,0.812,-0.797,-0.044,0.48
10,240,1.0,0.3,1.0,10,10,0,base,train,156,0.58,-0.894,-0.25,0.436
10,240,1.0,0.3,1.0,10,10,0,base,valid,152,0.725,-1.226,-0.108,0.467
10,240,1.0,0.3,1.0,10,10,1,mid,train,183,0.78,-0.41,-0.081,0.464
10,240,1.0,0.3,1.0,10,10,1,mid,valid,141,0.687,-1.581,-0.034,0.504
10,240,1.0,0.3,1.0,10,10,1,base,train,183,0.579,-0.89,-0.255,0.426
10,240,1.0,0.3,1.0,10,10,1,base,valid,141,0.614,-2.04,-0.112,0.482
10,240,1.0,0.3,1.0,10,10,2,mid,train,172,1.232,0.345,0.097,0.564
10,240,1.0,0.3,1.0,10,10,2,mid,valid,156,0.859,-0.606,0.021,0.519
10,240,1.0,0.3,1.0,10,10,2,base,train,172,0.861,-0.25,-0.102,0.5
10,240,1.0,0.3,1.0,10,10,2,base,valid,156,0.751,-1.13,-0.085,0.494
10,240,1.0,0.3,1.0,20,10,0,mid,train,156,0.913,-0.158,0.027,0.513
10,240,1.0,0.3,1.0,20,10,0,mid,valid,152,0.712,-1.38,-0.077,0.467
10,240,1.0,0.3,1.0,20,10,0,base,train,156,0.609,-0.869,-0.234,0.442
10,240,1.0,0.3,1.0,20,10,0,base,valid,152,0.653,-1.745,-0.134,0.461
10,240,1.0,0.3,1.0,20,10,1,mid,train,183,0.734,-0.539,-0.099,0.454
10,240,1.0,0.3,1.0,20,10,1,mid,valid,141,0.573,-2.542,-0.075,0.468
10,240,1.0,0.3,1.0,20,10,1,base,train,183,0.57,-0.988,-0.269,0.421
10,240,1.0,0.3,1.0,20,10,1,base,valid,141,0.52,-2.97,-0.148,0.461
10,240,1.0,0.3,1.0,20,10,2,mid,train,172,1.195,0.32,0.098,0.552
10,240,1.0,0.3,1.0,20,10,2,mid,valid,156,0.792,-0.982,0.012,0.513
10,240,1.0,0.3,1.0,20,10,2,base,train,172,0.892,-0.208,-0.089,0.506
10,240,1.0,0.3,1.0,20,10,2,base,valid,156,0.717,-1.411,-0.082,0.494
10,240,1.0,0.3,1.5,10,10,0,mid,train,156,0.781,-0.414,-0.091,0.41
10,240,1.0,0.3,1.5,10,10,0,mid,valid,152,0.853,-0.677,-0.039,0.421
10,240,1.0,0.3,1.5,10,10,0,base,train,156,0.538,-1.051,-0.316,0.353
10,240,1.0,0.3,1.5,10,10,0,base,valid,152,0.777,-1.078,-0.102,0.408
10,240,1.0,0.3,1.5,10,10,1,mid,train,183,0.658,-0.707,-0.174,0.361
10,240,1.0,0.3,1.5,10,10,1,mid,valid,141,0.67,-1.817,-0.057,0.447
10,240,1.0,0.3,1.5,10,10,1,base,train,183,0.513,-1.139,-0.335,0.328
10,240,1.0,0.3,1.5,10,10,1,base,valid,141,0.612,-2.228,-0.12,0.433
10,240,1.0,0.3,1.5,10,10,2,mid,train,172,1.053,0.088,0.08,0.494
10,240,1.0,0.3,1.5,10,10,2,mid,valid,156,0.812,-0.923,-0.014,0.436
10,240,1.0,0.3,1.5,10,10,2,base,train,172,0.756,-0.478,-0.118,0.43
10,240,1.0,0.3,1.5,10,10,2,base,valid,156,0.74,-1.337,-0.086,0.429
10,240,1.0,0.3,1.5,20,10,0,mid,train,156,0.899,-0.207,-0.047,0.397
10,240,1.0,0.3,1.5,20,10,0,mid,valid,152,0.77,-1.2,-0.082,0.388
10,240,1.0,0.3,1.5,20,10,0,base,train,156,0.655,-0.829,-0.271,0.353
10,240,1.0,0.3,1.5,20,10,0,base,valid,152,0.711,-1.583,-0.141,0.382
10,240,1.0,0.3,1.5,20,10,1,mid,train,183,0.702,-0.691,-0.188,0.333
10,240,1.0,0.3,1.5,20,10,1,mid,valid,141,0.609,-2.532,-0.069,0.39
10,240,1.0,0.3,1.5,20,10,1,base,train,183,0.573,-1.108,-0.345,0.311
10,240,1.0,0.3,1.5,20,10,1,base,valid,141,0.568,-2.905,-0.127,0.39
10,240,1.0,0.3,1.5,20,10,2,mid,train,172,1.115,0.227,0.102,0.465
10,240,1.0,0.3,1.5,20,10,2,mid,valid,156,0.788,-1.141,0.01,0.429
10,240,1.0,0.3,1.5,20,10,2,base,train,172,0.848,-0.344,-0.095,0.424
10,240,1.0,0.3,1.5,20,10,2,base,valid,156,0.722,-1.572,-0.068,0.423
10,240,1.0,0.6,1.0,10,10,0,mid,train,156,0.726,-0.566,-0.088,0.462
10,240,1.0,0.6,1.0,10,10,0,mid,valid,152,0.838,-0.734,-0.084,0.461
10,240,1.0,0.6,1.0,10,10,0,base,train,156,0.561,-1.033,-0.238,0.429
10,240,1.0,0.6,1.0,10,10,0,base,valid,152,0.745,-1.245,-0.146,0.441
10,240,1.0,0.6,1.0,10,10,1,mid,train,183,0.653,-0.777,-0.168,0.421
10,240,1.0,0.6,1.0,10,10,1,mid,valid,141,0.7,-1.606,-0.063,0.489
10,240,1.0,0.6,1.0,10,10,1,base,train,183,0.511,-1.221,-0.299,0.388
10,240,1.0,0.6,1.0,10,10,1,base,valid,141,0.63,-2.097,-0.12,0.475
10,240,1.0,0.6,1.0,10,10,2,mid,train,172,1.09,0.158,0.064,0.558
10,240,1.0,0.6,1.0,10,10,2,mid,valid,155,0.867,-0.611,-0.023,0.503
10,240,1.0,0.6,1.0,10,10,2,base,train,172,0.88,-0.234,-0.059,0.512
10,240,1.0,0.6,1.0,10,10,2,base,valid,155,0.79,-1.013,-0.08,0.477
10,240,1.0,0.6,1.0,20,10,0,mid,train,156,0.813,-0.421,-0.059,0.474
10,240,1.0,0.6,1.0,20,10,0,mid,valid,152,0.852,-0.752,-0.117,0.441
10,240,1.0,0.6,1.0,20,10,0,base,train,156,0.657,-0.858,-0.206,0.442
10,240,1.0,0.6,1.0,20,10,0,base,valid,152,0.778,-1.187,-0.174,0.428
10,240,1.0,0.6,1.0,20,10,1,mid,train,183,0.669,-0.807,-0.173,0.415
10,240,1.0,0.6,1.0,20,10,1,mid,valid,141,0.685,-1.973,-0.105,0.447
10,240,1.0,0.6,1.0,20,10,1,base,train,183,0.531,-1.288,-0.307,0.388
10,240,1.0,0.6,1.0,20,10,1,base,valid,141,0.639,-2.345,-0.151,0.447
10,240,1.0,0.6,1.0,20,10,2,mid,train,172,1.075,0.149,0.059,0.541
10,240,1.0,0.6,1.0,20,10,2,mid,valid,155,0.941,-0.293,-0.008,0.497
10,240,1.0,0.6,1.0,20,10,2,base,train,172,0.915,-0.185,-0.047,0.517
10,240,1.0,0.6,1.0,20,10,2,base,valid,155,0.872,-0.665,-0.06,0.497
10,240,1.0,0.6,1.5,10,10,0,mid,train,156,0.705,-0.652,-0.131,0.397
10,240,1.0,0.6,1.5,10,10,0,mid,valid,152,0.855,-0.7,-0.039,0.428
10,240,1.0,0.6,1.5,10,10,0,base,train,156,0.562,-1.083,-0.271,0.372
10,240,1.0,0.6,1.5,10,10,0,base,valid,152,0.76,-1.245,-0.107,0.408
10,240,1.0,0.6,1.5,10,10,1,mid,train,183,0.686,-0.725,-0.163,0.377
10,240,1.0,0.6,1.5,10,10,1,mid,valid,141,0.705,-1.665,-0.031,0.461
10,240,1.0,0.6,1.5,10,10,1,base,train,183,0.547,-1.171,-0.303,0.333
10,240,1.0,0.6,1.5,10,10,1,base,valid,141,0.633,-2.19,-0.093,0.447
10,240,1.0,0.6,1.5,10,10,2,mid,train,172,1.013,0.024,0.053,0.512
10,240,1.0,0.6,1.5,10,10,2,mid,valid,155,0.916,-0.41,0.035,0.477
10,240,1.0,0.6,1.5,10,10,2,base,train,172,0.791,-0.432,-0.093,0.43
10,240,1.0,0.6,1.5,10,10,2,base,valid,155,0.821,-0.918,-0.047,0.445
10,240,1.0,0.6,1.5,20,10,0,mid,train,156,0.753,-0.602,-0.128,0.378
10,240,1.0,0.6,1.5,20,10,0,mid,valid,152,0.892,-0.595,-0.076,0.395
10,240,1.0,0.6,1.5,20,10,0,base,train,156,0.624,-1.015,-0.267,0.353
10,240,1.0,0.6,1.5,20,10,0,base,valid,152,0.816,-1.069,-0.141,0.382
10,240,1.0,0.6,1.5,20,10,1,mid,train,183,0.716,-0.742,-0.194,0.35
10,240,1.0,0.6,1.5,20,10,1,mid,valid,141,0.746,-1.694,-0.057,0.397
10,240,1.0,0.6,1.5,20,10,1,base,train,183,0.588,-1.209,-0.341,0.306
10,240,1.0,0.6,1.5,20,10,1,base,valid,141,0.694,-2.121,-0.109,0.397
10,240,1.0,0.6,1.5,20,10,2,mid,train,172,1.11,0.242,0.08,0.465
10,240,1.0,0.6,1.5,20,10,2,mid,valid,155,0.976,-0.13,0.042,0.452
10,240,1.0,0.6,1.5,20,10,2,base,train,172,0.917,-0.202,-0.055,0.436
10,240,1.0,0.6,1.5,20,10,2,base,valid,155,0.887,-0.649,-0.044,0.439
10,240,2.0,0.3,1.0,10,10,0,mid,train,102,0.838,-0.309,-0.055,0.49
10,240,2.0,0.3,1.0,10,10,0,mid,valid,102,0.886,-0.51,-0.038,0.5
10,240,2.0,0.3,1.0,10,10,0,base,train,102,0.592,-0.92,-0.256,0.441
10,240,2.0,0.3,1.0,10,10,0,base,valid,102,0.81,-0.891,-0.093,0.48
10,240,2.0,0.3,1.0,10,10,1,mid,train,122,0.921,-0.15,-0.015,0.5
10,240,2.0,0.3,1.0,10,10,1,mid,valid,91,0.813,-1.0,0.001,0.516
10,240,2.0,0.3,1.0,10,10,1,base,train,122,0.711,-0.612,-0.17,0.467
10,240,2.0,0.3,1.0,10,10,1,base,valid,91,0.734,-1.476,-0.063,0.505
10,240,2.0,0.3,1.0,10,10,2,mid,train,116,1.525,0.76,0.096,0.56
10,240,2.0,0.3,1.0,10,10,2,mid,valid,104,1.26,0.953,0.136,0.577
10,240,2.0,0.3,1.0,10,10,2,base,train,116,1.023,0.042,-0.107,0.491
10,240,2.0,0.3,1.0,10,10,2,base,valid,104,1.095,0.371,0.023,0.548
10,240,2.0,0.3,1.0,20,10,0,mid,train,102,0.822,-0.369,-0.047,0.471
10,240,2.0,0.3,1.0,20,10,0,mid,valid,102,0.773,-1.158,-0.064,0.461
10,240,2.0,0.3,1.0,20,10,0,base,train,102,0.601,-0.965,-0.24,0.431
10,240,2.0,0.3,1.0,20,10,0,base,valid,102,0.715,-1.522,-0.117,0.461
10,240,2.0,0.3,1.0,20,10,1,mid,train,122,0.893,-0.227,-0.029,0.492
10,240,2.0,0.3,1.0,20,10,1,mid,valid,91,0.666,-2.119,-0.041,0.484
10,240,2.0,0.3,1.0,20,10,1,base,train,122,0.736,-0.62,-0.173,0.467
10,240,2.0,0.3,1.0,20,10,1,base,valid,91,0.611,-2.557,-0.099,0.484
10,240,2.0,0.3,1.0,20,10,2,mid,train,116,1.626,0.945,0.117,0.56
10,240,2.0,0.3,1.0,20,10,2,mid,valid,104,1.082,0.346,0.127,0.567
10,240,2.0,0.3,1.0,20,10,2,base,train,116,1.172,0.319,-0.071,0.509
10,240,2.0,0.3,1.0,20,10,2,base,valid,104,0.977,-0.104,0.031,0.548
10,240,2.0,0.3,1.5,10,10,0,mid,train,102,0.751,-0.515,-0.148,0.412
10,240,2.0,0.3,1.5,10,10,0,mid,valid,102,0.936,-0.317,-0.06,0.422
10,240,2.0,0.3,1.5,10,10,0,base,train,102,0.553,-1.071,-0.312,0.373
10,240,2.0,0.3,1.5,10,10,0,base,valid,102,0.86,-0.727,-0.118,0.402
10,240,2.0,0.3,1.5,10,10,1,mid,train,122,0.784,-0.447,-0.113,0.402
10,240,2.0,0.3,1.5,10,10,1,mid,valid,91,0.756,-1.459,-0.057,0.451
10,240,2.0,0.3,1.5,10,10,1,base,train,122,0.609,-0.913,-0.266,0.361
10,240,2.0,0.3,1.5,10,10,1,base,valid,91,0.694,-1.901,-0.117,0.44
10,240,2.0,0.3,1.5,10,10,2,mid,train,116,1.12,0.202,-0.006,0.457
10,240,2.0,0.3,1.5,10,10,2,mid,valid,104,1.101,0.454,0.085,0.481
10,240,2.0,0.3,1.5,10,10,2,base,train,116,0.78,-0.453,-0.189,0.397
10,240,2.0,0.3,1.5,10,10,2,base,valid,104,1.007,0.032,0.015,0.471
10,240,2.0,0.3,1.5,20,10,0,mid,train,102,0.879,-0.274,-0.097,0.373
10,240,2.0,0.3,1.5,20,10,0,mid,valid,102,0.825,-0.983,-0.105,0.363
10,240,2.0,0.3,1.5,20,10,0,base,train,102,0.665,-0.872,-0.264,0.353
10,240,2.0,0.3,1.5,20,10,0,base,valid,102,0.767,-1.37,-0.157,0.363
10,240,2.0,0.3,1.5,20,10,1,mid,train,122,0.886,-0.272,-0.135,0.361
10,240,2.0,0.3,1.5,20,10,1,mid,valid,91,0.666,-2.372,-0.087,0.385
10,240,2.0,0.3,1.5,20,10,1,base,train,122,0.729,-0.725,-0.286,0.336
10,240,2.0,0.3,1.5,20,10,1,base,valid,91,0.623,-2.771,-0.14,0.385
10,240,2.0,0.3,1.5,20,10,2,mid,train,116,1.36,0.71,0.045,0.44
10,240,2.0,0.3,1.5,20,10,2,mid,valid,104,1.009,0.047,0.113,0.471
10,240,2.0,0.3,1.5,20,10,2,base,train,116,1.013,0.031,-0.143,0.397
10,240,2.0,0.3,1.5,20,10,2,base,valid,104,0.92,-0.43,0.025,0.462
10,240,2.0,0.6,1.0,10,10,0,mid,train,102,0.684,-0.725,-0.15,0.451
10,240,2.0,0.6,1.0,10,10,0,mid,valid,102,0.896,-0.509,-0.119,0.461
10,240,2.0,0.6,1.0,10,10,0,base,train,102,0.534,-1.196,-0.274,0.431
10,240,2.0,0.6,1.0,10,10,0,base,valid,102,0.795,-1.083,-0.183,0.431
10,240,2.0,0.6,1.0,10,10,1,mid,train,122,0.83,-0.368,-0.085,0.475
10,240,2.0,0.6,1.0,10,10,1,mid,valid,91,0.789,-1.205,-0.071,0.484
10,240,2.0,0.6,1.0,10,10,1,base,train,122,0.645,-0.856,-0.211,0.434
10,240,2.0,0.6,1.0,10,10,1,base,valid,91,0.709,-1.768,-0.127,0.473
10,240,2.0,0.6,1.0,10,10,2,mid,train,116,1.244,0.422,0.028,0.543
10,240,2.0,0.6,1.0,10,10,2,mid,valid,104,1.202,0.837,0.078,0.558
10,240,2.0,0.6,1.0,10,10,2,base,train,116,1.007,0.013,-0.083,0.491
10,240,2.0,0.6,1.0,10,10,2,base,valid,104,1.103,0.444,0.026,0.529
10,240,2.0,0.6,1.0,20,10,0,mid,train,102,0.785,-0.527,-0.109,0.441
10,240,2.0,0.6,1.0,20,10,0,mid,valid,102,0.912,-0.48,-0.155,0.412
10,240,2.0,0.6,1.0,20,10,0,base,train,102,0.639,-0.979,-0.234,0.422
10,240,2.0,0.6,1.0,20,10,0,base,valid,102,0.834,-0.954,-0.214,0.402
10,240,2.0,0.6,1.0,20,10,1,mid,train,122,0.907,-0.221,-0.073,0.467
10,240,2.0,0.6,1.0,20,10,1,mid,valid,91,0.782,-1.433,-0.121,0.44
10,240,2.0,0.6,1.0,20,10,1,base,train,122,0.716,-0.774,-0.209,0.434
10,240,2.0,0.6,1.0,20,10,1,base,valid,91,0.732,-1.83,-0.162,0.44
10,240,2.0,0.6,1.0,20,10,2,mid,train,116,1.356,0.693,0.044,0.534
10,240,2.0,0.6,1.0,20,10,2,mid,valid,104,1.105,0.496,0.093,0.538
10,240,2.0,0.6,1.0,20,10,2,base,train,116,1.162,0.346,-0.048,0.509
10,240,2.0,0.6,1.0,20,10,2,base,valid,104,1.022,0.109,0.038,0.538
10,240,2.0,0.6,1.5,10,10,0,mid,train,102,0.704,-0.708,-0.174,0.402
10,240,2.0,0.6,1.5,10,10,0,mid,valid,102,0.895,-0.556,-0.09,0.422
10,240,2.0,0.6,1.5,10,10,0,base,train,102,0.577,-1.116,-0.293,0.382
10,240,2.0,0.6,1.5,10,10,0,base,valid,102,0.795,-1.169,-0.158,0.392
10,240,2.0,0.6,1.5,10,10,1,mid,train,122,0.833,-0.373,-0.095,0.426
10,240,2.0,0.6,1.5,10,10,1,mid,valid,91,0.77,-1.401,-0.054,0.451
10,240,2.0,0.6,1.5,10,10,1,base,train,122,0.666,-0.836,-0.22,0.377
10,240,2.0,0.6,1.5,10,10,1,base,valid,91,0.691,-2.004,-0.114,0.44
10,240,2.0,0.6,1.5,10,10,2,mid,train,116,1.092,0.168,0.004,0.491
10,240,2.0,0.6,1.5,10,10,2,mid,valid,104,1.221,0.996,0.142,0.519
10,240,2.0,0.6,1.5,10,10,2,base,train,116,0.84,-0.335,-0.139,0.414
10,240,2.0,0.6,1.5,10,10,2,base,valid,104,1.097,0.461,0.056,0.481
10,240,2.0,0.6,1.5,20,10,0,mid,train,102,0.779,-0.58,-0.155,0.363
10,240,2.0,0.6,1.5,20,10,0,mid,valid,102,0.957,-0.254,-0.129,0.363
10,240,2.0,0.6,1.5,20,10,0,base,train,102,0.658,-0.986,-0.281,0.343
10,240,2.0,0.6,1.5,20,10,0,base,valid,102,0.877,-0.776,-0.196,0.353
10,240,2.0,0.6,1.5,20,10,1,mid,train,122,0.904,-0.252,-0.135,0.385
10,240,2.0,0.6,1.5,20,10,1,mid,valid,91,0.834,-1.181,-0.094,0.385
10,240,2.0,0.6,1.5,20,10,1,base,train,122,0.752,-0.73,-0.255,0.344
10,240,2.0,0.6,1.5,20,10,1,base,valid,91,0.776,-1.658,-0.143,0.385
10,240,2.0,0.6,1.5,20,10,2,mid,train,116,1.334,0.731,0.06,0.466
10,240,2.0,0.6,1.5,20,10,2,mid,valid,104,1.069,0.367,0.14,0.49
10,240,2.0,0.6,1.5,20,10,2,base,train,116,1.095,0.232,-0.074,0.431
10,240,2.0,0.6,1.5,20,10,2,base,valid,104,0.959,-0.234,0.036,0.471
25,60,1.0,0.3,1.0,10,10,0,mid,train,124,0.92,-0.124,0.006,0.508
25,60,1.0,0.3,1.0,10,10,0,mid,valid,121,0.81,-0.839,-0.005,0.488
25,60,1.0,0.3,1.0,10,10,0,base,train,124,0.633,-0.681,-0.199,0.452
25,60,1.0,0.3,1.0,10,10,0,base,valid,121,0.724,-1.279,-0.08,0.471
25,60,1.0,0.3,1.0,10,10,1,mid,train,135,1.351,0.447,0.067,0.533
25,60,1.0,0.3,1.0,10,10,1,mid,valid,142,0.75,-0.978,-0.062,0.5
25,60,1.0,0.3,1.0,10,10,1,base,train,135,0.987,-0.02,-0.132,0.496
25,60,1.0,0.3,1.0,10,10,1,base,valid,142,0.658,-1.42,-0.153,0.472
25,60,1.0,0.3,1.0,10,10,2,mid,train,124,0.961,-0.056,-0.01,0.492
25,60,1.0,0.3,1.0,10,10,2,mid,valid,134,0.818,-0.747,-0.02,0.493
25,60,1.0,0.3,1.0,10,10,2,base,train,124,0.708,-0.499,-0.241,0.444
25,60,1.0,0.3,1.0,10,10,2,base,valid,134,0.743,-1.107,-0.088,0.485
25,60,1.0,0.3,1.0,20,10,0,mid,train,124,1.048,0.077,0.041,0.54
25,60,1.0,0.3,1.0,20,10,0,mid,valid,121,0.698,-1.519,-0.043,0.471
25,60,1.0,0.3,1.0,20,10,0,base,train,124,0.752,-0.477,-0.169,0.476
25,60,1.0,0.3,1.0,20,10,0,base,valid,121,0.64,-1.898,-0.116,0.463
25,60,1.0,0.3,1.0,20,10,1,mid,train,135,1.269,0.392,0.048,0.511
25,60,1.0,0.3,1.0,20,10,1,mid,valid,142,0.663,-1.466,-0.086,0.458
25,60,1.0,0.3,1.0,20,10,1,base,train,135,0.988,-0.02,-0.147,0.474
25,60,1.0,0.3,1.0,20,10,1,base,valid,142,0.589,-1.894,-0.175,0.444
25,60,1.0,0.3,1.0,20,10,2,mid,train,124,0.929,-0.116,-0.013,0.5
25,60,1.0,0.3,1.0,20,10,2,mid,valid,134,0.832,-0.739,0.004,0.493
25,60,1.0,0.3,1.0,20,10,2,base,train,124,0.703,-0.56,-0.244,0.452
25,60,1.0,0.3,1.0,20,10,2,base,valid,134,0.766,-1.077,-0.06,0.493
25,60,1.0,0.3,1.5,10,10,0,mid,train,124,0.88,-0.209,-0.053,0.419
25,60,1.0,0.3,1.5,10,10,0,mid,valid,121,0.897,-0.485,-0.035,0.421
25,60,1.0,0.3,1.5,10,10,0,base,train,124,0.676,-0.65,-0.201,0.387
25,60,1.0,0.3,1.5,10,10,0,base,valid,121,0.817,-0.9,-0.102,0.405
25,60,1.0,0.3,1.5,10,10,1,mid,train,135,1.262,0.361,0.031,0.452
25,60,1.0,0.3,1.5,10,10,1,mid,valid,142,0.76,-1.036,-0.059,0.444
25,60,1.0,0.3,1.5,10,10,1,base,train,135,0.948,-0.087,-0.157,0.407
25,60,1.0,0.3,1.5,10,10,1,base,valid,142,0.675,-1.483,-0.145,0.423
25,60,1.0,0.3,1.5,10,10,2,mid,train,124,0.967,-0.05,-0.008,0.435
25,60,1.0,0.3,1.5,10,10,2,mid,valid,134,0.781,-1.021,-0.043,0.425
25,60,1.0,0.3,1.5,10,10,2,base,train,124,0.738,-0.471,-0.232,0.395
25,60,1.0,0.3,1.5,10,10,2,base,valid,134,0.713,-1.408,-0.114,0.418
25,60,1.0,0.3,1.5,20,10,0,mid,train,124,0.964,-0.068,-0.033,0.427
25,60,1.0,0.3,1.5,20,10,0,mid,valid,121,0.781,-1.183,-0.09,0.372
25,60,1.0,0.3,1.5,20,10,0,base,train,124,0.789,-0.447,-0.168,0.403
25,60,1.0,0.3,1.5,20,10,0,base,valid,121,0.724,-1.564,-0.148,0.372
25,60,1.0,0.3,1.5,20,10,1,mid,train,135,1.386,0.629,0.05,0.422
25,60,1.0,0.3,1.5,20,10,1,mid,valid,142,0.662,-1.648,-0.125,0.359
25,60,1.0,0.3,1.5,20,10,1,base,train,135,1.086,0.164,-0.145,0.393
25,60,1.0,0.3,1.5,20,10,1,base,valid,142,0.596,-2.086,-0.206,0.352
25,60,1.0,0.3,1.5,20,10,2,mid,train,124,0.976,-0.042,-0.006,0.419
25,60,1.0,0.3,1.5,20,10,2,mid,valid,134,0.71,-1.495,-0.044,0.388
25,60,1.0,0.3,1.5,20,10,2,base,train,124,0.797,-0.411,-0.209,0.395
25,60,1.0,0.3,1.5,20,10,2,base,valid,134,0.656,-1.856,-0.112,0.388
25,60,1.0,0.6,1.0,10,10,0,mid,train,124,0.795,-0.384,-0.073,0.468
25,60,1.0,0.6,1.0,10,10,0,mid,valid,121,0.804,-0.948,-0.099,0.446
25,60,1.0,0.6,1.0,10,10,0,base,train,124,0.609,-0.837,-0.209,0.435
25,60,1.0,0.6,1.0,10,10,0,base,valid,121,0.732,-1.359,-0.15,0.43
25,60,1.0,0.6,1.0,10,10,1,mid,train,135,1.226,0.324,0.02,0.511
25,60,1.0,0.6,1.0,10,10,1,mid,valid,142,0.8,-0.838,-0.044,0.507
25,60,1.0,0.6,1.0,10,10,1,base,train,135,0.951,-0.081,-0.131,0.459
25,60,1.0,0.6,1.0,10,10,1,base,valid,142,0.697,-1.373,-0.131,0.472
25,60,1.0,0.6,1.0,10,10,2,mid,train,124,1.039,0.059,0.047,0.54
25,60,1.0,0.6,1.0,10,10,2,mid,valid,134,0.872,-0.559,-0.023,0.5
25,60,1.0,0.6,1.0,10,10,2,base,train,124,0.78,-0.382,-0.153,0.484
25,60,1.0,0.6,1.0,10,10,2,base,valid,134,0.77,-1.082,-0.102,0.478
25,60,1.0,0.6,1.0,20,10,0,mid,train,124,0.887,-0.229,-0.062,0.484
25,60,1.0,0.6,1.0,20,10,0,mid,valid,121,0.883,-0.61,-0.123,0.421
25,60,1.0,0.6,1.0,20,10,0,base,train,124,0.706,-0.673,-0.195,0.444
25,60,1.0,0.6,1.0,20,10,0,base,valid,121,0.819,-0.986,-0.168,0.421
25,60,1.0,0.6,1.0,20,10,1,mid,train,135,1.18,0.316,-0.003,0.489
25,60,1.0,0.6,1.0,20,10,1,mid,valid,142,0.725,-1.325,-0.065,0.465
25,60,1.0,0.6,1.0,20,10,1,base,train,135,0.925,-0.153,-0.163,0.452
25,60,1.0,0.6,1.0,20,10,1,base,valid,142,0.651,-1.776,-0.144,0.451
25,60,1.0,0.6,1.0,20,10,2,mid,train,124,1.025,0.043,0.052,0.532
25,60,1.0,0.6,1.0,20,10,2,mid,valid,134,0.857,-0.707,-0.015,0.485
25,60,1.0,0.6,1.0,20,10,2,base,train,124,0.813,-0.371,-0.145,0.484
25,60,1.0,0.6,1.0,20,10,2,base,valid,134,0.786,-1.107,-0.083,0.478
25,60,1.0,0.6,1.5,10,10,0,mid,train,124,0.813,-0.38,-0.097,0.411
25,60,1.0,0.6,1.5,10,10,0,mid,valid,121,0.874,-0.62,-0.071,0.421
25,60,1.0,0.6,1.5,10,10,0,base,train,124,0.652,-0.796,-0.229,0.371
25,60,1.0,0.6,1.5,10,10,0,base,valid,121,0.793,-1.067,-0.126,0.405
25,60,1.0,0.6,1.5,10,10,1,mid,train,135,1.168,0.264,-0.022,0.437
25,60,1.0,0.6,1.5,10,10,1,mid,valid,142,0.742,-1.184,-0.067,0.451
25,60,1.0,0.6,1.5,10,10,1,base,train,135,0.924,-0.138,-0.15,0.4
25,60,1.0,0.6,1.5,10,10,1,base,valid,142,0.651,-1.727,-0.144,0.423
25,60,1.0,0.6,1.5,10,10,2,mid,train,124,1.059,0.095,0.044,0.476
25,60,1.0,0.6,1.5,10,10,2,mid,valid,134,0.865,-0.633,-0.007,0.455
25,60,1.0,0.6,1.5,10,10,2,base,train,124,0.777,-0.417,-0.183,0.419
25,60,1.0,0.6,1.5,10,10,2,base,valid,134,0.772,-1.143,-0.077,0.44
25,60,1.0,0.6,1.5,20,10,0,mid,train,124,0.89,-0.243,-0.101,0.411
25,60,1.0,0.6,1.5,20,10,0,mid,valid,121,0.951,-0.264,-0.11,0.372
25,60,1.0,0.6,1.5,20,10,0,base,train,124,0.747,-0.617,-0.217,0.387
25,60,1.0,0.6,1.5,20,10,0,base,valid,121,0.88,-0.682,-0.16,0.364
25,60,1.0,0.6,1.5,20,10,1,mid,train,135,1.23,0.447,-0.022,0.4
25,60,1.0,0.6,1.5,20,10,1,mid,valid,142,0.597,-2.218,-0.142,0.366
25,60,1.0,0.6,1.5,20,10,1,base,train,135,1.008,0.019,-0.153,0.385
25,60,1.0,0.6,1.5,20,10,1,base,valid,142,0.526,-2.767,-0.229,0.352
25,60,1.0,0.6,1.5,20,10,2,mid,train,124,1.141,0.264,0.106,0.476
25,60,1.0,0.6,1.5,20,10,2,mid,valid,134,0.719,-1.588,-0.046,0.403
25,60,1.0,0.6,1.5,20,10,2,base,train,124,0.858,-0.306,-0.155,0.411
25,60,1.0,0.6,1.5,20,10,2,base,valid,134,0.666,-1.964,-0.102,0.403
25,60,2.0,0.3,1.0,10,10,0,mid,train,82,0.891,-0.187,0.005,0.5
25,60,2.0,0.3,1.0,10,10,0,mid,valid,72,0.757,-1.299,-0.018,0.514
25,60,2.0,0.3,1.0,10,10,0,base,train,82,0.716,-0.544,-0.117,0.488
25,60,2.0,0.3,1.0,10,10,0,base,valid,72,0.691,-1.717,-0.088,0.486
25,60,2.0,0.3,1.0,10,10,1,mid,train,79,1.589,0.829,0.116,0.57
25,60,2.0,0.3,1.0,10,10,1,mid,valid,98,0.734,-1.146,-0.092,0.5
25,60,2.0,0.3,1.0,10,10,1,base,train,79,1.187,0.306,-0.084,0.532
25,60,2.0,0.3,1.0,10,10,1,base,valid,98,0.64,-1.644,-0.189,0.459
25,60,2.0,0.3,1.0,10,10,2,mid,train,79,0.95,-0.083,0.021,0.506
25,60,2.0,0.3,1.0,10,10,2,mid,valid,85,0.835,-0.779,-0.032,0.471
25,60,2.0,0.3,1.0,10,10,2,base,train,79,0.716,-0.551,-0.226,0.443
25,60,2.0,0.3,1.0,10,10,2,base,valid,85,0.767,-1.155,-0.087,0.459
25,60,2.0,0.3,1.0,20,10,0,mid,train,82,1.023,0.042,0.035,0.537
25,60,2.0,0.3,1.0,20,10,0,mid,valid,72,0.631,-2.21,-0.05,0.472
25,60,2.0,0.3,1.0,20,10,0,base,train,82,0.86,-0.279,-0.076,0.512
25,60,2.0,0.3,1.0,20,10,0,base,valid,72,0.576,-2.652,-0.133,0.458
25,60,2.0,0.3,1.0,20,10,1,mid,train,79,1.603,0.901,0.113,0.532
25,60,2.0,0.3,1.0,20,10,1,mid,valid,98,0.644,-1.717,-0.111,0.449
25,60,2.0,0.3,1.0,20,10,1,base,train,79,1.253,0.446,-0.087,0.494
25,60,2.0,0.3,1.0,20,10,1,base,valid,98,0.57,-2.197,-0.205,0.429
25,60,2.0,0.3,1.0,20,10,2,mid,train,79,1.109,0.191,0.057,0.544
25,60,2.0,0.3,1.0,20,10,2,mid,valid,85,0.812,-0.967,-0.002,0.494
25,60,2.0,0.3,1.0,20,10,2,base,train,79,0.876,-0.247,-0.185,0.481
25,60,2.0,0.3,1.0,20,10,2,base,valid,85,0.753,-1.323,-0.056,0.494
25,60,2.0,0.3,1.5,10,10,0,mid,train,82,1.012,0.021,0.051,0.463
25,60,2.0,0.3,1.5,10,10,0,mid,valid,72,0.864,-0.76,-0.055,0.444
25,60,2.0,0.3,1.5,10,10,0,base,train,82,0.805,-0.399,-0.092,0.427
25,60,2.0,0.3,1.5,10,10,0,base,valid,72,0.796,-1.189,-0.117,0.417
25,60,2.0,0.3,1.5,10,10,1,mid,train,79,1.484,0.731,0.11,0.506
25,60,2.0,0.3,1.5,10,10,1,mid,valid,98,0.672,-1.591,-0.133,0.439
25,60,2.0,0.3,1.5,10,10,1,base,train,79,1.144,0.256,-0.087,0.456
25,60,2.0,0.3,1.5,10,10,1,base,valid,98,0.592,-2.089,-0.218,0.408
25,60,2.0,0.3,1.5,10,10,2,mid,train,79,0.97,-0.052,0.025,0.456
25,60,2.0,0.3,1.5,10,10,2,mid,valid,85,0.838,-0.865,-0.051,0.4
25,60,2.0,0.3,1.5,10,10,2,base,train,79,0.763,-0.474,-0.182,0.418
25,60,2.0,0.3,1.5,10,10,2,base,valid,85,0.773,-1.27,-0.11,0.388
25,60,2.0,0.3,1.5,20,10,0,mid,train,82,1.182,0.348,0.11,0.488
25,60,2.0,0.3,1.5,20,10,0,mid,valid,72,0.699,-1.92,-0.124,0.361
25,60,2.0,0.3,1.5,20,10,0,base,train,82,0.973,-0.058,-0.031,0.451
25,60,2.0,0.3,1.5,20,10,0,base,valid,72,0.652,-2.314,-0.177,0.361
25,60,2.0,0.3,1.5,20,10,1,mid,train,79,1.833,1.353,0.185,0.468
25,60,2.0,0.3,1.5,20,10,1,mid,valid,98,0.583,-2.306,-0.208,0.337
25,60,2.0,0.3,1.5,20,10,1,base,train,79,1.416,0.802,-0.042,0.43
25,60,2.0,0.3,1.5,20,10,1,base,valid,98,0.523,-2.795,-0.289,0.327
25,60,2.0,0.3,1.5,20,10,2,mid,train,79,1.19,0.362,0.081,0.468
25,60,2.0,0.3,1.5,20,10,2,mid,valid,85,0.766,-1.36,-0.037,0.4
25,60,2.0,0.3,1.5,20,10,2,base,train,79,0.992,-0.016,-0.111,0.443
25,60,2.0,0.3,1.5,20,10,2,base,valid,85,0.712,-1.743,-0.094,0.4
25,60,2.0,0.6,1.0,10,10,0,mid,train,82,0.878,-0.242,-0.012,0.5
25,60,2.0,0.6,1.0,10,10,0,mid,valid,72,0.712,-1.73,-0.147,0.458
25,60,2.0,0.6,1.0,10,10,0,base,train,82,0.68,-0.723,-0.139,0.476
25,60,2.0,0.6,1.0,10,10,0,base,valid,72,0.655,-2.152,-0.194,0.431
25,60,2.0,0.6,1.0,10,10,1,mid,train,79,1.482,0.737,0.081,0.57
25,60,2.0,0.6,1.0,10,10,1,mid,valid,98,0.732,-1.234,-0.098,0.5
25,60,2.0,0.6,1.0,10,10,1,base,train,79,1.231,0.393,-0.022,0.532
25,60,2.0,0.6,1.0,10,10,1,base,valid,98,0.635,-1.827,-0.172,0.459
25,60,2.0,0.6,1.0,10,10,2,mid,train,79,1.024,0.041,0.048,0.544
25,60,2.0,0.6,1.0,10,10,2,mid,valid,85,0.935,-0.315,-0.042,0.471
25,60,2.0,0.6,1.0,10,10,2,base,train,79,0.804,-0.377,-0.112,0.506
25,60,2.0,0.6,1.0,10,10,2,base,valid,85,0.838,-0.849,-0.1,0.447
25,60,2.0,0.6,1.0,20,10,0,mid,train,82,1.043,0.089,0.015,0.524
25,60,2.0,0.6,1.0,20,10,0,mid,valid,72,0.802,-1.241,-0.175,0.403
25,60,2.0,0.6,1.0,20,10,0,base,train,82,0.83,-0.393,-0.112,0.476
25,60,2.0,0.6,1.0,20,10,0,base,valid,72,0.75,-1.629,-0.216,0.403
25,60,2.0,0.6,1.0,20,10,1,mid,train,79,1.553,0.951,0.093,0.532
25,60,2.0,0.6,1.0,20,10,1,mid,valid,98,0.668,-1.785,-0.106,0.449
25,60,2.0,0.6,1.0,20,10,1,base,train,79,1.267,0.527,-0.021,0.519
25,60,2.0,0.6,1.0,20,10,1,base,valid,98,0.601,-2.259,-0.171,0.439
25,60,2.0,0.6,1.0,20,10,2,mid,train,79,1.189,0.35,0.075,0.557
25,60,2.0,0.6,1.0,20,10,2,mid,valid,85,0.895,-0.586,-0.032,0.482
25,60,2.0,0.6,1.0,20,10,2,base,train,79,0.989,-0.022,-0.079,0.519
25,60,2.0,0.6,1.0,20,10,2,base,valid,85,0.836,-0.955,-0.077,0.482
25,60,2.0,0.6,1.5,10,10,0,mid,train,82,0.909,-0.198,-0.02,0.439
25,60,2.0,0.6,1.5,10,10,0,mid,valid,72,0.766,-1.417,-0.099,0.444
25,60,2.0,0.6,1.5,10,10,0,base,train,82,0.749,-0.604,-0.133,0.415
25,60,2.0,0.6,1.5,10,10,0,base,valid,72,0.701,-1.882,-0.151,0.417
25,60,2.0,0.6,1.5,10,10,1,mid,train,79,1.358,0.605,0.022,0.481
25,60,2.0,0.6,1.5,10,10,1,mid,valid,98,0.655,-1.718,-0.13,0.449
25,60,2.0,0.6,1.5,10,10,1,base,train,79,1.115,0.218,-0.089,0.443
25,60,2.0,0.6,1.5,10,10,1,base,valid,98,0.566,-2.348,-0.208,0.408
25,60,2.0,0.6,1.5,10,10,2,mid,train,79,1.077,0.14,0.079,0.506
25,60,2.0,0.6,1.5,10,10,2,mid,valid,85,0.906,-0.497,-0.001,0.435
25,60,2.0,0.6,1.5,10,10,2,base,train,79,0.815,-0.384,-0.134,0.456
25,60,2.0,0.6,1.5,10,10,2,base,valid,85,0.811,-1.079,-0.065,0.412
25,60,2.0,0.6,1.5,20,10,0,mid,train,82,1.055,0.123,0.0,0.451
25,60,2.0,0.6,1.5,20,10,0,mid,valid,72,0.84,-1.03,-0.152,0.361
25,60,2.0,0.6,1.5,20,10,0,base,train,82,0.904,-0.234,-0.097,0.427
25,60,2.0,0.6,1.5,20,10,0,base,valid,72,0.782,-1.47,-0.201,0.347
25,60,2.0,0.6,1.5,20,10,1,mid,train,79,1.532,1.038,0.048,0.43
25,60,2.0,0.6,1.5,20,10,1,mid,valid,98,0.52,-2.941,-0.201,0.357
25,60,2.0,0.6,1.5,20,10,1,base,train,79,1.261,0.586,-0.075,0.418
25,60,2.0,0.6,1.5,20,10,1,base,valid,98,0.464,-3.459,-0.27,0.347
25,60,2.0,0.6,1.5,20,10,2,mid,train,79,1.364,0.717,0.189,0.519
25,60,2.0,0.6,1.5,20,10,2,mid,valid,85,0.754,-1.528,-0.039,0.424
25,60,2.0,0.6,1.5,20,10,2,base,train,79,1.062,0.138,-0.057,0.456
25,60,2.0,0.6,1.5,20,10,2,base,valid,85,0.7,-1.933,-0.087,0.424
25,240,1.0,0.3,1.0,10,10,0,mid,train,69,0.79,-0.41,-0.03,0.478
25,240,1.0,0.3,1.0,10,10,0,mid,valid,60,0.748,-1.491,-0.042,0.483
25,240,1.0,0.3,1.0,10,10,0,base,train,69,0.529,-1.095,-0.24,0.42
25,240,1.0,0.3,1.0,10,10,0,base,valid,60,0.684,-1.948,-0.108,0.45
25,240,1.0,0.3,1.0,10,10,1,mid,train,75,1.412,0.66,0.068,0.547
25,240,1.0,0.3,1.0,10,10,1,mid,valid,76,0.702,-1.454,-0.092,0.5
25,240,1.0,0.3,1.0,10,10,1,base,train,75,1.086,0.16,-0.103,0.507
25,240,1.0,0.3,1.0,10,10,1,base,valid,76,0.628,-1.9,-0.172,0.474
25,240,1.0,0.3,1.0,10,10,2,mid,train,70,0.819,-0.341,-0.154,0.429
25,240,1.0,0.3,1.0,10,10,2,mid,valid,74,1.001,0.003,0.074,0.541
25,240,1.0,0.3,1.0,10,10,2,base,train,70,0.641,-0.774,-0.329,0.386
25,240,1.0,0.3,1.0,10,10,2,base,valid,74,0.921,-0.374,0.01,0.527
25,240,1.0,0.3,1.0,20,10,0,mid,train,69,0.925,-0.154,0.009,0.522
25,240,1.0,0.3,1.0,20,10,0,mid,valid,60,0.571,-3.002,-0.131,0.433
25,240,1.0,0.3,1.0,20,10,0,base,train,69,0.665,-0.799,-0.188,0.464
25,240,1.0,0.3,1.0,20,10,0,base,valid,60,0.523,-3.487,-0.211,0.417
25,240,1.0,0.3,1.0,20,10,1,mid,train,75,1.31,0.568,0.029,0.507
25,240,1.0,0.3,1.0,20,10,1,mid,valid,76,0.565,-2.464,-0.141,0.434
25,240,1.0,0.3,1.0,20,10,1,base,train,75,1.084,0.174,-0.127,0.467
25,240,1.0,0.3,1.0,20,10,1,base,valid,76,0.513,-2.89,-0.217,0.421
25,240,1.0,0.3,1.0,20,10,2,mid,train,70,0.818,-0.394,-0.196,0.414
25,240,1.0,0.3,1.0,20,10,2,mid,valid,74,0.996,-0.02,0.137,0.568
25,240,1.0,0.3,1.0,20,10,2,base,train,70,0.676,-0.783,-0.355,0.386
25,240,1.0,0.3,1.0,20,10,2,base,valid,74,0.927,-0.372,0.075,0.568
25,240,1.0,0.3,1.5,10,10,0,mid,train,69,0.796,-0.426,-0.037,0.42
25,240,1.0,0.3,1.5,10,10,0,mid,valid,60,0.924,-0.471,-0.027,0.433
25,240,1.0,0.3,1.5,10,10,0,base,train,69,0.633,-0.876,-0.174,0.406
25,240,1.0,0.3,1.5,10,10,0,base,valid,60,0.857,-0.919,-0.081,0.4
25,240,1.0,0.3,1.5,10,10,1,mid,train,75,1.335,0.576,0.069,0.48
25,240,1.0,0.3,1.5,10,10,1,mid,valid,76,0.637,-2.026,-0.149,0.421
25,240,1.0,0.3,1.5,10,10,1,base,train,75,1.098,0.192,-0.051,0.467
25,240,1.0,0.3,1.5,10,10,1,base,valid,76,0.581,-2.441,-0.204,0.408
25,240,1.0,0.3,1.5,10,10,2,mid,train,70,0.882,-0.229,-0.125,0.4
25,240,1.0,0.3,1.5,10,10,2,mid,valid,74,1.035,0.178,0.095,0.473
25,240,1.0,0.3,1.5,10,10,2,base,train,70,0.696,-0.673,-0.292,0.371
25,240,1.0,0.3,1.5,10,10,2,base,valid,74,0.959,-0.221,0.028,0.459
25,240,1.0,0.3,1.5,20,10,0,mid,train,69,0.94,-0.135,0.024,0.449
25,240,1.0,0.3,1.5,20,10,0,mid,valid,60,0.673,-2.399,-0.158,0.35
25,240,1.0,0.3,1.5,20,10,0,base,train,69,0.805,-0.479,-0.096,0.435
25,240,1.0,0.3,1.5,20,10,0,base,valid,60,0.63,-2.817,-0.203,0.35
25,240,1.0,0.3,1.5,20,10,1,mid,train,75,1.542,1.053,0.095,0.453
25,240,1.0,0.3,1.5,20,10,1,mid,valid,76,0.534,-2.994,-0.204,0.329
25,240,1.0,0.3,1.5,20,10,1,base,train,75,1.313,0.678,-0.023,0.44
25,240,1.0,0.3,1.5,20,10,1,base,valid,76,0.496,-3.379,-0.254,0.329
25,240,1.0,0.3,1.5,20,10,2,mid,train,70,0.988,-0.027,-0.111,0.386
25,240,1.0,0.3,1.5,20,10,2,mid,valid,74,0.972,-0.154,0.157,0.486
25,240,1.0,0.3,1.5,20,10,2,base,train,70,0.831,-0.418,-0.26,0.371
25,240,1.0,0.3,1.5,20,10,2,base,valid,74,0.908,-0.532,0.09,0.486
25,240,1.0,0.6,1.0,10,10,0,mid,train,69,0.684,-0.731,-0.087,0.449
25,240,1.0,0.6,1.0,10,10,0,mid,valid,60,0.839,-0.983,-0.099,0.467
25,240,1.0,0.6,1.0,10,10,0,base,train,69,0.516,-1.28,-0.246,0.406
25,240,1.0,0.6,1.0,10,10,0,base,valid,60,0.774,-1.436,-0.142,0.433
25,240,1.0,0.6,1.0,10,10,1,mid,train,75,1.344,0.602,0.063,0.547
25,240,1.0,0.6,1.0,10,10,1,mid,valid,76,0.665,-1.844,-0.118,0.487
25,240,1.0,0.6,1.0,10,10,1,base,train,75,1.102,0.202,-0.058,0.507
25,240,1.0,0.6,1.0,10,10,1,base,valid,76,0.583,-2.482,-0.192,0.447
25,240,1.0,0.6,1.0,10,10,2,mid,train,70,0.955,-0.084,-0.04,0.5
25,240,1.0,0.6,1.0,10,10,2,mid,valid,74,1.099,0.471,0.035,0.527
25,240,1.0,0.6,1.0,10,10,2,base,train,70,0.749,-0.534,-0.199,0.457
25,240,1.0,0.6,1.0,10,10,2,base,valid,74,0.984,-0.083,-0.031,0.5
25,240,1.0,0.6,1.0,20,10,0,mid,train,69,0.822,-0.437,-0.046,0.493
25,240,1.0,0.6,1.0,20,10,0,mid,valid,60,0.867,-0.91,-0.17,0.4
25,240,1.0,0.6,1.0,20,10,0,base,train,69,0.641,-0.986,-0.208,0.435
25,240,1.0,0.6,1.0,20,10,0,base,valid,60,0.813,-1.325,-0.206,0.4
25,240,1.0,0.6,1.0,20,10,1,mid,train,75,1.31,0.645,0.036,0.52
25,240,1.0,0.6,1.0,20,10,1,mid,valid,76,0.564,-2.865,-0.153,0.421
25,240,1.0,0.6,1.0,20,10,1,base,train,75,1.072,0.17,-0.094,0.48
25,240,1.0,0.6,1.0,20,10,1,base,valid,76,0.51,-3.371,-0.22,0.408
25,240,1.0,0.6,1.0,20,10,2,mid,train,70,0.981,-0.043,-0.063,0.486
25,240,1.0,0.6,1.0,20,10,2,mid,valid,74,1.055,0.299,0.067,0.527
25,240,1.0,0.6,1.0,20,10,2,base,train,70,0.826,-0.427,-0.205,0.443
25,240,1.0,0.6,1.0,20,10,2,base,valid,74,0.988,-0.071,0.015,0.527
25,240,1.0,0.6,1.5,10,10,0,mid,train,69,0.789,-0.505,-0.048,0.42
25,240,1.0,0.6,1.5,10,10,0,mid,valid,60,0.934,-0.407,-0.041,0.45
25,240,1.0,0.6,1.5,10,10,0,base,train,69,0.637,-0.966,-0.198,0.391
25,240,1.0,0.6,1.5,10,10,0,base,valid,60,0.859,-0.904,-0.088,0.417
25,240,1.0,0.6,1.5,10,10,1,mid,train,75,1.348,0.653,0.068,0.493
25,240,1.0,0.6,1.5,10,10,1,mid,valid,76,0.631,-2.191,-0.1,0.461
25,240,1.0,0.6,1.5,10,10,1,base,train,75,1.116,0.244,-0.039,0.467
25,240,1.0,0.6,1.5,10,10,1,base,valid,76,0.554,-2.862,-0.178,0.421
25,240,1.0,0.6,1.5,10,10,2,mid,train,70,0.952,-0.096,-0.042,0.457
25,240,1.0,0.6,1.5,10,10,2,mid,valid,74,1.071,0.372,0.084,0.473
25,240,1.0,0.6,1.5,10,10,2,base,train,70,0.727,-0.626,-0.246,0.4
25,240,1.0,0.6,1.5,10,10,2,base,valid,74,0.96,-0.229,0.013,0.446
25,240,1.0,0.6,1.5,20,10,0,mid,train,69,0.921,-0.2,-0.01,0.449
25,240,1.0,0.6,1.5,20,10,0,mid,valid,60,0.927,-0.515,-0.138,0.367
25,240,1.0,0.6,1.5,20,10,0,base,train,69,0.784,-0.598,-0.143,0.42
25,240,1.0,0.6,1.5,20,10,0,base,valid,60,0.866,-0.981,-0.181,0.367
25,240,1.0,0.6,1.5,20,10,1,mid,train,75,1.443,0.994,0.057,0.453
25,240,1.0,0.6,1.5,20,10,1,mid,valid,76,0.482,-3.736,-0.147,0.368
25,240,1.0,0.6,1.5,20,10,1,base,train,75,1.214,0.546,-0.051,0.427
25,240,1.0,0.6,1.5,20,10,1,base,valid,76,0.416,-4.449,-0.253,0.342
25,240,1.0,0.6,1.5,20,10,2,mid,train,70,1.083,0.197,0.004,0.443
25,240,1.0,0.6,1.5,20,10,2,mid,valid,74,0.957,-0.26,0.132,0.486
25,240,1.0,0.6,1.5,20,10,2,base,train,70,0.839,-0.428,-0.232,0.371
25,240,1.0,0.6,1.5,20,10,2,base,valid,74,0.895,-0.66,0.075,0.486
25,240,2.0,0.3,1.0,10,10,0,mid,train,49,0.695,-0.642,-0.011,0.49
25,240,2.0,0.3,1.0,10,10,0,mid,valid,37,0.803,-1.333,0.019,0.541
25,240,2.0,0.3,1.0,10,10,0,base,train,49,0.559,-1.017,-0.133,0.49
25,240,2.0,0.3,1.0,10,10,0,base,valid,37,0.746,-1.777,-0.029,0.514
25,240,2.0,0.3,1.0,10,10,1,mid,train,43,1.369,0.734,-0.008,0.512
25,240,2.0,0.3,1.0,10,10,1,mid,valid,49,0.806,-1.0,-0.057,0.531
25,240,2.0,0.3,1.0,10,10,1,base,train,43,1.086,0.19,-0.157,0.488
25,240,2.0,0.3,1.0,10,10,1,base,valid,49,0.723,-1.5,-0.15,0.49
25,240,2.0,0.3,1.0,10,10,2,mid,train,46,0.94,-0.126,-0.116,0.457
25,240,2.0,0.3,1.0,10,10,2,mid,valid,55,1.107,0.504,0.127,0.564
25,240,2.0,0.3,1.0,10,10,2,base,train,46,0.784,-0.498,-0.213,0.457
25,240,2.0,0.3,1.0,10,10,2,base,valid,55,1.024,0.116,0.068,0.545
25,240,2.0,0.3,1.0,20,10,0,mid,train,49,0.836,-0.365,0.017,0.531
25,240,2.0,0.3,1.0,20,10,0,mid,valid,37,0.586,-3.322,-0.071,0.459
25,240,2.0,0.3,1.0,20,10,0,base,train,49,0.713,-0.692,-0.089,0.51
25,240,2.0,0.3,1.0,20,10,0,base,valid,37,0.548,-3.753,-0.117,0.459
25,240,2.0,0.3,1.0,20,10,1,mid,train,43,1.404,0.853,-0.024,0.465
25,240,2.0,0.3,1.0,20,10,1,mid,valid,49,0.676,-1.961,-0.067,0.469
25,240,2.0,0.3,1.0,20,10,1,base,train,43,1.194,0.459,-0.155,0.442
25,240,2.0,0.3,1.0,20,10,1,base,valid,49,0.615,-2.436,-0.157,0.449
25,240,2.0,0.3,1.0,20,10,2,mid,train,46,1.087,0.194,-0.09,0.478
25,240,2.0,0.3,1.0,20,10,2,mid,valid,55,1.091,0.464,0.204,0.6
25,240,2.0,0.3,1.0,20,10,2,base,train,46,0.942,-0.141,-0.179,0.478
25,240,2.0,0.3,1.0,20,10,2,base,valid,55,1.018,0.097,0.146,0.6
25,240,2.0,0.3,1.5,10,10,0,mid,train,49,0.807,-0.421,0.06,0.469
25,240,2.0,0.3,1.5,10,10,0,mid,valid,37,1.047,0.324,0.072,0.486
25,240,2.0,0.3,1.5,10,10,0,base,train,49,0.671,-0.788,-0.065,0.469
25,240,2.0,0.3,1.5,10,10,0,base,valid,37,0.979,-0.149,0.022,0.459
25,240,2.0,0.3,1.5,10,10,1,mid,train,43,1.323,0.656,0.049,0.488
25,240,2.0,0.3,1.5,10,10,1,mid,valid,49,0.691,-1.892,-0.161,0.429
25,240,2.0,0.3,1.5,10,10,1,base,train,43,1.135,0.299,-0.051,0.488
25,240,2.0,0.3,1.5,10,10,1,base,valid,49,0.635,-2.331,-0.212,0.408
25,240,2.0,0.3,1.5,10,10,2,mid,train,46,1.002,0.005,-0.081,0.435
25,240,2.0,0.3,1.5,10,10,2,mid,valid,55,1.082,0.455,0.112,0.473
25,240,2.0,0.3,1.5,10,10,2,base,train,46,0.838,-0.389,-0.189,0.435
25,240,2.0,0.3,1.5,10,10,2,base,valid,55,1.007,0.04,0.052,0.455
25,240,2.0,0.3,1.5,20,10,0,mid,train,49,0.971,-0.067,0.113,0.49
25,240,2.0,0.3,1.5,20,10,0,mid,valid,37,0.737,-2.146,-0.02,0.405
25,240,2.0,0.3,1.5,20,10,0,base,train,49,0.835,-0.415,-0.008,0.469
25,240,2.0,0.3,1.5,20,10,0,base,valid,37,0.694,-2.592,-0.066,0.405
25,240,2.0,0.3,1.5,20,10,1,mid,train,43,1.742,1.596,0.109,0.442
25,240,2.0,0.3,1.5,20,10,1,mid,valid,49,0.612,-2.73,-0.154,0.347
25,240,2.0,0.3,1.5,20,10,1,base,train,43,1.534,1.26,0.013,0.442
25,240,2.0,0.3,1.5,20,10,1,base,valid,49,0.571,-3.138,-0.203,0.347
25,240,2.0,0.3,1.5,20,10,2,mid,train,46,1.276,0.637,0.016,0.457
25,240,2.0,0.3,1.5,20,10,2,mid,valid,55,1.0,-0.002,0.188,0.509
25,240,2.0,0.3,1.5,20,10,2,base,train,46,1.117,0.291,-0.084,0.457
25,240,2.0,0.3,1.5,20,10,2,base,valid,55,0.935,-0.402,0.126,0.509
25,240,2.0,0.6,1.0,10,10,0,mid,train,49,0.7,-0.716,-0.025,0.49
25,240,2.0,0.6,1.0,10,10,0,mid,valid,37,0.885,-0.802,-0.051,0.514
25,240,2.0,0.6,1.0,10,10,0,base,train,49,0.524,-1.295,-0.168,0.469
25,240,2.0,0.6,1.0,10,10,0,base,valid,37,0.823,-1.28,-0.089,0.486
25,240,2.0,0.6,1.0,10,10,1,mid,train,43,1.311,0.653,0.0,0.535
25,240,2.0,0.6,1.0,10,10,1,mid,valid,49,0.767,-1.36,-0.096,0.51
25,240,2.0,0.6,1.0,10,10,1,base,train,43,1.133,0.304,-0.078,0.512
25,240,2.0,0.6,1.0,10,10,1,base,valid,49,0.666,-2.146,-0.184,0.449
25,240,2.0,0.6,1.0,10,10,2,mid,train,46,1.197,0.387,0.065,0.565
25,240,2.0,0.6,1.0,10,10,2,mid,valid,55,1.092,0.492,0.049,0.527
25,240,2.0,0.6,1.0,10,10,2,base,train,46,0.965,-0.077,-0.075,0.543
25,240,2.0,0.6,1.0,10,10,2,base,valid,55,0.979,-0.122,-0.015,0.491
25,240,2.0,0.6,1.0,20,10,0,mid,train,49,0.898,-0.247,0.027,0.531
25,240,2.0,0.6,1.0,20,10,0,mid,valid,37,0.946,-0.405,-0.099,0.432
25,240,2.0,0.6,1.0,20,10,0,base,train,49,0.692,-0.84,-0.123,0.469
25,240,2.0,0.6,1.0,20,10,0,base,valid,37,0.892,-0.847,-0.134,0.432
25,240,2.0,0.6,1.0,20,10,1,mid,train,43,1.411,0.956,-0.013,0.488
25,240,2.0,0.6,1.0,20,10,1,mid,valid,49,0.678,-2.264,-0.069,0.469
25,240,2.0,0.6,1.0,20,10,1,base,train,43,1.164,0.436,-0.115,0.465
25,240,2.0,0.6,1.0,20,10,1,base,valid,49,0.613,-2.854,-0.15,0.449
25,240,2.0,0.6,1.0,20,10,2,mid,train,46,1.408,0.863,0.109,0.587
25,240,2.0,0.6,1.0,20,10,2,mid,valid,55,1.034,0.206,0.098,0.545
25,240,2.0,0.6,1.0,20,10,2,base,train,46,1.204,0.473,-0.013,0.543
25,240,2.0,0.6,1.0,20,10,2,base,valid,55,0.971,-0.178,0.051,0.545
25,240,2.0,0.6,1.5,10,10,0,mid,train,49,0.802,-0.496,-0.003,0.449
25,240,2.0,0.6,1.5,10,10,0,mid,valid,37,0.996,-0.027,0.047,0.514
25,240,2.0,0.6,1.5,10,10,0,base,train,49,0.66,-0.935,-0.12,0.449
25,240,2.0,0.6,1.5,10,10,0,base,valid,37,0.922,-0.561,0.003,0.486
25,240,2.0,0.6,1.5,10,10,1,mid,train,43,1.429,0.908,0.073,0.512
25,240,2.0,0.6,1.5,10,10,1,mid,valid,49,0.683,-2.067,-0.099,0.469
25,240,2.0,0.6,1.5,10,10,1,base,train,43,1.228,0.527,-0.019,0.488
25,240,2.0,0.6,1.5,10,10,1,base,valid,49,0.594,-2.889,-0.189,0.408
25,240,2.0,0.6,1.5,10,10,2,mid,train,46,1.184,0.39,0.048,0.522
25,240,2.0,0.6,1.5,10,10,2,mid,valid,55,1.017,0.104,0.095,0.473
25,240,2.0,0.6,1.5,10,10,2,base,train,46,0.927,-0.175,-0.146,0.478
25,240,2.0,0.6,1.5,10,10,2,base,valid,55,0.912,-0.568,0.025,0.436
25,240,2.0,0.6,1.5,20,10,0,mid,train,49,0.981,-0.048,0.041,0.469
25,240,2.0,0.6,1.5,20,10,0,mid,valid,37,1.101,0.76,0.022,0.432
25,240,2.0,0.6,1.5,20,10,0,base,train,49,0.852,-0.409,-0.055,0.449
25,240,2.0,0.6,1.5,20,10,0,base,valid,37,1.032,0.249,-0.025,0.432
25,240,2.0,0.6,1.5,20,10,1,mid,train,43,1.717,1.701,0.096,0.465
25,240,2.0,0.6,1.5,20,10,1,mid,valid,49,0.542,-3.611,-0.073,0.408
25,240,2.0,0.6,1.5,20,10,1,base,train,43,1.442,1.202,-0.009,0.442
25,240,2.0,0.6,1.5,20,10,1,base,valid,49,0.484,-4.263,-0.164,0.388
25,240,2.0,0.6,1.5,20,10,2,mid,train,46,1.534,1.214,0.19,0.543
25,240,2.0,0.6,1.5,20,10,2,mid,valid,55,0.88,-0.823,0.123,0.491
25,240,2.0,0.6,1.5,20,10,2,base,train,46,1.21,0.531,-0.022,0.478
25,240,2.0,0.6,1.5,20,10,2,base,valid,55,0.825,-1.242,0.072,0.491
