drop,mom,nbull,tol,tr_tpd,tr_pf,tr_R,va_tpd,va_pf,va_R,te_tpd,te_pf,te_R
2.0,1.5,2,0.6,1.8,1.143,0.134,1.33,0.566,-0.411,1.61,0.863,-0.229
3.0,1.5,2,0.6,1.79,1.155,0.142,1.33,0.566,-0.411,1.61,0.863,-0.229
2.0,2.0,2,0.6,1.67,1.208,0.199,1.21,0.635,-0.348,1.45,0.98,-0.102
3.0,2.0,2,0.6,1.66,1.222,0.208,1.21,0.635,-0.348,1.45,0.98,-0.102
2.0,1.5,3,0.6,1.44,1.118,0.131,0.97,0.82,-0.116,1.31,0.736,-0.214
3.0,1.5,3,0.6,1.44,1.128,0.138,0.97,0.82,-0.116,1.31,0.736,-0.214
2.0,1.5,2,0.3,1.35,1.161,0.209,1.04,0.595,-0.368,1.26,1.028,-0.029
3.0,1.5,2,0.3,1.33,1.175,0.221,1.04,0.595,-0.368,1.26,1.028,-0.029
2.0,2.0,3,0.6,1.32,1.17,0.174,0.92,0.865,-0.068,1.21,0.786,-0.175
3.0,2.0,3,0.6,1.31,1.181,0.181,0.92,0.865,-0.068,1.21,0.786,-0.175
2.0,2.0,2,0.3,1.25,1.255,0.307,0.92,0.679,-0.277,1.06,1.143,0.09
3.0,2.0,2,0.3,1.24,1.269,0.316,0.92,0.679,-0.277,1.06,1.143,0.09
2.0,1.5,3,0.3,1.07,1.141,0.244,0.75,0.935,0.025,1.11,1.023,-0.014
3.0,1.5,3,0.3,1.07,1.155,0.254,0.75,0.935,0.025,1.11,1.023,-0.014
2.0,2.0,3,0.3,1.01,1.193,0.304,0.69,1.05,0.128,0.99,1.061,0.009
3.0,2.0,3,0.3,1.0,1.209,0.315,0.69,1.05,0.128,0.99,1.061,0.009
