add_mode,rf_budget,piv_k,trail_buf,flat_min,max_adds,tr_weeks,tr_p_peak50,tr_p_peak100,tr_p_lock450,tr_p_bust,tr_med_final,tr_mean_final,tr_max_peak,sec
riskfree,1.0,5,1.0,300,30,50,0.04,0.02,0.0,0.44,8.32,13.16,101.6,17.8
riskfree,1.0,5,1.0,720,30,50,0.04,0.02,0.0,0.44,8.32,13.16,101.6,18.4
riskfree,0.5,5,1.0,300,30,50,0.04,0.0,0.0,0.42,8.43,12.69,72.3,17.8
riskfree,0.5,5,1.0,720,30,50,0.04,0.0,0.0,0.42,8.43,12.69,72.3,17.9
riskfree,0.0,5,1.0,300,30,50,0.02,0.0,0.0,0.42,8.43,12.38,72.3,17.6
riskfree,0.0,5,1.0,720,30,50,0.02,0.0,0.0,0.42,8.43,12.38,72.3,16.8
riskfree,0.0,2,0.3,300,30,50,0.0,0.0,0.0,0.34,9.62,11.29,34.2,11.1
riskfree,0.0,2,0.3,720,30,50,0.0,0.0,0.0,0.34,9.62,11.29,34.2,10.7
riskfree,0.5,2,0.3,300,30,50,0.0,0.0,0.0,0.36,9.39,11.22,32.0,8.9
riskfree,0.5,2,0.3,720,30,50,0.0,0.0,0.0,0.36,9.39,11.22,32.0,9.4
riskfree,1.0,2,0.3,300,30,50,0.0,0.0,0.0,0.36,9.25,11.19,41.2,9.3
riskfree,1.0,2,0.3,720,30,50,0.0,0.0,0.0,0.36,9.25,11.19,41.2,9.5
riskfree,0.0,2,1.0,300,30,50,0.0,0.0,0.0,0.36,9.41,10.82,31.4,14.7
riskfree,0.0,2,1.0,720,30,50,0.0,0.0,0.0,0.36,9.41,10.82,31.4,13.9
riskfree,0.0,5,0.3,300,30,50,0.0,0.0,0.0,0.4,8.73,10.8,45.7,14.2
riskfree,0.0,5,0.3,720,30,50,0.0,0.0,0.0,0.4,8.73,10.8,45.7,14.4
riskfree,0.0,10,0.3,300,30,50,0.0,0.0,0.0,0.52,7.97,10.78,44.7,18.0
riskfree,0.0,10,0.3,720,30,50,0.0,0.0,0.0,0.52,7.97,10.78,44.7,18.0
riskfree,1.0,2,1.0,300,30,50,0.0,0.0,0.0,0.36,8.61,10.71,43.0,12.9
riskfree,1.0,2,1.0,720,30,50,0.0,0.0,0.0,0.36,8.61,10.71,43.0,12.8
riskfree,0.5,2,1.0,300,30,50,0.0,0.0,0.0,0.36,8.61,10.59,33.0,13.4
riskfree,0.5,2,1.0,720,30,50,0.0,0.0,0.0,0.36,8.61,10.59,33.0,13.2
riskfree,0.5,10,0.3,300,30,50,0.0,0.0,0.0,0.52,7.97,10.5,44.7,17.9
riskfree,0.5,10,0.3,720,30,50,0.0,0.0,0.0,0.52,7.97,10.5,44.7,17.5
riskfree,0.5,5,0.3,300,30,50,0.0,0.0,0.0,0.42,8.32,10.35,45.4,14.8
riskfree,0.5,5,0.3,720,30,50,0.0,0.0,0.0,0.42,8.32,10.35,45.4,14.1
riskfree,1.0,10,0.3,300,30,50,0.0,0.0,0.0,0.54,7.97,10.3,44.4,18.0
riskfree,1.0,10,0.3,720,30,50,0.0,0.0,0.0,0.54,7.97,10.3,44.4,17.8
riskfree,1.0,5,0.3,300,30,50,0.0,0.0,0.0,0.44,8.26,10.23,45.4,13.8
riskfree,1.0,5,0.3,720,30,50,0.0,0.0,0.0,0.44,8.26,10.23,45.4,13.8
riskfree,0.0,10,1.0,300,30,50,0.0,0.0,0.0,0.54,7.64,9.93,45.3,20.5
riskfree,0.0,10,1.0,720,30,50,0.0,0.0,0.0,0.54,7.64,9.93,45.3,20.2
riskfree,0.5,10,1.0,300,30,50,0.0,0.0,0.0,0.54,7.64,9.65,42.1,20.3
riskfree,0.5,10,1.0,720,30,50,0.0,0.0,0.0,0.54,7.64,9.65,42.1,20.0
riskfree,1.0,10,1.0,300,30,50,0.0,0.0,0.0,0.58,7.25,9.36,42.1,19.0
riskfree,1.0,10,1.0,720,30,50,0.0,0.0,0.0,0.58,7.25,9.36,42.1,17.9
