s1,sb_stop,tmax,look,news,tr_n,tr_wr,tr_pf,tr_avg_pts,tr_avg_R,tr_sum_R,tr_maxdd_R,tr_avg_risk,tr_tpd,tr_t,tr_pf_h1,tr_pf_h2,tr_fe_n,tr_fe_avgR,rank_t
5,0.5,120,30,30,118,0.407,1.627,1.488,0.266,31.4,15.4,4.48,1.15,1.33,1.891,1.452,62,0.059,1.33
5,0.5,120,30,5_15,120,0.4,1.6,1.47,0.259,31.1,14.7,4.54,1.15,1.31,1.778,1.479,62,0.059,1.31
5,0.2,120,30,30,119,0.378,1.633,1.43,0.265,31.6,15.9,4.03,1.14,1.2,1.814,1.512,64,-0.113,1.2
5,0.2,120,30,5_15,121,0.372,1.613,1.427,0.261,31.5,14.9,4.09,1.15,1.19,1.718,1.543,64,-0.113,1.19
2,0.2,60,60,5_15,73,0.397,1.377,1.371,0.283,20.6,9.1,7.93,1.0,1.19,0.645,2.36,14,0.577,1.19
1,0.2,60,60,5_15,71,0.394,1.333,1.306,0.29,20.6,9.9,8.5,1.0,1.19,0.501,2.62,11,0.46,1.19
0,0.2,60,60,5_15,89,0.438,1.277,0.992,0.232,20.7,10.7,8.14,1.0,1.16,0.659,1.977,17,0.375,1.16
5,0.2,120,60,5_15,173,0.393,1.11,0.338,0.18,31.1,13.2,5.76,1.21,1.13,0.774,1.493,76,0.067,1.13
5,0.5,60,30,30,118,0.39,1.64,1.34,0.193,22.8,9.5,4.48,1.15,1.13,1.494,1.752,62,0.026,1.13
0,0.2,60,60,30,84,0.417,1.204,0.764,0.229,19.3,10.6,8.24,1.0,1.1,0.725,1.767,16,0.464,1.1
3,0.2,60,60,5_15,85,0.424,1.248,0.935,0.227,19.3,9.8,8.68,1.0,1.1,0.537,2.212,13,0.225,1.1
2,0.2,60,60,30,70,0.371,1.276,1.04,0.261,18.3,8.2,7.95,1.0,1.06,0.661,2.035,14,0.577,1.06
1,0.2,60,60,30,68,0.368,1.236,0.963,0.268,18.2,8.9,8.54,1.0,1.06,0.595,2.151,11,0.46,1.06
5,0.5,120,60,5_15,171,0.404,1.056,0.184,0.149,25.5,11.7,6.24,1.2,1.04,0.736,1.424,75,0.19,1.04
5,0.5,60,30,5_15,120,0.383,1.552,1.202,0.171,20.5,11.0,4.54,1.15,1.02,1.401,1.669,62,0.026,1.02
5,0.2,60,60,5_15,173,0.387,1.296,0.729,0.137,23.7,15.4,5.76,1.21,1.01,0.757,2.033,76,-0.002,1.01
5,0.5,30,30,30,118,0.449,1.356,0.594,0.123,14.5,8.1,4.48,1.15,1.0,1.467,1.282,62,0.021,1.0
3,0.2,120,60,5_15,85,0.388,1.107,0.499,0.243,20.7,12.5,8.68,1.0,0.98,0.532,1.846,13,0.237,0.98
5,0.2,120,60,30,169,0.379,1.029,0.09,0.156,26.4,13.7,5.7,1.19,0.97,0.758,1.33,76,0.067,0.97
5,0.2,60,30,30,119,0.361,1.606,1.228,0.184,21.8,13.6,4.03,1.14,0.97,1.45,1.729,64,-0.118,0.97
3,0.2,60,60,30,81,0.395,1.161,0.635,0.208,16.8,8.9,8.76,1.0,0.97,0.62,1.846,13,0.225,0.97
4,0.2,60,60,5_15,106,0.5,1.186,0.588,0.099,10.5,7.1,10.13,1.0,0.97,0.937,1.475,15,0.089,0.97
4,0.5,120,30,5_15,60,0.467,1.289,1.025,0.166,9.9,10.8,7.71,1.0,0.96,1.476,1.147,11,0.076,0.96
4,0.2,60,60,30,100,0.49,1.13,0.429,0.102,10.2,6.0,10.24,1.0,0.96,1.022,1.249,14,0.17,0.96
0,0.2,120,60,5_15,89,0.404,1.109,0.483,0.222,19.8,15.8,8.14,1.0,0.93,0.572,1.7,17,0.299,0.93
1,0.2,120,60,5_15,71,0.366,1.13,0.629,0.267,18.9,11.5,8.5,1.0,0.92,0.473,2.031,11,0.473,0.92
5,0.2,60,60,30,169,0.373,1.231,0.583,0.126,21.3,16.3,5.7,1.19,0.92,0.757,1.861,76,-0.002,0.92
2,0.2,120,60,5_15,73,0.384,1.144,0.654,0.249,18.2,12.1,7.93,1.0,0.89,0.538,1.891,14,0.605,0.89
5,0.5,60,60,5_15,171,0.392,1.223,0.589,0.108,18.4,11.9,6.24,1.2,0.88,0.711,1.935,75,0.092,0.88
5,0.5,120,60,30,167,0.389,0.98,-0.067,0.128,21.4,13.8,6.18,1.18,0.88,0.717,1.275,75,0.19,0.88
5,0.2,60,30,5_15,121,0.355,1.528,1.107,0.161,19.5,14.8,4.09,1.15,0.87,1.371,1.651,64,-0.118,0.87
0,0.5,60,60,5_15,86,0.43,1.187,0.727,0.155,13.4,10.0,8.99,1.0,0.86,0.551,2.012,11,0.043,0.86
4,0.5,60,30,5_15,60,0.433,1.348,0.986,0.125,7.5,9.6,7.71,1.0,0.81,1.307,1.384,11,0.011,0.81
3,0.5,60,60,5_15,83,0.422,1.158,0.644,0.149,12.3,10.0,9.49,1.0,0.81,0.477,2.108,11,-0.219,0.81
1,0.5,60,60,5_15,69,0.377,1.204,0.882,0.172,11.9,9.9,9.31,1.0,0.79,0.44,2.372,9,-0.239,0.79
0,0.2,120,60,30,84,0.393,1.016,0.075,0.195,16.4,13.6,8.24,1.0,0.78,0.62,1.469,16,0.382,0.78
4,0.5,60,60,5_15,106,0.509,1.095,0.311,0.074,7.8,6.9,10.84,1.0,0.78,0.844,1.383,10,0.118,0.78
5,0.5,60,60,30,167,0.377,1.164,0.442,0.098,16.3,11.9,6.18,1.18,0.78,0.687,1.806,75,0.092,0.78
3,0.2,120,60,30,81,0.37,1.005,0.023,0.201,16.2,11.3,8.76,1.0,0.78,0.592,1.509,13,0.237,0.78
4,0.2,120,60,5_15,106,0.472,1.062,0.258,0.088,9.3,9.4,10.13,1.0,0.77,0.85,1.262,15,0.043,0.77
4,0.2,30,60,30,100,0.44,1.021,0.058,0.074,7.4,5.9,10.24,1.0,0.77,0.932,1.128,14,0.132,0.77
4,0.2,120,60,30,100,0.47,1.033,0.141,0.089,8.9,7.4,10.24,1.0,0.76,0.941,1.12,14,0.121,0.76
5,0.2,30,30,30,119,0.412,1.286,0.486,0.104,12.4,11.2,4.03,1.14,0.75,1.396,1.213,64,-0.173,0.75
3,0.5,120,60,5_15,83,0.386,1.05,0.247,0.164,13.7,13.5,9.49,1.0,0.74,0.501,1.725,11,-0.364,0.74
0,0.2,30,60,30,84,0.417,0.993,-0.02,0.099,8.3,7.6,8.24,1.0,0.73,0.766,1.243,16,0.173,0.73
4,0.2,30,60,5_15,106,0.453,1.065,0.178,0.068,7.2,5.3,10.13,1.0,0.73,0.868,1.309,15,0.054,0.73
0,0.5,60,60,30,81,0.407,1.106,0.435,0.138,11.2,9.8,9.1,1.0,0.73,0.637,1.671,11,0.043,0.73
5,0.5,30,30,5_15,120,0.442,1.216,0.379,0.087,10.5,10.5,4.54,1.15,0.73,1.346,1.125,62,0.021,0.73
2,0.5,60,60,5_15,70,0.371,1.228,0.932,0.156,10.9,9.9,8.79,1.0,0.72,0.555,2.123,9,0.082,0.72
1,0.2,120,60,30,68,0.338,1.011,0.057,0.212,14.4,10.5,8.54,1.0,0.71,0.538,1.625,11,0.473,0.71
4,0.5,30,30,5_15,60,0.483,1.151,0.396,0.097,5.8,7.2,7.71,1.0,0.7,1.493,0.904,11,-0.025,0.7
4,0.5,30,60,5_15,106,0.472,1.004,0.01,0.058,6.1,4.6,10.84,1.0,0.69,0.811,1.241,10,0.079,0.69
4,0.5,60,60,30,100,0.5,1.029,0.102,0.068,6.8,7.0,10.95,1.0,0.68,0.852,1.219,10,0.118,0.68
2,0.2,120,60,30,70,0.357,1.021,0.1,0.196,13.7,11.0,7.95,1.0,0.68,0.52,1.631,14,0.605,0.68
3,0.5,60,60,30,79,0.392,1.078,0.33,0.129,10.2,9.1,9.57,1.0,0.67,0.556,1.753,11,-0.219,0.67
1,0.2,30,60,30,68,0.382,0.982,-0.056,0.104,7.1,6.0,8.54,1.0,0.67,0.665,1.358,11,0.111,0.67
1,0.2,30,60,5_15,71,0.394,1.04,0.12,0.099,7.0,7.0,8.5,1.0,0.67,0.558,1.672,11,0.111,0.67
1,0.5,60,60,30,66,0.348,1.115,0.519,0.148,9.8,8.9,9.36,1.0,0.66,0.528,1.94,9,-0.239,0.66
0,0.2,30,60,5_15,89,0.427,1.035,0.101,0.084,7.5,8.3,8.14,1.0,0.66,0.715,1.373,17,0.102,0.66
4,0.5,120,60,5_15,106,0.472,1.007,0.03,0.068,7.2,8.9,10.84,1.0,0.63,0.804,1.188,10,0.19,0.63
0,0.5,120,60,5_15,86,0.395,1.041,0.196,0.135,11.6,16.7,8.99,1.0,0.63,0.499,1.675,11,-0.147,0.63
3,0.2,30,60,5_15,85,0.4,1.024,0.068,0.079,6.7,7.0,8.68,1.0,0.61,0.631,1.497,13,-0.07,0.61
4,0.5,120,60,30,100,0.47,0.975,-0.11,0.068,6.8,6.8,10.95,1.0,0.61,0.837,1.097,10,0.19,0.61
4,0.5,30,60,30,100,0.45,0.943,-0.164,0.052,5.2,5.8,10.95,1.0,0.6,0.814,1.095,10,0.079,0.6
2,0.5,60,60,30,67,0.343,1.136,0.577,0.132,8.8,9.4,8.81,1.0,0.59,0.567,1.829,9,0.082,0.59
3,0.2,30,60,30,81,0.383,0.964,-0.107,0.079,6.4,6.3,8.76,1.0,0.58,0.716,1.236,13,-0.07,0.58
2,0.2,30,60,30,70,0.4,0.983,-0.052,0.084,5.9,6.4,7.95,1.0,0.55,0.66,1.328,14,0.199,0.55
1,0.5,120,60,5_15,69,0.348,1.026,0.136,0.142,9.8,13.8,9.31,1.0,0.55,0.421,1.837,9,-0.44,0.55
2,0.2,30,60,5_15,73,0.411,1.041,0.119,0.08,5.8,6.4,7.93,1.0,0.55,0.65,1.505,14,0.199,0.55
3,0.5,120,60,30,79,0.367,0.952,-0.246,0.124,9.8,12.2,9.57,1.0,0.54,0.562,1.406,11,-0.364,0.54
5,0.2,30,30,5_15,121,0.405,1.162,0.288,0.066,8.0,14.6,4.09,1.15,0.49,1.299,1.07,64,-0.173,0.49
4,0.2,120,30,5_15,60,0.433,1.181,0.611,0.082,4.9,13.0,7.01,1.0,0.48,1.312,1.077,17,-0.086,0.48
0,0.5,120,60,30,81,0.383,0.954,-0.229,0.108,8.8,14.3,9.1,1.0,0.48,0.575,1.364,11,-0.147,0.48
5,0.2,30,60,5_15,173,0.399,1.051,0.1,0.047,8.1,9.9,5.76,1.21,0.47,0.737,1.467,76,-0.13,0.47
2,0.5,120,60,5_15,70,0.357,1.027,0.137,0.116,8.1,15.6,8.79,1.0,0.46,0.457,1.744,9,-0.175,0.46
5,0.2,30,60,30,169,0.391,1.004,0.009,0.046,7.8,9.0,5.7,1.19,0.45,0.74,1.336,76,-0.13,0.45
0,0.5,30,60,5_15,86,0.43,0.974,-0.08,0.053,4.6,6.9,8.99,1.0,0.45,0.593,1.448,11,0.111,0.45
5,0.5,30,60,5_15,171,0.409,1.018,0.036,0.037,6.3,9.0,6.24,1.2,0.41,0.695,1.471,75,0.013,0.41
3,0.5,30,60,5_15,83,0.398,0.958,-0.129,0.047,3.9,6.5,9.49,1.0,0.4,0.558,1.457,11,-0.039,0.4
0,0.5,30,60,30,81,0.407,0.916,-0.27,0.05,4.0,6.2,9.1,1.0,0.4,0.666,1.199,11,0.111,0.4
5,0.5,30,60,30,167,0.401,0.974,-0.054,0.036,6.0,8.3,6.18,1.18,0.39,0.667,1.383,75,0.013,0.39
3,0.5,30,60,30,79,0.38,0.902,-0.311,0.046,3.6,5.5,9.57,1.0,0.37,0.64,1.198,11,-0.039,0.37
4,0.2,60,30,5_15,60,0.4,1.231,0.641,0.056,3.4,11.7,7.01,1.0,0.35,1.14,1.32,17,-0.046,0.35
1,0.5,120,60,30,66,0.318,0.916,-0.466,0.09,5.9,12.5,9.36,1.0,0.34,0.484,1.462,9,-0.44,0.34
4,0.2,30,30,5_15,60,0.433,1.083,0.215,0.044,2.7,10.2,7.01,1.0,0.3,1.345,0.878,17,-0.077,0.3
2,0.5,120,60,30,67,0.328,0.913,-0.456,0.063,4.2,14.4,8.81,1.0,0.24,0.451,1.461,9,-0.175,0.24
1,0.5,30,60,30,66,0.364,0.879,-0.416,0.027,1.8,6.0,9.36,1.0,0.19,0.588,1.22,9,-0.108,0.19
1,0.5,30,60,5_15,69,0.377,0.931,-0.228,0.025,1.8,7.6,9.31,1.0,0.19,0.486,1.515,9,-0.108,0.19
2,0.5,30,60,30,67,0.373,0.857,-0.485,-0.007,-0.5,7.1,8.81,1.0,-0.05,0.547,1.189,9,0.075,-0.05
2,0.5,30,60,5_15,70,0.386,0.909,-0.297,-0.008,-0.5,8.9,8.79,1.0,-0.06,0.559,1.33,9,0.075,-0.06
4,0.2,60,30,30,57,0.404,1.198,0.56,0.076,4.3,10.9,7.03,1.0,0.46,1.296,1.118,16,0.016,-inf
4,0.5,60,30,30,57,0.439,1.294,0.866,0.132,7.5,8.9,7.72,1.0,0.82,1.436,1.185,11,0.011,-inf
4,0.5,120,30,30,57,0.474,1.286,0.985,0.185,10.5,9.3,7.72,1.0,1.06,1.689,1.007,11,0.076,-inf
4,0.2,120,30,30,57,0.439,1.173,0.567,0.098,5.6,11.4,7.03,1.0,0.56,1.474,0.947,16,-0.027,-inf
4,0.5,30,30,30,57,0.474,1.127,0.333,0.107,6.1,7.7,7.72,1.0,0.74,1.654,0.786,11,-0.025,-inf
4,0.2,30,30,30,57,0.439,1.087,0.221,0.072,4.1,10.8,7.03,1.0,0.47,1.574,0.759,16,-0.016,-inf
0,0.2,30,30,30,54,0.444,1.312,0.778,0.14,7.5,10.3,6.36,1.0,0.72,1.78,1.037,16,-0.037,-inf
3,0.5,120,30,5_15,50,0.46,2.038,3.711,0.559,27.9,9.1,6.99,1.0,1.58,1.585,2.463,10,-0.608,-inf
1,0.2,30,30,30,42,0.5,1.676,1.59,0.28,11.8,6.4,5.9,1.0,1.17,1.848,1.583,11,-0.195,-inf
1,0.5,60,30,5_15,43,0.419,1.957,2.973,0.422,18.2,7.2,6.7,1.0,1.27,1.573,2.22,8,-0.529,-inf
1,0.5,60,30,30,41,0.439,2.188,3.457,0.498,20.4,6.3,6.63,1.0,1.44,1.81,2.435,8,-0.529,-inf
1,0.5,30,30,5_15,43,0.488,1.269,0.749,0.112,4.8,6.3,6.7,1.0,0.56,1.462,1.167,8,-0.381,-inf
1,0.5,30,30,30,41,0.512,1.538,1.386,0.216,8.9,6.3,6.63,1.0,1.01,1.764,1.429,8,-0.381,-inf
1,0.2,120,30,5_15,44,0.432,2.32,4.136,0.661,29.1,8.1,5.95,1.0,1.47,1.887,2.636,11,0.167,-inf
1,0.2,120,30,30,42,0.452,2.432,4.273,0.693,29.1,7.1,5.9,1.0,1.49,2.106,2.666,11,0.167,-inf
1,0.2,60,30,5_15,44,0.409,2.144,3.204,0.541,23.8,6.4,5.95,1.0,1.44,1.664,2.506,11,0.154,-inf
1,0.2,60,30,30,42,0.429,2.385,3.648,0.621,26.1,6.3,5.9,1.0,1.6,1.878,2.758,11,0.154,-inf
1,0.2,30,30,5_15,44,0.477,1.393,0.996,0.168,7.4,6.4,5.95,1.0,0.75,1.573,1.29,11,-0.195,-inf
0,0.5,120,30,5_15,54,0.426,1.688,2.618,0.391,21.1,11.1,7.08,1.0,1.18,1.381,1.946,10,-0.369,-inf
1,0.5,120,30,5_15,43,0.442,2.178,4.047,0.557,24.0,8.1,6.7,1.0,1.4,1.932,2.336,8,-0.755,-inf
0,0.5,120,30,30,52,0.423,1.59,2.243,0.372,19.3,11.7,7.17,1.0,1.1,1.466,1.689,10,-0.369,-inf
0,0.5,60,30,5_15,54,0.407,1.827,2.49,0.308,16.6,10.0,7.08,1.0,1.13,1.341,2.222,10,-0.16,-inf
0,0.5,60,30,30,52,0.404,1.725,2.243,0.296,15.4,10.7,7.17,1.0,1.06,1.36,2.02,10,-0.16,-inf
0,0.5,30,30,5_15,54,0.481,1.312,0.813,0.111,6.0,7.1,7.08,1.0,0.65,1.45,1.215,10,-0.085,-inf
0,0.5,30,30,30,52,0.462,1.254,0.686,0.121,6.3,7.6,7.17,1.0,0.68,1.636,1.038,10,-0.085,-inf
0,0.2,120,30,5_15,56,0.411,1.774,2.682,0.455,25.5,13.2,6.27,1.0,1.24,1.515,1.978,17,0.101,-inf
0,0.2,120,30,30,54,0.407,1.661,2.299,0.429,23.2,13.5,6.36,1.0,1.15,1.603,1.705,16,0.172,-inf
0,0.2,60,30,5_15,56,0.393,1.896,2.532,0.365,20.4,12.0,6.27,1.0,1.2,1.497,2.204,17,0.177,-inf
0,0.2,60,30,30,54,0.389,1.829,2.354,0.371,20.0,12.3,6.36,1.0,1.19,1.607,1.989,16,0.254,-inf
1,0.5,120,30,30,41,0.463,2.298,4.223,0.592,24.3,7.1,6.63,1.0,1.44,2.203,2.356,8,-0.755,-inf
2,0.2,30,30,30,46,0.435,1.214,0.545,0.115,5.3,7.6,5.93,1.0,0.54,1.204,1.221,14,-0.042,-inf
3,0.5,120,30,30,48,0.458,1.906,3.286,0.526,25.2,8.1,6.97,1.0,1.44,1.727,2.055,10,-0.608,-inf
0,0.2,30,30,5_15,56,0.446,1.331,0.82,0.104,5.8,9.9,6.27,1.0,0.56,1.627,1.14,17,-0.096,-inf
3,0.5,60,30,5_15,50,0.44,1.998,2.943,0.414,20.7,7.2,6.99,1.0,1.42,1.437,2.492,10,-0.449,-inf
3,0.5,60,30,30,48,0.438,1.924,2.751,0.412,19.8,7.1,6.97,1.0,1.37,1.603,2.17,10,-0.449,-inf
3,0.5,30,30,5_15,50,0.52,1.573,1.423,0.19,9.5,5.4,6.99,1.0,1.03,1.754,1.459,10,-0.25,-inf
3,0.5,30,30,30,48,0.521,1.567,1.413,0.217,10.4,6.3,6.97,1.0,1.13,2.06,1.312,10,-0.25,-inf
3,0.2,120,30,5_15,51,0.431,2.122,3.724,0.621,31.7,11.3,6.25,1.0,1.55,1.703,2.477,13,-0.022,-inf
3,0.2,120,30,30,49,0.429,1.977,3.296,0.582,28.5,10.2,6.22,1.0,1.41,1.847,2.076,13,-0.022,-inf
3,0.2,60,30,5_15,51,0.412,2.101,3.028,0.486,24.8,9.2,6.25,1.0,1.47,1.634,2.457,13,-0.033,-inf
3,0.2,60,30,30,49,0.408,2.017,2.832,0.482,23.6,8.2,6.22,1.0,1.41,1.814,2.153,13,-0.033,-inf
3,0.2,30,30,5_15,51,0.49,1.632,1.47,0.193,9.9,7.0,6.25,1.0,0.95,1.848,1.503,13,-0.329,-inf
2,0.5,120,30,5_15,45,0.4,1.678,2.559,0.377,17.0,10.5,6.7,1.0,0.99,1.493,1.804,8,-0.456,-inf
2,0.2,30,30,5_15,47,0.426,1.047,0.126,0.027,1.3,10.6,5.91,1.0,0.14,1.057,1.041,14,-0.042,-inf
2,0.5,120,30,30,44,0.409,1.718,2.565,0.389,17.1,11.4,6.72,1.0,1.01,1.708,1.725,8,-0.456,-inf
2,0.5,60,30,5_15,45,0.378,1.731,2.397,0.279,12.6,10.4,6.7,1.0,0.88,1.131,2.255,8,-0.168,-inf
2,0.5,60,30,30,44,0.386,1.874,2.703,0.331,14.5,9.5,6.72,1.0,1.02,1.254,2.394,8,-0.168,-inf
2,0.5,30,30,5_15,45,0.422,0.934,-0.197,-0.038,-1.7,10.3,6.7,1.0,-0.21,0.92,0.943,8,-0.175,-inf
2,0.5,30,30,30,44,0.432,1.096,0.271,0.045,2.0,7.6,6.72,1.0,0.23,1.046,1.125,8,-0.175,-inf
2,0.2,120,30,5_15,47,0.404,1.798,2.7,0.48,22.6,10.0,5.91,1.0,1.14,1.65,1.896,14,0.365,-inf
2,0.2,120,30,30,46,0.413,1.832,2.672,0.488,22.4,11.1,5.93,1.0,1.15,1.659,1.96,14,0.365,-inf
2,0.2,60,30,5_15,47,0.383,1.917,2.654,0.399,18.8,10.1,5.91,1.0,1.14,1.374,2.353,14,0.336,-inf
2,0.2,60,30,30,46,0.391,2.063,2.917,0.451,20.8,9.1,5.93,1.0,1.27,1.382,2.684,14,0.336,-inf
3,0.2,30,30,30,49,0.49,1.619,1.449,0.223,10.9,6.4,6.22,1.0,1.04,2.138,1.358,13,-0.329,-inf
