s1,eps,sigma,tp,tmax,tr_n,tr_wr,tr_pf,tr_avg_pts,tr_avg_R,tr_sum_R,tr_maxdd_R,tr_avg_risk,tr_tpd,tr_t,tr_pf_h1,tr_pf_h2,tr_fe_n,tr_fe_avgR,rank_t
0,0.0,0.2,1.5,90,76,0.5,0.967,-0.081,0.121,9.2,11.1,4.37,1.15,0.9,0.851,1.107,42,0.191,0.9
0,0.0,0.2,2.5,90,76,0.395,0.997,-0.009,0.148,11.2,8.1,4.37,1.15,0.86,0.862,1.161,42,0.236,0.86
1,0.0,0.2,mid,90,62,0.371,0.905,-0.282,0.183,11.3,9.5,4.26,1.15,0.81,1.181,0.69,39,0.379,0.81
1,0.0,0.5,mid,90,62,0.387,0.837,-0.524,0.124,7.7,9.9,4.83,1.15,0.62,1.142,0.617,29,0.352,0.62
1,0.0,0.2,2.5,90,62,0.355,0.866,-0.41,0.104,6.5,9.7,4.26,1.15,0.53,1.15,0.63,39,0.276,0.53
0,0.2,0.2,2.5,90,68,0.412,0.91,-0.258,0.088,6.0,7.7,4.63,1.15,0.51,0.967,0.848,33,0.253,0.51
0,0.2,0.2,1.5,90,68,0.485,0.845,-0.411,0.064,4.4,8.6,4.63,1.15,0.46,0.8,0.896,33,0.25,0.46
4,0.2,0.2,2.5,90,86,0.419,0.902,-0.282,0.067,5.8,8.6,5.04,1.18,0.45,0.867,0.938,37,0.234,0.45
0,0.0,0.2,mid,90,76,0.395,0.883,-0.321,0.069,5.2,9.3,4.37,1.15,0.41,0.778,1.001,42,0.16,0.41
4,0.0,0.2,1.5,90,93,0.473,0.865,-0.345,0.047,4.4,11.1,4.75,1.22,0.4,0.764,0.975,46,0.133,0.4
4,0.0,0.2,2.5,90,93,0.387,0.89,-0.313,0.059,5.5,9.2,4.75,1.22,0.4,0.788,1.002,46,0.153,0.4
1,0.0,0.2,1.5,90,62,0.468,0.815,-0.495,0.059,3.7,7.7,4.26,1.15,0.39,0.908,0.734,39,0.162,0.39
3,0.0,0.2,2.5,90,98,0.357,0.828,-0.53,0.052,5.1,11.0,4.43,1.24,0.35,0.94,0.726,53,0.258,0.35
3,0.0,0.2,mid,90,98,0.357,0.802,-0.602,0.055,5.4,13.5,4.43,1.24,0.34,0.935,0.688,53,0.289,0.34
0,0.2,0.2,mid,90,68,0.412,0.847,-0.432,0.058,4.0,8.8,4.63,1.15,0.33,0.883,0.81,33,0.259,0.33
4,0.2,0.2,1.5,90,86,0.477,0.824,-0.478,0.036,3.1,8.6,5.04,1.18,0.3,0.717,0.939,37,0.233,0.3
0,0.0,0.5,2.5,90,76,0.395,0.82,-0.569,0.046,3.5,11.1,4.88,1.15,0.29,0.777,0.866,35,0.2,0.29
3,0.2,0.2,mid,90,89,0.371,0.757,-0.774,0.034,3.0,14.6,4.74,1.24,0.2,0.949,0.603,39,0.246,0.2
1,0.0,0.2,mid,30,62,0.435,0.85,-0.365,0.033,2.0,6.4,4.26,1.15,0.2,1.123,0.647,39,0.078,0.2
3,0.0,0.5,2.5,90,98,0.367,0.73,-0.92,0.019,1.9,14.3,4.98,1.24,0.14,0.888,0.597,42,0.325,0.14
3,0.0,0.2,1.5,90,98,0.449,0.776,-0.614,0.01,1.0,11.0,4.43,1.24,0.09,0.81,0.745,53,0.156,0.09
4,0.2,0.2,mid,90,86,0.419,0.806,-0.55,0.013,1.1,12.1,5.04,1.18,0.09,0.844,0.77,37,0.225,0.09
0,0.2,0.5,2.5,90,68,0.412,0.749,-0.81,0.01,0.7,11.0,5.14,1.15,0.06,0.879,0.623,26,0.147,0.06
0,0.0,0.5,mid,90,76,0.408,0.806,-0.584,0.009,0.7,8.9,4.88,1.15,0.06,0.725,0.894,35,0.062,0.06
1,0.0,0.5,2.5,90,62,0.355,0.689,-1.068,0.007,0.4,14.1,4.83,1.15,0.04,1.09,0.397,29,0.291,0.04
4,0.2,0.5,2.5,90,86,0.419,0.775,-0.722,0.005,0.4,12.1,5.55,1.18,0.03,0.798,0.753,29,0.179,0.03
0,0.2,0.5,mid,90,68,0.426,0.78,-0.674,0.005,0.3,9.9,5.14,1.15,0.03,0.836,0.727,26,0.027,0.03
3,0.0,0.5,mid,90,98,0.367,0.737,-0.874,0.002,0.2,15.0,4.98,1.24,0.01,0.881,0.618,42,0.211,0.01
1,0.0,0.2,1.5,30,62,0.468,0.747,-0.61,-0.0,-0.0,7.8,4.26,1.15,-0.0,0.956,0.582,39,0.072,-0.0
3,0.2,0.2,2.5,90,89,0.371,0.756,-0.785,-0.003,-0.3,13.1,4.74,1.24,-0.02,0.958,0.585,39,0.131,-0.02
2,0.0,0.2,1.5,90,67,0.478,0.759,-0.547,-0.004,-0.3,9.8,3.95,1.03,-0.03,0.825,0.699,43,0.21,-0.03
2,0.0,0.5,2.5,90,67,0.418,0.669,-0.895,-0.007,-0.5,14.4,4.37,1.03,-0.04,1.005,0.411,36,0.314,-0.04
0,0.0,0.2,1.5,30,76,0.461,0.745,-0.578,-0.006,-0.4,11.6,4.37,1.15,-0.05,0.736,0.754,42,0.118,-0.05
0,0.2,0.2,mid,30,68,0.456,0.77,-0.542,-0.008,-0.5,8.6,4.63,1.15,-0.06,0.845,0.698,33,0.163,-0.06
3,0.2,0.5,2.5,90,89,0.382,0.675,-1.152,-0.011,-1.0,14.5,5.28,1.24,-0.07,0.909,0.492,30,0.227,-0.07
3,0.2,0.5,mid,90,89,0.382,0.701,-1.029,-0.012,-1.0,15.5,5.28,1.24,-0.08,0.909,0.544,30,0.118,-0.08
4,0.0,0.2,mid,90,93,0.387,0.791,-0.587,-0.015,-1.4,11.8,4.75,1.22,-0.1,0.745,0.838,46,0.083,-0.1
0,0.2,0.2,2.5,30,68,0.441,0.757,-0.594,-0.016,-1.1,9.0,4.63,1.15,-0.11,0.721,0.793,33,0.157,-0.11
4,0.0,0.5,2.5,90,93,0.387,0.749,-0.802,-0.024,-2.3,12.1,5.27,1.22,-0.18,0.719,0.779,38,0.135,-0.18
1,0.0,0.2,2.5,30,62,0.419,0.756,-0.616,-0.029,-1.8,6.7,4.26,1.15,-0.19,0.969,0.583,39,0.036,-0.19
2,0.2,0.5,2.5,90,64,0.422,0.608,-1.1,-0.031,-2.0,14.5,4.66,1.03,-0.2,0.97,0.335,29,0.308,-0.2
1,0.0,0.5,1.5,90,62,0.419,0.694,-0.946,-0.031,-1.9,7.9,4.83,1.15,-0.21,0.89,0.539,29,0.084,-0.21
1,0.0,0.5,mid,30,62,0.435,0.756,-0.669,-0.032,-2.0,6.7,4.83,1.15,-0.21,1.009,0.57,29,-0.028,-0.21
4,0.2,0.5,mid,90,86,0.43,0.746,-0.783,-0.034,-2.9,13.3,5.55,1.18,-0.25,0.795,0.699,29,0.047,-0.25
2,0.0,0.2,2.5,90,67,0.388,0.67,-0.851,-0.042,-2.8,15.9,3.95,1.03,-0.25,1.014,0.395,43,0.229,-0.25
3,0.2,0.2,1.5,90,89,0.438,0.696,-0.91,-0.033,-3.0,8.5,4.74,1.24,-0.27,0.746,0.65,39,0.106,-0.27
3,0.2,0.2,mid,30,89,0.472,0.714,-0.708,-0.034,-3.1,8.7,4.74,1.24,-0.28,0.843,0.614,39,0.073,-0.28
4,0.2,0.2,mid,30,86,0.442,0.728,-0.622,-0.032,-2.8,9.4,5.04,1.18,-0.28,0.912,0.569,37,0.18,-0.28
0,0.0,0.5,1.5,90,76,0.434,0.733,-0.79,-0.038,-2.9,9.8,4.88,1.15,-0.29,0.679,0.796,35,0.007,-0.29
0,0.2,0.2,1.5,30,68,0.471,0.683,-0.742,-0.037,-2.5,9.0,4.63,1.15,-0.3,0.707,0.659,33,0.141,-0.3
2,0.2,0.2,1.5,90,64,0.453,0.694,-0.757,-0.043,-2.7,9.1,4.24,1.03,-0.31,0.789,0.605,35,0.159,-0.31
2,0.0,0.2,mid,90,67,0.373,0.632,-0.962,-0.058,-3.9,20.8,3.95,1.03,-0.31,0.985,0.355,43,0.204,-0.31
0,0.0,0.2,mid,30,76,0.421,0.72,-0.662,-0.045,-3.4,9.9,4.37,1.15,-0.34,0.699,0.744,42,0.075,-0.34
2,0.0,0.5,1.5,90,67,0.463,0.673,-0.818,-0.046,-3.1,12.8,4.37,1.03,-0.34,0.905,0.49,36,0.123,-0.34
3,0.2,0.5,mid,30,89,0.483,0.679,-0.858,-0.043,-3.8,8.6,5.28,1.24,-0.38,0.796,0.592,30,0.03,-0.38
0,0.0,0.2,2.5,30,76,0.408,0.709,-0.709,-0.051,-3.9,10.3,4.37,1.15,-0.38,0.576,0.867,42,0.072,-0.38
4,0.2,0.2,2.5,30,86,0.43,0.693,-0.721,-0.045,-3.9,7.8,5.04,1.18,-0.39,0.748,0.642,37,0.174,-0.39
3,0.0,0.2,1.5,30,98,0.469,0.709,-0.686,-0.04,-4.0,11.4,4.43,1.24,-0.39,0.851,0.591,53,0.069,-0.39
0,0.2,0.5,mid,30,68,0.456,0.716,-0.718,-0.049,-3.3,8.4,5.14,1.15,-0.39,0.806,0.634,26,-0.039,-0.39
2,0.2,0.2,mid,90,64,0.375,0.581,-1.149,-0.076,-4.9,20.5,4.24,1.03,-0.4,1.035,0.227,35,0.174,-0.4
4,0.2,0.2,1.5,30,86,0.465,0.677,-0.728,-0.044,-3.7,8.0,5.04,1.18,-0.42,0.732,0.627,37,0.157,-0.42
2,0.0,0.2,1.5,30,67,0.463,0.661,-0.642,-0.052,-3.5,11.8,3.95,1.03,-0.42,0.771,0.576,43,0.15,-0.42
4,0.0,0.2,1.5,30,93,0.441,0.705,-0.661,-0.044,-4.1,10.6,4.75,1.22,-0.43,0.748,0.663,46,0.083,-0.43
3,0.0,0.2,mid,30,98,0.439,0.708,-0.711,-0.056,-5.5,8.8,4.43,1.24,-0.47,0.817,0.615,53,0.047,-0.47
2,0.0,0.5,mid,90,67,0.388,0.596,-1.121,-0.083,-5.5,21.1,4.37,1.03,-0.48,0.965,0.325,36,0.173,-0.48
3,0.2,0.2,2.5,30,89,0.461,0.676,-0.822,-0.058,-5.2,9.1,4.74,1.24,-0.49,0.734,0.63,39,0.057,-0.49
4,0.0,0.5,mid,90,93,0.398,0.725,-0.845,-0.065,-6.1,13.2,5.27,1.22,-0.5,0.693,0.757,38,0.009,-0.5
0,0.2,0.5,2.5,30,68,0.441,0.652,-0.912,-0.066,-4.5,8.4,5.14,1.15,-0.51,0.717,0.588,26,0.026,-0.51
1,0.0,0.5,1.5,30,62,0.435,0.66,-0.964,-0.073,-4.5,7.7,4.83,1.15,-0.54,0.826,0.528,29,0.009,-0.54
5,0.2,0.5,mid,30,143,0.427,0.79,-0.491,-0.052,-7.5,17.8,4.77,1.34,-0.54,0.818,0.766,68,-0.055,-0.54
2,0.2,0.5,mid,90,64,0.391,0.554,-1.289,-0.093,-6.0,20.8,4.66,1.03,-0.55,1.033,0.208,29,0.17,-0.55
3,0.2,0.5,2.5,30,89,0.472,0.616,-1.054,-0.063,-5.6,8.6,5.28,1.24,-0.56,0.724,0.53,30,0.089,-0.56
5,0.0,0.5,mid,30,152,0.382,0.742,-0.615,-0.062,-9.5,22.3,4.44,1.37,-0.58,0.734,0.75,81,0.027,-0.58
5,0.2,0.5,2.5,90,143,0.343,0.77,-0.719,-0.069,-9.8,17.6,4.77,1.34,-0.59,0.776,0.765,68,-0.039,-0.59
4,0.2,0.5,mid,30,86,0.442,0.686,-0.759,-0.063,-5.4,9.3,5.55,1.18,-0.6,0.87,0.531,29,0.01,-0.6
3,0.0,0.5,1.5,90,98,0.408,0.651,-1.114,-0.071,-6.9,9.4,4.98,1.24,-0.62,0.696,0.61,42,0.075,-0.62
2,0.0,0.5,1.5,30,67,0.448,0.59,-0.854,-0.075,-5.0,11.0,4.37,1.03,-0.63,0.796,0.432,36,0.114,-0.63
1,0.0,0.5,2.5,30,62,0.419,0.623,-1.069,-0.094,-5.8,8.9,4.83,1.15,-0.66,0.917,0.39,29,-0.005,-0.66
2,0.2,0.2,2.5,90,64,0.391,0.578,-1.141,-0.106,-6.8,17.5,4.24,1.03,-0.67,0.944,0.286,35,0.12,-0.67
3,0.0,0.2,2.5,30,98,0.429,0.673,-0.815,-0.077,-7.5,9.6,4.43,1.24,-0.67,0.722,0.629,53,0.037,-0.67
3,0.0,0.5,mid,30,98,0.449,0.659,-0.916,-0.074,-7.3,9.6,4.98,1.24,-0.68,0.741,0.589,42,0.017,-0.68
2,0.2,0.2,1.5,30,64,0.453,0.601,-0.78,-0.081,-5.2,10.8,4.24,1.03,-0.68,0.743,0.499,35,0.106,-0.68
5,0.0,0.5,2.5,90,152,0.329,0.731,-0.816,-0.085,-13.0,25.5,4.44,1.37,-0.75,0.649,0.817,81,0.039,-0.75
3,0.2,0.2,1.5,30,89,0.483,0.622,-0.931,-0.08,-7.2,11.2,4.74,1.24,-0.77,0.705,0.556,39,0.021,-0.77
0,0.2,0.5,1.5,90,68,0.426,0.655,-1.075,-0.101,-6.9,10.9,5.14,1.15,-0.77,0.747,0.56,26,-0.133,-0.77
4,0.2,0.5,2.5,30,86,0.43,0.61,-0.972,-0.083,-7.1,9.6,5.55,1.18,-0.77,0.738,0.495,29,0.069,-0.77
0,0.0,0.5,mid,30,76,0.421,0.654,-0.902,-0.093,-7.1,10.3,4.88,1.15,-0.77,0.637,0.673,35,-0.054,-0.77
4,0.0,0.2,mid,30,93,0.398,0.665,-0.782,-0.089,-8.3,10.5,4.75,1.22,-0.8,0.761,0.571,46,0.041,-0.8
5,0.2,0.5,2.5,30,143,0.413,0.73,-0.646,-0.078,-11.1,17.6,4.77,1.34,-0.81,0.74,0.721,68,-0.052,-0.81
4,0.0,0.5,1.5,90,93,0.419,0.665,-1.014,-0.093,-8.6,9.8,5.27,1.22,-0.82,0.628,0.704,38,-0.015,-0.82
2,0.2,0.5,2.5,30,64,0.438,0.49,-1.062,-0.096,-6.1,10.4,4.66,1.03,-0.82,0.781,0.295,29,0.15,-0.82
2,0.2,0.5,1.5,90,64,0.438,0.583,-1.129,-0.109,-7.0,14.5,4.66,1.03,-0.83,0.854,0.365,29,0.031,-0.83
3,0.0,0.5,2.5,30,98,0.439,0.602,-1.095,-0.092,-9.0,11.1,4.98,1.24,-0.84,0.683,0.529,42,0.062,-0.84
0,0.0,0.5,2.5,30,76,0.408,0.599,-1.077,-0.107,-8.1,10.2,4.88,1.15,-0.87,0.555,0.651,35,-0.002,-0.87
2,0.2,0.5,1.5,30,64,0.438,0.535,-0.968,-0.099,-6.3,10.1,4.66,1.03,-0.88,0.799,0.358,29,0.066,-0.88
4,0.0,0.2,2.5,30,93,0.387,0.634,-0.875,-0.1,-9.3,10.2,4.75,1.22,-0.89,0.628,0.641,46,0.038,-0.89
5,0.0,0.2,mid,30,152,0.342,0.689,-0.698,-0.109,-16.6,26.6,3.91,1.37,-0.9,0.773,0.606,91,-0.1,-0.9
4,0.2,0.5,1.5,90,86,0.43,0.654,-1.079,-0.105,-9.0,12.8,5.55,1.18,-0.91,0.678,0.63,29,-0.069,-0.91
0,0.0,0.5,1.5,30,76,0.421,0.593,-1.093,-0.106,-8.1,11.5,4.88,1.15,-0.92,0.523,0.676,35,0.01,-0.92
0,0.2,0.5,1.5,30,68,0.441,0.601,-1.046,-0.108,-7.4,9.4,5.14,1.15,-0.94,0.626,0.577,26,-0.055,-0.94
3,0.0,0.5,1.5,30,98,0.449,0.606,-1.081,-0.095,-9.3,12.0,4.98,1.24,-0.94,0.651,0.566,42,0.057,-0.94
3,0.2,0.5,1.5,90,89,0.404,0.597,-1.364,-0.115,-10.2,13.4,5.28,1.24,-0.99,0.727,0.486,30,-0.077,-0.99
5,0.2,0.2,2.5,90,143,0.322,0.773,-0.649,-0.116,-16.5,18.6,4.24,1.34,-0.99,0.81,0.738,78,-0.199,-0.99
2,0.0,0.5,2.5,30,67,0.433,0.49,-1.064,-0.117,-7.8,10.5,4.37,1.03,-1.0,0.707,0.323,36,0.109,-1.0
3,0.2,0.5,1.5,30,89,0.472,0.577,-1.162,-0.109,-9.7,10.9,5.28,1.24,-1.08,0.634,0.531,30,-0.03,-1.08
2,0.2,0.2,2.5,30,64,0.422,0.467,-1.075,-0.133,-8.5,13.3,4.24,1.03,-1.1,0.796,0.243,35,0.094,-1.1
2,0.2,0.5,mid,30,64,0.438,0.451,-1.142,-0.124,-7.9,11.3,4.66,1.03,-1.12,0.739,0.259,29,0.089,-1.12
2,0.0,0.2,2.5,30,67,0.418,0.484,-1.01,-0.141,-9.5,13.6,3.95,1.03,-1.17,0.773,0.273,43,0.079,-1.17
4,0.2,0.5,1.5,30,86,0.43,0.57,-1.073,-0.115,-9.8,10.6,5.55,1.18,-1.18,0.664,0.485,29,0.002,-1.18
5,0.0,0.5,2.5,30,152,0.368,0.665,-0.814,-0.114,-17.4,26.6,4.44,1.37,-1.19,0.576,0.758,81,-0.021,-1.19
5,0.2,0.2,mid,30,143,0.385,0.708,-0.662,-0.124,-17.7,22.0,4.24,1.34,-1.21,0.825,0.602,78,-0.139,-1.21
5,0.0,0.2,2.5,90,152,0.303,0.709,-0.809,-0.141,-21.5,24.4,3.91,1.37,-1.23,0.632,0.792,91,-0.127,-1.23
4,0.0,0.5,mid,30,93,0.398,0.613,-0.981,-0.125,-11.7,13.0,5.27,1.22,-1.23,0.696,0.53,38,-0.078,-1.23
5,0.0,0.5,mid,90,152,0.303,0.712,-0.867,-0.146,-22.3,36.0,4.44,1.37,-1.23,0.667,0.758,81,-0.111,-1.23
2,0.0,0.5,mid,30,67,0.433,0.454,-1.139,-0.145,-9.7,12.3,4.37,1.03,-1.31,0.67,0.288,36,0.056,-1.31
2,0.2,0.2,mid,30,64,0.422,0.433,-1.142,-0.155,-9.9,14.3,4.24,1.03,-1.34,0.756,0.214,35,0.054,-1.34
4,0.0,0.5,2.5,30,93,0.387,0.547,-1.178,-0.142,-13.2,13.2,5.27,1.22,-1.37,0.596,0.495,38,-0.03,-1.37
5,0.2,0.5,mid,90,143,0.329,0.691,-0.954,-0.157,-22.5,31.4,4.77,1.34,-1.39,0.735,0.651,68,-0.212,-1.39
4,0.0,0.5,1.5,30,93,0.398,0.544,-1.184,-0.139,-13.0,14.1,5.27,1.22,-1.42,0.557,0.53,38,-0.012,-1.42
2,0.0,0.2,mid,30,67,0.418,0.451,-1.073,-0.164,-11.0,14.7,3.95,1.03,-1.42,0.735,0.244,43,0.044,-1.42
5,0.0,0.5,1.5,90,152,0.388,0.639,-1.019,-0.132,-20.1,24.4,4.44,1.37,-1.45,0.557,0.727,81,-0.062,-1.45
5,0.2,0.2,2.5,30,143,0.371,0.688,-0.72,-0.143,-20.5,23.8,4.24,1.34,-1.46,0.692,0.684,78,-0.154,-1.46
5,0.2,0.5,1.5,90,143,0.392,0.682,-0.92,-0.136,-19.4,21.8,4.77,1.34,-1.47,0.714,0.652,68,-0.15,-1.47
5,0.2,0.2,1.5,90,143,0.378,0.68,-0.848,-0.152,-21.8,25.2,4.24,1.34,-1.61,0.699,0.662,78,-0.173,-1.61
5,0.2,0.5,1.5,30,143,0.42,0.655,-0.823,-0.137,-19.6,22.9,4.77,1.34,-1.67,0.637,0.672,68,-0.136,-1.67
5,0.0,0.5,1.5,30,152,0.395,0.613,-0.925,-0.15,-22.8,28.3,4.44,1.37,-1.82,0.534,0.697,81,-0.073,-1.82
5,0.0,0.2,mid,90,152,0.257,0.656,-0.972,-0.242,-36.7,44.5,3.91,1.37,-1.94,0.629,0.683,91,-0.284,-1.94
5,0.2,0.2,mid,90,143,0.28,0.631,-1.086,-0.235,-33.6,40.0,4.24,1.34,-1.94,0.69,0.577,78,-0.336,-1.94
5,0.0,0.2,2.5,30,152,0.336,0.609,-0.889,-0.192,-29.2,34.5,3.91,1.37,-2.01,0.538,0.681,91,-0.173,-2.01
5,0.0,0.2,1.5,90,152,0.368,0.623,-0.965,-0.186,-28.2,35.0,3.91,1.37,-2.02,0.54,0.714,91,-0.166,-2.02
5,0.2,0.2,1.5,30,143,0.406,0.637,-0.813,-0.173,-24.8,29.7,4.24,1.34,-2.05,0.66,0.616,78,-0.194,-2.05
5,0.0,0.2,1.5,30,152,0.382,0.605,-0.87,-0.194,-29.6,36.6,3.91,1.37,-2.3,0.57,0.641,91,-0.19,-2.3
1,0.2,0.2,mid,90,49,0.367,0.944,-0.177,0.236,11.6,7.9,4.57,1.11,0.88,1.276,0.718,26,0.477,-inf
1,0.2,0.2,1.5,30,49,0.449,0.731,-0.688,-0.022,-1.1,6.8,4.57,1.11,-0.15,0.943,0.579,26,-0.001,-inf
1,0.2,0.2,1.5,90,49,0.449,0.785,-0.628,0.017,0.8,7.6,4.57,1.11,0.1,0.874,0.713,26,0.04,-inf
1,0.2,0.5,1.5,30,49,0.408,0.63,-1.11,-0.113,-5.6,7.5,5.15,1.11,-0.76,0.777,0.521,19,-0.09,-inf
1,0.2,0.2,2.5,30,49,0.408,0.792,-0.559,-0.0,-0.0,6.8,4.57,1.11,-0.0,1.006,0.633,26,0.055,-inf
1,0.2,0.2,2.5,90,49,0.347,0.838,-0.528,0.063,3.1,9.7,4.57,1.11,0.29,1.164,0.596,26,0.183,-inf
1,0.2,0.5,1.5,90,49,0.388,0.642,-1.202,-0.101,-5.0,9.4,5.15,1.11,-0.63,0.839,0.498,19,-0.07,-inf
1,0.2,0.5,mid,90,49,0.388,0.888,-0.376,0.181,8.9,8.3,5.15,1.11,0.77,1.276,0.648,19,0.457,-inf
1,0.2,0.2,mid,30,49,0.429,0.906,-0.241,0.078,3.8,6.8,4.57,1.11,0.39,1.206,0.705,26,0.118,-inf
1,0.2,0.5,2.5,90,49,0.347,0.68,-1.165,-0.001,-0.1,12.4,5.15,1.11,-0.01,1.126,0.398,19,0.276,-inf
1,0.2,0.5,2.5,30,49,0.408,0.652,-1.042,-0.07,-3.4,7.5,5.15,1.11,-0.41,0.969,0.42,19,0.023,-inf
1,0.2,0.5,mid,30,49,0.429,0.814,-0.535,0.009,0.4,6.9,5.15,1.11,0.05,1.092,0.629,19,-0.011,-inf
