levels,delta,N,trig,win,tr_n,tr_wr,tr_pf,tr_avg_pts,tr_avg_R,tr_sum_R,tr_maxdd_R,tr_avg_risk,tr_tpd,tr_t,tr_pf_h1,tr_pf_h2,tr_fe_n,tr_fe_avgR
both,1.0,10,1,ny,2,1.0,inf,6.777,1.379,2.8,0.0,4.91,1.0,3506.62,inf,inf,1.0,1.379
both,1.0,20,1,ny,3,1.0,inf,6.569,1.395,4.2,0.0,4.71,1.0,85.68,inf,inf,1.0,1.379
sess,1.0,20,1,ny,2,1.0,inf,7.451,1.404,2.8,0.0,5.33,1.0,57.93,inf,inf,0.0,
pd,0.25,20,0,lon,13,0.615,1.315,0.588,0.409,5.3,2.1,4.27,1.0,1.33,1.279,1.339,8.0,0.854
both,0.5,3,0,lon,36,0.556,1.321,0.508,0.25,9.0,5.3,3.54,1.0,1.33,1.339,1.302,28.0,0.257
pd,0.25,10,0,lon,12,0.583,1.289,0.585,0.434,5.2,2.1,4.18,1.0,1.3,1.279,1.296,8.0,0.854
sess,0.5,3,0,lon,30,0.567,1.284,0.443,0.239,7.2,6.0,3.42,1.0,1.15,1.096,1.569,24.0,0.24
pd,0.25,3,0,lon,9,0.556,1.306,0.61,0.396,3.6,2.0,4.24,1.0,1.02,2.135,1.111,6.0,0.694
sess,0.5,3,0,both,48,0.521,1.134,0.286,0.168,8.1,5.0,4.11,1.07,0.99,0.973,1.354,30.0,0.225
pd,1.0,3,0,ny,5,0.6,1.481,2.037,0.536,2.7,1.6,8.97,1.0,0.97,inf,0.442,0.0,
sess,0.5,10,0,both,76,0.5,0.988,-0.029,0.094,7.1,8.9,4.54,1.15,0.72,0.891,1.096,38.0,0.208
both,0.5,10,0,lon,56,0.5,0.901,-0.193,0.104,5.8,6.4,3.72,1.04,0.69,0.843,0.958,38.0,0.289
sess,0.25,3,1,ny,9,0.556,2.042,1.526,0.291,2.6,2.1,3.54,1.0,0.68,1.146,2.783,6.0,0.132
pd,0.5,20,0,lon,11,0.545,1.262,0.449,0.229,2.5,2.8,4.02,1.0,0.67,1.869,0.93,7.0,0.43
sess,0.5,10,0,ny,28,0.5,1.211,0.632,0.148,4.1,3.1,5.76,1.04,0.64,1.241,1.186,7.0,-0.01
pd,0.5,10,0,lon,10,0.5,1.229,0.432,0.24,2.4,2.9,3.88,1.0,0.64,1.869,0.879,7.0,0.43
pd,0.5,3,0,lon,6,0.5,1.486,0.836,0.305,1.8,2.1,4.12,1.0,0.63,21.576,0.806,4.0,0.354
pd,1.0,3,0,both,11,0.455,1.104,0.357,0.204,2.2,4.7,6.56,1.0,0.57,95.932,0.25,4.0,0.403
pd,1.0,20,0,ny,15,0.467,0.811,-0.813,0.145,2.2,2.0,9.1,1.0,0.52,0.977,0.664,1.0,1.379
both,0.5,3,0,both,62,0.468,0.867,-0.344,0.073,4.6,4.8,4.45,1.15,0.5,1.032,0.739,35.0,0.203
sess,0.5,10,0,lon,48,0.5,0.8,-0.414,0.063,3.0,8.5,3.83,1.0,0.39,0.698,0.915,31.0,0.257
sess,0.25,10,1,ny,10,0.5,1.583,0.991,0.158,1.6,3.2,3.55,1.0,0.39,0.698,2.783,7.0,-0.036
both,0.5,20,0,lon,67,0.493,0.886,-0.24,0.05,3.4,8.4,4.09,1.03,0.37,0.965,0.825,41.0,0.247
sess,0.25,3,0,ny,26,0.462,1.094,0.229,0.084,2.2,6.4,4.21,1.0,0.34,1.327,0.872,14.0,0.004
both,1.0,10,1,both,5,0.6,1.051,0.138,0.173,0.9,1.0,5.53,1.0,0.32,0.578,1.802,1.0,1.379
sess,0.5,20,0,ny,35,0.429,1.043,0.129,0.062,2.2,3.8,6.11,1.03,0.32,0.991,1.089,8.0,-0.14
both,0.5,10,0,both,98,0.459,0.833,-0.447,0.035,3.5,7.6,4.62,1.24,0.31,0.881,0.79,49.0,0.234
sess,0.5,10,1,ny,4,0.5,2.144,2.505,0.19,0.8,1.0,5.42,1.0,0.27,2.288,2.033,1.0,-1.041
sess,0.5,20,0,both,93,0.462,0.91,-0.228,0.028,2.6,9.3,4.92,1.22,0.25,0.76,1.073,42.0,0.143
sess,0.25,10,0,ny,35,0.457,1.023,0.061,0.044,1.6,6.0,4.77,1.03,0.22,1.316,0.791,16.0,-0.127
sess,0.5,3,0,ny,18,0.444,1.008,0.026,0.05,0.9,3.1,5.24,1.0,0.17,1.597,0.64,6.0,0.161
sess,0.25,20,0,ny,42,0.429,1.002,0.005,0.031,1.3,6.3,5.17,1.02,0.17,0.924,1.089,17.0,-0.181
sess,0.25,20,1,ny,11,0.455,1.332,0.61,0.048,0.5,4.2,3.51,1.0,0.13,0.31,3.173,8.0,-0.163
both,1.0,3,0,ny,12,0.417,0.794,-0.969,0.03,0.4,2.7,7.41,1.0,0.08,0.969,0.676,1.0,-1.041
both,1.0,20,1,both,8,0.5,0.844,-0.472,0.029,0.2,3.1,5.29,1.0,0.07,1.401,0.551,2.0,0.17
pd,1.0,20,0,both,25,0.44,0.68,-1.208,0.011,0.3,5.4,7.67,1.0,0.06,1.1,0.408,5.0,0.598
sess,0.5,20,0,lon,58,0.483,0.803,-0.444,0.008,0.5,8.2,4.21,1.0,0.06,0.729,0.872,34.0,0.209
pd,1.0,10,0,ny,10,0.4,0.624,-2.183,0.013,0.1,2.7,8.55,1.0,0.03,0.486,0.775,1.0,1.379
both,0.5,10,1,ny,7,0.429,1.138,0.409,0.012,0.1,2.1,5.26,1.0,0.03,3.544,0.593,2.0,0.169
both,1.0,20,0,ny,45,0.422,0.719,-1.307,-0.005,-0.2,6.3,8.73,1.0,-0.03,0.682,0.746,3.0,-0.236
pd,0.25,10,0,both,32,0.406,0.755,-0.604,-0.013,-0.4,6.0,3.96,1.0,-0.06,0.557,1.004,20.0,0.312
sess,0.5,20,1,ny,5,0.4,1.57,1.364,-0.057,-0.3,2.1,4.95,1.0,-0.1,0.0,3.807,2.0,-1.045
pd,0.25,20,0,both,36,0.417,0.658,-0.955,-0.021,-0.8,6.5,4.42,1.0,-0.11,0.372,1.197,20.0,0.312
both,1.0,10,0,ny,32,0.438,0.631,-1.857,-0.021,-0.7,5.1,8.15,1.0,-0.11,0.757,0.54,3.0,-0.236
pd,1.0,3,0,lon,6,0.333,0.624,-1.042,-0.073,-0.4,3.1,4.55,1.0,-0.15,30.778,0.0,4.0,0.403
sess,1.0,10,0,ny,22,0.455,0.634,-1.709,-0.037,-0.8,4.0,7.96,1.0,-0.16,0.587,0.666,2.0,-1.043
pd,0.25,3,0,both,23,0.391,0.76,-0.575,-0.041,-0.9,7.3,3.87,1.0,-0.17,0.556,0.943,14.0,0.214
sess,1.0,10,1,both,4,0.5,0.697,-1.028,-0.129,-0.5,1.0,6.04,1.0,-0.22,0.084,1.668,0.0,
both,0.5,20,0,both,119,0.429,0.742,-0.73,-0.025,-2.9,9.8,5.13,1.29,-0.24,0.705,0.777,53.0,0.181
sess,1.0,20,0,ny,32,0.406,0.705,-1.385,-0.046,-1.5,5.3,8.51,1.0,-0.24,0.642,0.744,2.0,-1.043
sess,0.5,3,1,ny,3,0.333,1.145,0.423,-0.206,-0.6,1.0,5.12,1.0,-0.25,0.0,2.033,1.0,-1.041
pd,1.0,10,0,both,18,0.389,0.591,-1.816,-0.068,-1.2,6.7,6.86,1.0,-0.26,1.209,0.204,5.0,0.598
both,0.5,20,1,ny,8,0.375,0.986,-0.042,-0.12,-1.0,2.3,4.99,1.0,-0.27,1.93,0.593,3.0,-0.237
pd,0.5,20,1,both,3,0.333,0.402,-2.386,-0.225,-0.7,2.1,5.05,1.0,-0.28,inf,0.0,1.0,1.379
pd,0.5,20,1,ny,3,0.333,0.402,-2.386,-0.225,-0.7,2.1,5.05,1.0,-0.28,inf,0.0,1.0,1.379
pd,0.5,10,1,both,3,0.333,0.402,-2.386,-0.225,-0.7,2.1,5.05,1.0,-0.28,inf,0.0,1.0,1.379
pd,0.5,10,1,ny,3,0.333,0.402,-2.386,-0.225,-0.7,2.1,5.05,1.0,-0.28,inf,0.0,1.0,1.379
both,0.25,3,0,ny,40,0.4,0.873,-0.319,-0.058,-2.3,13.0,4.01,1.08,-0.3,0.961,0.785,22.0,-0.051
both,0.5,10,0,ny,42,0.405,0.783,-0.785,-0.055,-2.3,5.2,5.81,1.05,-0.31,0.912,0.679,11.0,0.046
sess,0.5,10,1,both,14,0.429,0.965,-0.078,-0.099,-1.4,4.2,4.03,1.08,-0.31,0.295,2.098,9.0,-0.257
sess,1.0,20,1,both,7,0.429,0.645,-1.226,-0.164,-1.1,3.1,5.54,1.0,-0.38,0.824,0.551,1.0,-1.039
both,0.5,10,1,both,17,0.412,0.81,-0.485,-0.121,-2.1,3.7,4.21,1.06,-0.43,0.537,1.039,10.0,-0.094
pd,1.0,10,0,lon,8,0.375,0.505,-1.357,-0.168,-1.3,4.0,4.76,1.0,-0.45,1.559,0.044,4.0,0.403
both,0.25,10,0,ny,55,0.4,0.837,-0.44,-0.074,-4.1,12.2,4.43,1.1,-0.46,0.899,0.776,28.0,-0.094
both,1.0,3,0,both,28,0.357,0.724,-1.014,-0.118,-3.3,8.5,6.23,1.12,-0.57,0.747,0.705,8.0,-0.035
both,0.25,3,1,ny,14,0.357,0.782,-0.537,-0.186,-2.6,6.3,3.74,1.08,-0.58,0.18,1.888,8.0,-0.167
sess,0.5,10,1,lon,10,0.4,0.513,-1.111,-0.214,-2.1,4.2,3.47,1.0,-0.6,0.321,0.963,8.0,-0.16
both,0.5,10,1,lon,10,0.4,0.513,-1.111,-0.214,-2.1,4.2,3.47,1.0,-0.6,0.321,0.963,8.0,-0.16
pd,1.0,20,0,lon,10,0.4,0.393,-1.801,-0.189,-1.9,4.6,5.54,1.0,-0.63,1.659,0.027,4.0,0.403
both,0.25,10,1,ny,17,0.353,0.778,-0.532,-0.196,-3.3,7.3,3.64,1.13,-0.68,0.364,1.388,11.0,-0.188
both,0.25,20,0,ny,64,0.375,0.739,-0.772,-0.097,-6.2,11.0,4.93,1.08,-0.68,0.618,0.899,29.0,-0.127
sess,1.0,3,0,ny,7,0.286,0.381,-3.115,-0.332,-2.3,4.1,6.3,1.0,-0.74,0.0,0.803,1.0,-1.041
pd,0.5,10,0,both,24,0.333,0.467,-1.931,-0.169,-4.1,7.6,5.07,1.0,-0.74,0.432,0.497,11.0,0.326
both,0.5,3,0,ny,26,0.346,0.618,-1.524,-0.172,-4.5,6.5,5.71,1.04,-0.75,0.823,0.479,7.0,-0.01
pd,0.5,20,0,both,29,0.345,0.431,-2.162,-0.155,-4.5,7.2,5.92,1.0,-0.78,0.279,0.624,11.0,0.326
both,0.5,20,0,ny,52,0.346,0.639,-1.36,-0.121,-6.3,8.6,6.46,1.04,-0.79,0.622,0.656,12.0,-0.046
both,0.5,3,1,lon,7,0.286,0.392,-1.767,-0.366,-2.6,3.9,3.65,1.0,-0.83,0.0,1.172,6.0,-0.257
sess,0.5,3,1,lon,7,0.286,0.392,-1.767,-0.366,-2.6,3.9,3.65,1.0,-0.83,0.0,1.172,6.0,-0.257
sess,0.5,3,1,both,10,0.3,0.619,-1.11,-0.318,-3.2,4.9,4.09,1.0,-0.86,0.296,1.095,7.0,-0.369
pd,0.5,3,0,both,14,0.286,0.396,-2.505,-0.252,-3.5,5.4,5.64,1.0,-0.87,0.332,0.434,5.0,0.075
both,0.25,20,1,ny,18,0.333,0.721,-0.68,-0.243,-4.4,8.4,3.61,1.12,-0.88,0.321,1.388,12.0,-0.26
both,1.0,3,0,lon,16,0.312,0.638,-1.049,-0.229,-3.7,6.0,5.34,1.0,-0.92,0.535,0.747,7.0,0.108
pd,0.25,3,0,ny,14,0.286,0.495,-1.337,-0.321,-4.5,7.0,3.63,1.0,-1.06,0.317,0.774,8.0,-0.146
sess,0.5,20,1,both,20,0.35,0.636,-0.953,-0.266,-5.3,7.3,3.94,1.05,-1.06,0.759,0.541,13.0,-0.324
both,0.5,3,1,ny,5,0.2,0.484,-2.139,-0.534,-2.7,2.7,5.4,1.0,-1.07,0.0,1.019,1.0,-1.041
sess,1.0,3,0,lon,10,0.3,0.646,-1.052,-0.323,-3.2,3.4,5.81,1.0,-1.1,0.117,1.724,3.0,-0.285
both,0.5,20,1,both,23,0.348,0.593,-1.14,-0.261,-6.0,8.9,4.08,1.05,-1.11,0.967,0.384,14.0,-0.202
pd,0.25,10,0,ny,20,0.3,0.517,-1.318,-0.281,-5.6,7.5,3.83,1.0,-1.12,0.397,0.665,12.0,-0.05
pd,0.25,20,0,ny,23,0.304,0.45,-1.827,-0.265,-6.1,8.3,4.5,1.0,-1.14,0.249,0.791,12.0,-0.05
sess,0.5,20,1,lon,15,0.333,0.36,-1.725,-0.336,-5.0,6.6,3.6,1.0,-1.21,0.545,0.24,11.0,-0.193
both,0.5,20,1,lon,15,0.333,0.36,-1.725,-0.336,-5.0,6.6,3.6,1.0,-1.21,0.545,0.24,11.0,-0.193
both,0.25,3,0,both,101,0.376,0.797,-0.433,-0.146,-14.7,25.0,3.37,1.23,-1.26,0.803,0.792,70.0,-0.149
sess,0.25,3,0,both,78,0.372,0.81,-0.391,-0.177,-13.8,21.5,3.22,1.1,-1.34,0.781,0.843,56.0,-0.24
sess,1.0,3,0,both,17,0.294,0.503,-1.902,-0.327,-5.6,6.5,6.01,1.0,-1.34,0.059,1.205,4.0,-0.474
both,0.5,3,1,both,12,0.25,0.438,-1.922,-0.436,-5.2,6.6,4.38,1.0,-1.38,0.251,0.624,7.0,-0.369
both,0.25,3,0,lon,61,0.361,0.732,-0.507,-0.203,-12.4,20.0,2.95,1.02,-1.4,0.561,0.902,48.0,-0.194
both,0.25,10,0,both,135,0.385,0.755,-0.563,-0.139,-18.8,27.9,3.72,1.32,-1.42,0.731,0.778,87.0,-0.108
both,0.25,10,0,lon,80,0.375,0.678,-0.647,-0.184,-14.7,20.7,3.24,1.05,-1.48,0.571,0.778,59.0,-0.115
sess,0.25,10,0,both,104,0.385,0.771,-0.507,-0.171,-17.7,23.0,3.67,1.16,-1.54,0.763,0.78,67.0,-0.234
sess,1.0,10,1,lon,3,0.333,0.052,-4.288,-0.631,-1.9,1.9,5.94,1.0,-1.61,0.0,0.133,0.0,
both,1.0,10,1,lon,3,0.333,0.052,-4.288,-0.631,-1.9,1.9,5.94,1.0,-1.61,0.0,0.133,0.0,
pd,0.5,20,0,ny,18,0.222,0.259,-3.758,-0.389,-7.0,8.0,7.08,1.0,-1.65,0.088,0.513,4.0,0.143
both,1.0,20,0,both,91,0.374,0.608,-1.554,-0.172,-15.6,19.9,7.38,1.17,-1.68,0.588,0.623,15.0,-0.221
pd,0.5,10,0,ny,14,0.214,0.256,-3.619,-0.461,-6.5,6.5,5.92,1.0,-1.73,0.146,0.358,4.0,0.143
both,0.25,20,0,lon,88,0.375,0.631,-0.797,-0.207,-18.2,24.0,3.48,1.05,-1.78,0.522,0.733,60.0,-0.13
both,0.25,20,0,both,152,0.375,0.685,-0.787,-0.161,-24.4,32.9,4.09,1.37,-1.78,0.547,0.844,89.0,-0.129
sess,0.25,20,0,both,118,0.373,0.735,-0.625,-0.183,-21.6,26.6,4.02,1.2,-1.79,0.639,0.835,69.0,-0.257
both,1.0,10,0,both,63,0.349,0.516,-2.061,-0.234,-14.7,18.7,6.77,1.12,-1.83,0.559,0.485,12.0,-0.17
sess,1.0,20,0,both,71,0.352,0.592,-1.62,-0.22,-15.6,17.3,7.26,1.13,-1.94,0.433,0.722,10.0,-0.631
sess,0.25,3,0,lon,52,0.327,0.626,-0.7,-0.307,-16.0,21.0,2.73,1.0,-2.01,0.468,0.821,42.0,-0.321
pd,0.25,10,1,ny,7,0.143,0.202,-2.708,-0.701,-4.9,5.2,3.76,1.0,-2.02,0.721,0.0,4.0,-0.454
pd,0.25,20,1,ny,7,0.143,0.202,-2.708,-0.701,-4.9,5.2,3.76,1.0,-2.02,0.721,0.0,4.0,-0.454
sess,0.25,3,1,both,32,0.281,0.559,-0.967,-0.398,-12.7,16.5,2.98,1.07,-2.04,0.357,0.792,24.0,-0.369
sess,1.0,10,0,both,48,0.333,0.48,-2.151,-0.295,-14.2,15.3,6.72,1.07,-2.14,0.351,0.582,7.0,-0.719
sess,0.25,10,0,lon,69,0.348,0.598,-0.796,-0.28,-19.3,21.5,3.11,1.0,-2.15,0.485,0.707,51.0,-0.267
pd,0.5,3,0,ny,8,0.125,0.16,-5.01,-0.67,-5.4,5.4,6.77,1.0,-2.22,0.0,0.292,1.0,-1.04
pd,0.25,10,1,both,8,0.125,0.153,-3.323,-0.741,-5.9,6.2,4.23,1.0,-2.45,0.494,0.0,4.0,-0.454
pd,0.25,20,1,both,8,0.125,0.153,-3.323,-0.741,-5.9,6.2,4.23,1.0,-2.45,0.494,0.0,4.0,-0.454
sess,0.25,20,0,lon,76,0.342,0.554,-0.973,-0.301,-22.9,26.0,3.38,1.0,-2.48,0.433,0.673,52.0,-0.282
sess,0.25,10,1,both,35,0.257,0.498,-1.126,-0.454,-15.9,19.3,2.95,1.09,-2.51,0.333,0.672,27.0,-0.446
both,1.0,20,0,lon,46,0.326,0.454,-1.795,-0.335,-15.4,18.4,6.07,1.02,-2.66,0.333,0.575,12.0,-0.218
sess,1.0,20,0,lon,39,0.308,0.462,-1.812,-0.363,-14.2,17.1,6.24,1.0,-2.75,0.26,0.688,8.0,-0.528
both,1.0,10,0,lon,31,0.258,0.346,-2.271,-0.454,-14.1,15.2,5.35,1.0,-2.95,0.281,0.398,9.0,-0.149
both,0.25,3,1,both,38,0.237,0.396,-1.574,-0.499,-19.0,20.7,3.24,1.12,-2.97,0.276,0.511,26.0,-0.423
sess,0.25,20,1,both,39,0.231,0.401,-1.5,-0.514,-20.0,23.4,3.12,1.08,-3.13,0.285,0.509,29.0,-0.487
both,0.25,10,1,both,43,0.233,0.4,-1.535,-0.508,-21.8,23.2,3.19,1.19,-3.23,0.36,0.433,31.0,-0.447
both,1.0,20,1,lon,5,0.2,0.029,-4.697,-0.791,-4.0,4.0,5.63,1.0,-3.35,0.084,0.0,1.0,-1.039
sess,1.0,20,1,lon,5,0.2,0.029,-4.697,-0.791,-4.0,4.0,5.63,1.0,-3.35,0.084,0.0,1.0,-1.039
sess,1.0,10,0,lon,26,0.231,0.314,-2.525,-0.514,-13.4,14.4,5.67,1.0,-3.39,0.146,0.476,5.0,-0.59
sess,0.25,3,1,lon,23,0.174,0.215,-1.942,-0.667,-15.3,16.7,2.75,1.0,-3.47,0.064,0.407,18.0,-0.536
both,0.25,3,1,lon,24,0.167,0.19,-2.179,-0.682,-16.4,17.7,2.95,1.0,-3.69,0.226,0.155,18.0,-0.536
both,0.25,20,1,both,47,0.213,0.341,-1.81,-0.552,-26.0,27.3,3.31,1.18,-3.81,0.317,0.36,33.0,-0.483
sess,0.25,10,1,lon,25,0.16,0.199,-1.973,-0.699,-17.5,18.8,2.71,1.0,-3.93,0.059,0.374,20.0,-0.59
both,0.25,10,1,lon,26,0.154,0.177,-2.191,-0.711,-18.5,19.8,2.89,1.0,-4.15,0.209,0.145,20.0,-0.59
sess,0.25,20,1,lon,28,0.143,0.158,-2.328,-0.735,-20.6,21.9,2.97,1.0,-4.6,0.197,0.123,21.0,-0.611
both,0.25,20,1,lon,29,0.138,0.144,-2.511,-0.744,-21.6,22.9,3.12,1.0,-4.82,0.197,0.104,21.0,-0.611
pd,0.25,3,1,ny,5,0.0,0.0,-4.252,-1.044,-5.2,5.2,4.1,1.0,-106.35,0.0,0.0,2.0,-1.065
pd,0.25,3,1,both,6,0.0,0.0,-4.814,-1.04,-6.2,6.2,4.66,1.0,-116.1,0.0,0.0,2.0,-1.065
pd,0.5,3,1,both,2,0.0,0.0,-5.982,-1.027,-2.1,2.1,5.83,1.0,-209.32,0.0,0.0,0.0,
pd,0.5,3,1,ny,2,0.0,0.0,-5.982,-1.027,-2.1,2.1,5.83,1.0,-209.32,0.0,0.0,0.0,
sess,1.0,3,1,lon,1,0.0,0.0,-8.318,-1.018,-1.0,1.0,8.17,1.0,,,,,
sess,1.0,3,1,ny,0,,,,,,,,,,,,,
sess,1.0,3,1,both,1,0.0,0.0,-8.318,-1.018,-1.0,1.0,8.17,1.0,,,,,
sess,1.0,10,1,ny,1,1.0,inf,8.75,1.379,1.4,0.0,6.34,1.0,,,,,
pd,0.25,3,1,lon,1,0.0,0.0,-7.627,-1.02,-1.0,1.0,7.48,1.0,,,,,
pd,0.25,10,1,lon,1,0.0,0.0,-7.627,-1.02,-1.0,1.0,7.48,1.0,,,,,
pd,0.25,20,1,lon,1,0.0,0.0,-7.627,-1.02,-1.0,1.0,7.48,1.0,,,,,
pd,0.5,3,1,lon,0,,,,,,,,,,,,,
pd,0.5,10,1,lon,0,,,,,,,,,,,,,
pd,0.5,20,1,lon,0,,,,,,,,,,,,,
pd,1.0,3,1,lon,0,,,,,,,,,,,,,
pd,1.0,3,1,ny,0,,,,,,,,,,,,,
pd,1.0,3,1,both,0,,,,,,,,,,,,,
pd,1.0,10,1,lon,0,,,,,,,,,,,,,
pd,1.0,10,1,ny,1,1.0,inf,4.805,1.379,1.4,0.0,3.49,1.0,,,,,
pd,1.0,10,1,both,1,1.0,inf,4.805,1.379,1.4,0.0,3.49,1.0,,,,,
pd,1.0,20,1,lon,0,,,,,,,,,,,,,
pd,1.0,20,1,ny,1,1.0,inf,4.805,1.379,1.4,0.0,3.49,1.0,,,,,
pd,1.0,20,1,both,1,1.0,inf,4.805,1.379,1.4,0.0,3.49,1.0,,,,,
both,1.0,3,1,lon,1,0.0,0.0,-8.318,-1.018,-1.0,1.0,8.17,1.0,,,,,
both,1.0,3,1,ny,0,,,,,,,,,,,,,
both,1.0,3,1,both,1,0.0,0.0,-8.318,-1.018,-1.0,1.0,8.17,1.0,,,,,
