htf,sl,tp,body,25_tpd,25_pf,25_wr,J-M26_tpd,J-M26_pf,J-M26_wr,J-S26_tpd,J-S26_pf,J-S26_wr
60,2.5,1.0,0.3,139.3,0.576,0.608,217.7,0.552,0.569,192.1,0.554,0.595
60,2.5,2.0,0.3,103.9,0.684,0.478,186.3,0.645,0.454,154.4,0.665,0.472
60,2.5,3.0,0.3,84.5,0.725,0.395,163.2,0.681,0.373,129.4,0.696,0.384
60,2.5,5.0,0.3,65.2,0.764,0.306,135.6,0.73,0.279,101.6,0.734,0.284
60,3.0,1.0,0.3,129.7,0.6,0.656,212.2,0.563,0.617,184.6,0.572,0.643
60,3.0,2.0,0.3,95.4,0.711,0.528,179.7,0.656,0.502,145.8,0.688,0.523
60,3.0,3.0,0.3,77.0,0.755,0.445,155.9,0.695,0.42,120.2,0.724,0.435
60,3.0,5.0,0.3,58.9,0.79,0.35,127.4,0.75,0.321,93.0,0.76,0.327
240,2.5,1.0,0.3,140.3,0.574,0.608,221.0,0.54,0.567,191.5,0.574,0.604
240,2.5,2.0,0.3,104.6,0.68,0.477,188.7,0.636,0.452,153.4,0.681,0.478
240,2.5,3.0,0.3,85.3,0.719,0.394,165.3,0.675,0.372,128.7,0.712,0.39
240,2.5,5.0,0.3,65.6,0.766,0.306,137.1,0.726,0.278,100.9,0.752,0.289
240,3.0,1.0,0.3,130.6,0.597,0.655,215.2,0.555,0.616,184.1,0.595,0.652
240,3.0,2.0,0.3,96.1,0.703,0.527,181.8,0.651,0.501,144.9,0.707,0.53
240,3.0,3.0,0.3,77.6,0.75,0.444,157.8,0.692,0.42,119.7,0.74,0.44
240,3.0,5.0,0.3,59.2,0.79,0.35,128.4,0.749,0.321,92.0,0.779,0.333
