trend,zone,trig,W,ex,sess,tr_n,tr_wr,tr_pf,tr_avg_pts,tr_avg_R,tr_sum_R,tr_maxdd_R,tr_avg_risk,tr_tpd,tr_t,tr_pf_h1,tr_pf_h2,tr_fe_n,tr_fe_avgR,rank_t,stage,sigma,smin,gap
ema,fvg,eng,30,tr4,day,606,0.274,1.081,0.266,0.092,55.7,45.0,5.04,3.12,0.95,1.006,1.145,292,0.192,0.95,s2,1.0,1.0,15
ema,fvg,eng,30,tr4,day,605,0.273,1.065,0.217,0.076,45.8,44.9,5.11,3.12,0.81,0.991,1.128,281,0.151,0.81,s2,1.0,2.0,15
ema,fvg,eng,30,r5,day,684,0.243,1.071,0.203,0.054,37.0,40.3,3.86,3.53,0.67,0.898,1.214,416,0.039,0.67,s2,0.3,1.0,15
ema,fvg,eng,30,r5,day,606,0.271,1.045,0.158,0.046,28.1,37.5,5.04,3.12,0.57,0.897,1.165,289,0.029,0.57,s2,1.0,1.0,15
ema,fvg,eng,30,r5,day,377,0.271,1.134,0.46,0.05,18.7,33.9,4.99,2.02,0.48,1.033,1.213,177,-0.058,0.48,s2,1.0,1.0,60
ema,fvg,eng,30,r5,day,660,0.245,1.056,0.18,0.036,24.0,44.9,4.37,3.4,0.45,0.878,1.204,379,0.002,0.45,s2,0.3,2.0,15
ema,fvg,eng,30,r3,day,391,0.322,1.052,0.17,0.036,14.0,22.4,5.01,2.09,0.44,1.076,1.033,180,0.023,0.44,s2,1.0,1.0,60
ema,fvg,eng,30,r5,day,603,0.269,1.043,0.154,0.036,21.6,39.8,5.11,3.11,0.44,0.89,1.168,278,-0.007,0.44,s2,1.0,2.0,15
ema,fvg,eng,30,tr4,day,634,0.246,1.01,0.032,0.04,25.4,53.2,4.34,3.27,0.41,0.907,1.097,368,0.074,0.41,s2,0.3,2.0,15
ema,fvg,eng,30,tr4,day,658,0.225,1.042,0.114,0.043,28.4,52.1,3.83,3.39,0.39,0.884,1.176,399,0.064,0.39,s2,0.3,1.0,15
ema,fvg,eng,30,r5,day,376,0.269,1.133,0.462,0.04,14.9,33.8,5.05,2.01,0.39,1.013,1.227,172,-0.058,0.39,s2,1.0,2.0,60
ema,fvg,eng,30,tr4,day,380,0.274,1.071,0.231,0.033,12.7,43.5,4.98,2.03,0.29,1.097,1.05,177,0.039,0.29,s2,1.0,1.0,60
ema,fvg,eng,30,tr2,day,732,0.359,1.052,0.138,0.015,11.0,42.8,4.98,3.77,0.26,0.893,1.188,353,0.006,0.26,s2,1.0,1.0,15
ema,fvg,eng,10,r5,day,240,0.233,1.096,0.296,0.033,8.0,23.6,4.04,1.63,0.24,0.989,1.179,153,0.048,0.24,s2,0.3,2.0,60
ema,fvg,eng,30,r3,day,656,0.316,1.012,0.041,0.014,9.3,32.3,5.11,3.38,0.22,0.895,1.111,307,0.016,0.22,s2,1.0,1.0,15
ema,fvg,eng,30,r5,day,395,0.23,1.056,0.163,0.022,8.5,32.9,3.85,2.11,0.2,0.977,1.118,236,0.015,0.2,s2,0.3,1.0,60
ema,fvg,eng,10,r5,day,238,0.248,1.043,0.145,0.021,5.0,29.8,4.56,1.62,0.16,1.096,1.004,123,0.076,0.16,s2,1.0,1.0,60
ema,fvg,eng,30,tr2,day,732,0.359,1.041,0.109,0.009,6.7,42.7,5.04,3.77,0.16,0.881,1.178,344,-0.02,0.16,s2,1.0,2.0,15
ema,fvg,eng,10,r5,day,242,0.227,1.069,0.182,0.022,5.4,37.9,3.45,1.65,0.16,1.041,1.089,158,-0.006,0.16,s2,0.3,1.0,60
ema,fvg,eng,10,r5,day,443,0.228,1.029,0.087,0.015,6.5,43.9,3.88,2.49,0.15,0.957,1.08,287,0.019,0.15,s2,0.3,2.0,15
ema,fvg,eng,30,tr4,day,380,0.274,1.055,0.182,0.017,6.3,43.4,5.04,2.03,0.15,1.077,1.037,172,0.036,0.15,s2,1.0,2.0,60
ema,fvg,eng,30,r5,day,389,0.234,1.056,0.182,0.014,5.4,37.0,4.34,2.08,0.13,0.892,1.187,227,-0.015,0.13,s2,0.3,2.0,60
ema,fvg,eng,10,tr4,day,437,0.199,0.97,-0.074,0.011,4.9,54.2,3.24,2.46,0.08,0.925,1.005,298,0.095,0.08,s2,0.3,1.0,15
don4,fvg,eng,30,tr4,day,877,0.268,1.007,0.024,0.005,4.4,72.3,5.01,3.7,0.07,0.851,1.132,432,-0.002,0.07,s2,1.0,1.0,15
ema,fvg,eng,10,r5,day,459,0.222,1.026,0.066,0.005,2.1,48.4,3.25,2.58,0.05,0.948,1.081,315,0.002,0.05,s2,0.3,1.0,15
ema,fvg,eng,10,r5,day,237,0.245,1.048,0.164,0.005,1.2,28.7,4.64,1.61,0.04,1.083,1.022,119,0.072,0.04,s2,1.0,2.0,60
ema,fvg,eng,10,tr4,day,411,0.231,0.908,-0.297,-0.003,-1.1,44.7,4.42,2.31,-0.02,0.953,0.876,226,0.219,-0.02,s2,1.0,1.0,15
ema,fvg,eng,10,tr4,day,424,0.222,0.933,-0.199,-0.004,-1.8,43.4,3.87,2.38,-0.04,0.919,0.943,277,0.08,-0.04,s2,0.3,2.0,15
don4,fvg,eng,30,tr4,day,874,0.269,0.999,-0.005,-0.003,-2.7,72.7,5.08,3.69,-0.04,0.838,1.129,415,-0.022,-0.04,s2,1.0,2.0,15
ema,fvg,eng,10,tr4,day,410,0.234,0.911,-0.294,-0.006,-2.4,41.4,4.51,2.3,-0.05,0.969,0.868,218,0.166,-0.05,s2,1.0,2.0,15
ema,fvg,eng,30,r3,day,391,0.309,1.004,0.012,-0.01,-4.1,30.1,5.07,2.09,-0.13,1.008,1.0,175,-0.028,-0.13,s2,1.0,2.0,60
ema,fvg,eng,10,r5,day,418,0.237,0.934,-0.22,-0.02,-8.4,49.9,4.42,2.35,-0.2,0.986,0.898,228,0.055,-0.2,s2,1.0,1.0,15
ema,fvg,eng,10,tr4,day,237,0.245,0.949,-0.162,-0.034,-8.1,40.3,4.52,1.61,-0.23,1.126,0.813,122,0.118,-0.23,s2,1.0,1.0,60
ema,fvg,eng,10,r5,day,416,0.236,0.937,-0.217,-0.026,-10.8,48.1,4.5,2.34,-0.26,0.927,0.944,220,0.02,-0.26,s2,1.0,2.0,15
ema,fvg,eng,10,tr2,day,465,0.323,0.974,-0.067,-0.022,-10.3,46.0,4.43,2.61,-0.29,0.957,0.986,254,0.045,-0.29,s2,1.0,1.0,15
ema,fvg,eng,30,tr2,day,771,0.293,1.019,0.044,-0.02,-15.7,63.8,3.81,3.97,-0.29,0.839,1.171,469,-0.067,-0.29,s1,0.3,1.0,15
don4,fvg,eng,30,tr2,day,1074,0.34,1.025,0.069,-0.015,-15.9,88.2,4.98,4.53,-0.3,0.865,1.154,529,-0.12,-0.3,s2,1.0,1.0,15
ema,fvg,eng,10,tr2,day,465,0.325,0.967,-0.085,-0.023,-10.7,44.6,4.5,2.61,-0.3,0.936,0.99,248,0.016,-0.3,s2,1.0,2.0,15
ema,fvg,eng,10,r3,day,240,0.292,0.949,-0.165,-0.032,-7.7,42.4,4.58,1.63,-0.31,1.234,0.756,123,-0.005,-0.31,s2,1.0,1.0,60
don4,fvg,eng,30,r5,day,883,0.254,0.976,-0.086,-0.021,-18.7,82.9,5.04,3.73,-0.32,0.795,1.125,432,-0.082,-0.32,s2,1.0,1.0,15
ema,fvg,eng,30,r3,day,654,0.306,0.969,-0.109,-0.021,-14.0,44.9,5.16,3.37,-0.34,0.841,1.077,297,-0.034,-0.34,s2,1.0,2.0,15
don4,fvg,eng,30,r5,day,880,0.253,0.983,-0.063,-0.022,-19.3,86.0,5.11,3.71,-0.34,0.785,1.147,417,-0.098,-0.34,s2,1.0,2.0,15
ema,fvg,eng,30,tr4,day,394,0.213,1.001,0.003,-0.047,-18.6,42.6,3.82,2.11,-0.35,0.913,1.073,236,-0.022,-0.35,s2,0.3,1.0,60
don4,fvg,eng,30,tr4,day,914,0.242,0.962,-0.119,-0.027,-24.5,87.3,4.34,3.86,-0.35,0.827,1.07,539,-0.076,-0.35,s2,0.3,2.0,15
ema,fvg,eng,30,tr4,day,387,0.235,0.961,-0.123,-0.04,-15.7,43.7,4.32,2.07,-0.35,0.872,1.034,224,0.002,-0.35,s2,0.3,2.0,60
don4,fvg,eng,30,r5,day,997,0.223,0.992,-0.025,-0.024,-24.4,85.9,3.85,4.21,-0.37,0.803,1.146,629,-0.055,-0.37,s2,0.3,1.0,15
don4,fvg,eng,30,tr2,day,1071,0.342,1.023,0.066,-0.018,-19.7,85.2,5.04,4.52,-0.38,0.846,1.169,513,-0.13,-0.38,s2,1.0,2.0,15
don4,fvg,eng,30,tr4,day,949,0.217,0.997,-0.008,-0.031,-29.7,107.5,3.83,4.0,-0.38,0.788,1.168,598,-0.042,-0.38,s2,0.3,1.0,15
ema,fvg,eng,30,tr2,day,760,0.317,0.986,-0.036,-0.024,-18.5,55.9,4.28,3.92,-0.4,0.844,1.105,447,-0.051,-0.4,s2,0.3,2.0,15
ema,fvg,eng,10,tr4,day,239,0.201,0.97,-0.077,-0.073,-17.6,49.8,3.41,1.63,-0.4,0.981,0.961,157,-0.057,-0.4,s2,0.3,1.0,60
don4,fvg,eng,30,r5,day,962,0.231,0.993,-0.023,-0.026,-25.4,93.4,4.36,4.06,-0.4,0.791,1.16,568,-0.114,-0.4,s2,0.3,2.0,15
ema,fvg,eng,10,tr4,day,237,0.245,0.929,-0.229,-0.061,-14.5,41.4,4.61,1.61,-0.44,1.099,0.799,118,0.109,-0.44,s2,1.0,2.0,60
ema,fvg,eng,10,tr2,day,480,0.263,0.976,-0.051,-0.052,-25.0,60.4,3.25,2.7,-0.55,0.876,1.05,325,-0.08,-0.55,s1,0.3,1.0,15
ema,fvg,eng,10,tr4,day,238,0.223,0.925,-0.222,-0.083,-19.8,40.9,4.0,1.62,-0.57,0.968,0.89,152,0.006,-0.57,s2,0.3,2.0,60
don4,fvg,eng,30,r5,day,532,0.25,0.998,-0.008,-0.049,-25.9,52.0,4.94,2.29,-0.59,0.826,1.145,259,-0.163,-0.59,s2,1.0,2.0,60
don4,fvg,eng,30,r5,day,533,0.25,0.992,-0.027,-0.051,-27.3,52.2,4.88,2.3,-0.62,0.833,1.129,268,-0.172,-0.62,s2,1.0,1.0,60
ema,fvg,eng,10,tr2,day,476,0.294,0.941,-0.142,-0.049,-23.4,45.0,3.87,2.67,-0.62,0.892,0.976,309,-0.037,-0.62,s2,0.3,2.0,15
don4,fvg,eng,30,r5,day,559,0.209,0.968,-0.096,-0.058,-32.2,62.0,3.75,2.41,-0.66,0.801,1.112,358,-0.085,-0.66,s2,0.3,1.0,60
ema,fvg,eng,30,tr2,day,411,0.343,1.003,0.008,-0.048,-19.9,25.6,5.02,2.2,-0.66,0.846,1.142,189,-0.167,-0.66,s2,1.0,1.0,60
don4,fvg,eng,30,tr4,day,539,0.267,0.966,-0.114,-0.058,-31.3,54.9,4.85,2.32,-0.68,0.827,1.082,272,-0.163,-0.68,s2,1.0,1.0,60
don4,fvg,eng,30,r5,day,552,0.219,0.967,-0.111,-0.06,-33.2,64.0,4.26,2.38,-0.7,0.759,1.147,338,-0.169,-0.7,s2,0.3,2.0,60
ema,fvg,eng,30,tr2,day,411,0.343,0.991,-0.024,-0.052,-21.5,26.8,5.08,2.2,-0.72,0.836,1.127,184,-0.156,-0.72,s2,1.0,2.0,60
ema,fvg,eng,10,r3,day,240,0.279,0.902,-0.328,-0.077,-18.4,42.3,4.67,1.63,-0.74,1.102,0.76,119,-0.028,-0.74,s2,1.0,2.0,60
ema,fvg,eng,10,r3,day,437,0.281,0.925,-0.241,-0.058,-25.5,54.3,4.46,2.46,-0.75,1.047,0.843,236,-0.033,-0.75,s2,1.0,1.0,15
don4,fvg,eng,30,tr2,day,1136,0.276,1.0,-0.001,-0.048,-54.2,125.4,3.79,4.79,-0.82,0.848,1.121,716,-0.108,-0.82,s1,0.3,1.0,15
don4,fvg,eng,30,tr4,day,539,0.267,0.952,-0.163,-0.071,-38.0,55.8,4.92,2.32,-0.84,0.813,1.067,263,-0.162,-0.84,s2,1.0,2.0,60
don4,fvg,eng,30,r3,day,553,0.291,0.933,-0.229,-0.059,-32.5,54.3,4.87,2.38,-0.87,0.855,0.999,276,-0.131,-0.87,s2,1.0,1.0,60
ema,fvg,eng,30,r3,day,732,0.29,0.951,-0.133,-0.059,-42.9,63.1,3.85,3.77,-0.98,0.802,1.078,444,-0.105,-0.98,s1,0.3,1.0,15
ema,fvg,eng,10,r3,day,435,0.276,0.891,-0.361,-0.078,-33.9,59.5,4.54,2.44,-1.01,0.978,0.831,227,-0.056,-1.01,s2,1.0,2.0,15
don4,fvg,eng,30,r3,day,962,0.292,0.928,-0.253,-0.053,-51.3,80.2,5.09,4.06,-1.04,0.783,1.048,466,-0.093,-1.04,s2,1.0,1.0,15
ema,fvg,eng,30,r3,day,712,0.285,0.927,-0.224,-0.063,-44.5,69.0,4.35,3.67,-1.04,0.807,1.028,416,-0.066,-1.04,s2,0.3,2.0,15
don4,fvg,eng,30,tr2,day,1117,0.3,0.971,-0.076,-0.055,-61.0,100.6,4.29,4.71,-1.08,0.818,1.095,672,-0.154,-1.08,s2,0.3,2.0,15
ema,fvg,swing,30,r3,day,822,0.275,0.965,-0.103,-0.061,-50.5,78.5,4.1,4.13,-1.08,0.894,1.022,481,-0.046,-1.08,s1,0.3,1.0,15
don4,fvg,eng,10,r5,day,324,0.216,0.886,-0.383,-0.119,-38.6,69.0,4.36,1.71,-1.11,0.816,0.943,179,-0.098,-1.11,s2,1.0,2.0,60
don4,fvg,eng,10,r5,day,325,0.215,0.878,-0.402,-0.123,-40.1,70.7,4.29,1.71,-1.15,0.82,0.925,187,-0.11,-1.15,s2,1.0,1.0,60
ema,fvg,eng,30,r3,day,404,0.277,0.926,-0.206,-0.092,-37.2,45.9,3.91,2.16,-1.16,0.832,1.0,239,-0.141,-1.16,s2,0.3,1.0,60
ema,fvg,eng,30,tr2,day,415,0.272,0.941,-0.141,-0.104,-43.0,50.8,3.87,2.22,-1.18,0.752,1.104,244,-0.15,-1.18,s2,0.3,1.0,60
ema,fvg,eng,30,r3,day,401,0.272,0.922,-0.246,-0.096,-38.7,57.1,4.39,2.14,-1.21,0.804,1.017,231,-0.103,-1.21,s2,0.3,2.0,60
don4,fvg,eng,10,r5,day,331,0.196,0.893,-0.33,-0.133,-44.1,75.1,3.81,1.74,-1.22,0.813,0.958,226,-0.176,-1.22,s2,0.3,2.0,60
don4,fvg,eng,30,r3,day,553,0.284,0.908,-0.322,-0.088,-48.7,70.0,4.94,2.38,-1.31,0.828,0.976,267,-0.162,-1.31,s2,1.0,2.0,60
ema,fvg,eng,10,r3,day,465,0.267,0.866,-0.39,-0.1,-46.3,62.9,3.88,2.61,-1.33,0.888,0.85,302,-0.071,-1.33,s2,0.3,2.0,15
don4,fvg,eng,30,tr2,day,577,0.31,0.932,-0.193,-0.085,-49.2,53.6,4.88,2.49,-1.34,0.818,1.03,287,-0.238,-1.34,s2,1.0,1.0,60
don4,fvg,eng,10,r5,day,688,0.198,0.953,-0.123,-0.107,-73.6,104.1,3.22,2.94,-1.37,0.833,1.045,490,-0.129,-1.37,s2,0.3,1.0,15
don4,fvg,eng,30,tr4,day,549,0.231,0.88,-0.384,-0.122,-66.8,81.1,4.25,2.37,-1.38,0.69,1.041,334,-0.214,-1.38,s2,0.3,2.0,60
don4,fvg,eng,30,r3,day,956,0.288,0.908,-0.329,-0.071,-68.2,88.7,5.16,4.03,-1.39,0.768,1.024,447,-0.117,-1.39,s2,1.0,2.0,15
ema,fvg,eng,10,r3,day,243,0.255,0.831,-0.511,-0.144,-35.1,53.6,4.03,1.65,-1.42,0.9,0.78,155,-0.097,-1.42,s2,0.3,2.0,60
ema,fvg,eng,10,r3,day,243,0.263,0.815,-0.475,-0.143,-34.7,52.5,3.45,1.65,-1.42,0.92,0.742,159,-0.183,-1.42,s2,0.3,1.0,60
don4,fvg,eng,30,tr4,day,556,0.207,0.915,-0.244,-0.135,-74.8,86.1,3.74,2.4,-1.42,0.71,1.088,355,-0.186,-1.42,s2,0.3,1.0,60
don4,fvg,eng,10,tr4,day,607,0.221,0.845,-0.51,-0.124,-75.5,104.9,4.39,2.59,-1.43,0.709,0.955,343,-0.098,-1.43,s2,1.0,1.0,15
ema,fvg,eng,30,tr2,day,415,0.289,0.882,-0.311,-0.113,-47.1,51.1,4.35,2.22,-1.44,0.705,1.034,239,-0.152,-1.44,s2,0.3,2.0,60
don4,fvg,eng,10,r5,day,334,0.186,0.891,-0.284,-0.161,-53.8,75.2,3.2,1.76,-1.47,0.899,0.884,240,-0.181,-1.47,s2,0.3,1.0,60
don4,fvg,eng,10,r5,day,658,0.202,0.936,-0.197,-0.115,-75.7,111.1,3.85,2.81,-1.48,0.79,1.052,434,-0.197,-1.48,s2,0.3,2.0,15
don4,fvg,eng,30,tr2,day,577,0.31,0.92,-0.23,-0.094,-54.2,58.2,4.94,2.49,-1.5,0.808,1.016,278,-0.233,-1.5,s2,1.0,2.0,60
don4,fvg,eng,10,tr4,day,606,0.223,0.842,-0.53,-0.13,-78.9,107.2,4.48,2.59,-1.52,0.694,0.962,329,-0.131,-1.52,s2,1.0,2.0,15
don4,fvg,eng,10,r5,day,625,0.216,0.879,-0.413,-0.118,-74.0,102.8,4.38,2.67,-1.53,0.792,0.946,352,-0.153,-1.53,s2,1.0,1.0,15
ema,ema,swing,30,r3,day,556,0.272,0.902,-0.308,-0.103,-57.4,78.9,4.42,2.87,-1.54,0.826,0.96,308,-0.182,-1.54,s1,0.3,1.0,15
don4,fvg,eng,10,tr4,day,646,0.18,0.886,-0.292,-0.153,-98.7,129.3,3.21,2.76,-1.56,0.719,1.021,458,-0.14,-1.56,s2,0.3,1.0,15
don4,fvg,eng,10,r5,day,622,0.215,0.887,-0.391,-0.121,-75.4,106.1,4.46,2.66,-1.56,0.753,0.993,338,-0.182,-1.56,s2,1.0,2.0,15
ema,fvg,eng,10,r2,day,501,0.347,0.945,-0.118,-0.093,-46.7,56.0,3.24,2.81,-1.56,0.869,1.001,340,-0.11,-1.56,s1,0.3,1.0,15
don4,fvg,eng,10,tr4,day,323,0.223,0.81,-0.603,-0.171,-55.2,79.7,4.26,1.7,-1.57,0.763,0.849,185,-0.168,-1.57,s2,1.0,1.0,60
ema,fvg,eng,10,r3,day,480,0.269,0.874,-0.304,-0.115,-55.4,68.4,3.25,2.7,-1.58,0.86,0.884,327,-0.155,-1.58,s1,0.3,1.0,15
ema,fvg,eng,10,tr2,day,244,0.311,0.844,-0.409,-0.143,-35.0,46.9,4.61,1.66,-1.59,0.905,0.796,123,-0.193,-1.59,s2,1.0,1.0,60
don4,fvg,eng,30,tr2,day,585,0.246,0.913,-0.217,-0.122,-71.6,87.2,3.76,2.52,-1.6,0.78,1.029,370,-0.173,-1.6,s2,0.3,1.0,60
don4,fvg,eng,10,tr2,day,690,0.29,0.884,-0.318,-0.102,-70.7,93.4,4.43,2.95,-1.65,0.741,0.993,388,-0.141,-1.65,s2,1.0,1.0,15
ema,fvg,eng,10,tr2,day,244,0.311,0.83,-0.453,-0.15,-36.7,48.2,4.7,1.66,-1.69,0.891,0.782,119,-0.182,-1.69,s2,1.0,2.0,60
ema,fvg,eng,10,tr2,day,245,0.253,0.834,-0.365,-0.187,-45.9,69.0,3.48,1.67,-1.71,0.821,0.844,158,-0.234,-1.71,s2,0.3,1.0,60
don4,fvg,eng,10,tr4,day,323,0.223,0.794,-0.67,-0.188,-60.7,84.1,4.35,1.7,-1.77,0.748,0.831,177,-0.17,-1.77,s2,1.0,2.0,60
ema,fvg,swing,30,tr2,day,867,0.313,0.889,-0.279,-0.1,-86.4,124.5,4.15,4.36,-1.79,0.804,0.957,507,-0.14,-1.79,s1,0.3,1.0,15
ema,fvg,eng,30,r2,day,787,0.352,0.942,-0.141,-0.085,-67.2,80.9,3.82,4.06,-1.8,0.772,1.092,478,-0.126,-1.8,s1,0.3,1.0,15
don4,fvg,eng,10,tr4,day,625,0.205,0.839,-0.485,-0.156,-97.6,117.9,3.86,2.67,-1.8,0.713,0.942,411,-0.185,-1.8,s2,0.3,2.0,15
ema,fvg,swing,30,r2,day,906,0.339,0.941,-0.16,-0.081,-73.7,90.1,4.09,4.55,-1.81,0.912,0.963,535,-0.086,-1.81,s1,0.3,1.0,15
don4,fvg,eng,10,tr2,day,689,0.292,0.879,-0.335,-0.11,-76.1,98.0,4.51,2.94,-1.84,0.723,1.0,375,-0.164,-1.84,s2,1.0,2.0,15
don4,fvg,eng,30,r3,day,571,0.264,0.864,-0.384,-0.123,-70.4,79.8,3.78,2.46,-1.85,0.774,0.94,365,-0.185,-1.85,s2,0.3,1.0,60
don4,fvg,eng,10,tr2,day,715,0.231,0.89,-0.246,-0.143,-101.9,122.7,3.23,3.06,-1.89,0.697,1.044,501,-0.17,-1.89,s1,0.3,1.0,15
don4,fvg,eng,30,r3,day,1086,0.273,0.892,-0.302,-0.094,-102.1,111.0,3.85,4.58,-1.93,0.769,0.995,686,-0.148,-1.93,s1,0.3,1.0,15
ema,ema,swing,10,r3,day,388,0.258,0.802,-0.602,-0.157,-60.8,80.4,4.12,2.22,-2.0,0.83,0.781,228,-0.176,-2.0,s1,0.3,1.0,15
don4,fvg,eng,30,r3,day,1043,0.269,0.886,-0.363,-0.1,-103.8,122.3,4.36,4.4,-2.01,0.776,0.977,622,-0.158,-2.01,s2,0.3,2.0,15
don4,fvg,eng,10,r3,day,330,0.252,0.802,-0.635,-0.176,-58.0,80.8,4.3,1.74,-2.05,0.907,0.722,189,-0.214,-2.05,s2,1.0,1.0,60
don4,fvg,swing,30,tr2,day,1270,0.3,0.917,-0.212,-0.098,-124.6,179.7,4.09,5.34,-2.05,0.757,1.047,754,-0.181,-2.05,s1,0.3,1.0,15
ema,fvg,swing,10,tr2,day,648,0.281,0.797,-0.511,-0.14,-91.0,110.9,3.88,3.52,-2.06,0.734,0.844,410,-0.143,-2.06,s1,0.3,1.0,15
ema,ema,eng,10,r3,day,318,0.248,0.891,-0.271,-0.18,-57.4,77.9,3.32,1.94,-2.06,0.928,0.866,216,-0.264,-2.06,s1,0.3,1.0,15
don4,fvg,eng,30,tr2,day,584,0.26,0.853,-0.404,-0.143,-83.6,88.0,4.26,2.52,-2.13,0.729,0.959,354,-0.257,-2.13,s2,0.3,2.0,60
ema,fvg,eng,10,tr2,day,245,0.273,0.771,-0.574,-0.205,-50.3,60.8,4.06,1.67,-2.21,0.797,0.751,154,-0.207,-2.21,s2,0.3,2.0,60
don4,fvg,swing,30,r2,day,1338,0.339,0.939,-0.164,-0.082,-110.0,123.7,4.06,5.62,-2.23,0.864,1.0,802,-0.102,-2.23,s1,0.3,1.0,15
ema,fvg,swing,10,r3,day,635,0.25,0.836,-0.48,-0.141,-89.5,103.5,3.8,3.45,-2.23,0.773,0.885,405,-0.073,-2.23,s1,0.3,1.0,15
ema,fvg,eng,30,tr2,all,1492,0.275,0.873,-0.292,-0.109,-163.4,181.9,3.64,6.81,-2.28,0.753,0.967,908,-0.132,-2.28,s1,0.3,1.0,15
don4,fvg,eng,10,tr2,day,704,0.261,0.86,-0.355,-0.144,-101.5,106.5,3.89,3.01,-2.31,0.704,0.982,463,-0.205,-2.31,s2,0.3,2.0,15
don4,fvg,eng,10,r3,day,330,0.245,0.779,-0.728,-0.198,-65.2,83.6,4.38,1.74,-2.33,0.864,0.713,181,-0.218,-2.33,s2,1.0,2.0,60
ema,ema,swing,30,r2,day,611,0.326,0.857,-0.414,-0.126,-77.0,93.1,4.35,3.15,-2.36,0.851,0.861,344,-0.226,-2.36,s1,0.3,1.0,15
don4,fvg,eng,10,tr4,day,326,0.193,0.733,-0.803,-0.252,-82.0,98.5,3.8,1.72,-2.36,0.699,0.761,222,-0.258,-2.36,s2,0.3,2.0,60
don4,ema,swing,30,r3,day,720,0.26,0.853,-0.46,-0.141,-101.4,112.8,4.28,3.06,-2.41,0.786,0.906,418,-0.208,-2.41,s1,0.3,1.0,15
ema,ema,eng,10,r2,day,331,0.317,0.872,-0.29,-0.174,-57.6,70.8,3.32,2.02,-2.42,0.872,0.872,225,-0.202,-2.42,s1,0.3,1.0,15
don4,fvg,eng,30,r3,day,566,0.251,0.844,-0.502,-0.161,-91.3,104.9,4.28,2.44,-2.44,0.74,0.933,345,-0.239,-2.44,s2,0.3,2.0,60
ema,ema,eng,10,r3,all,667,0.264,1.017,0.039,-0.15,-99.9,126.9,3.24,3.13,-2.47,0.886,1.108,439,-0.264,-2.47,s1,0.3,1.0,15
don4,fvg,eng,10,tr4,day,328,0.165,0.745,-0.655,-0.295,-96.9,109.1,3.18,1.73,-2.53,0.646,0.827,236,-0.316,-2.53,s2,0.3,1.0,60
don4,fvg,swing,10,tr2,day,956,0.275,0.837,-0.417,-0.143,-136.7,162.6,3.93,4.02,-2.54,0.674,0.966,595,-0.214,-2.54,s1,0.3,1.0,15
ema,fvg,eng,10,tr2,all,998,0.238,0.827,-0.358,-0.157,-156.7,176.5,2.98,4.69,-2.54,0.774,0.864,669,-0.15,-2.54,s1,0.3,1.0,15
don4,fvg,eng,10,r3,day,660,0.256,0.84,-0.528,-0.157,-103.8,120.3,4.43,2.82,-2.58,0.792,0.877,370,-0.206,-2.58,s2,1.0,1.0,15
don4,fvg,eng,30,r2,day,1181,0.343,0.892,-0.275,-0.101,-119.8,125.6,3.84,4.98,-2.62,0.821,0.95,745,-0.154,-2.62,s1,0.3,1.0,15
don4,fvg,eng,10,r3,day,335,0.239,0.747,-0.629,-0.222,-74.4,86.1,3.2,1.76,-2.64,0.886,0.642,241,-0.269,-2.64,s2,0.3,1.0,60
don4,fvg,eng,10,r3,day,656,0.255,0.83,-0.573,-0.162,-106.3,124.4,4.51,2.8,-2.66,0.78,0.868,353,-0.212,-2.66,s2,1.0,2.0,15
don4,fvg,eng,10,tr2,day,333,0.267,0.749,-0.665,-0.209,-69.7,82.3,4.33,1.75,-2.69,0.767,0.735,188,-0.284,-2.69,s2,1.0,1.0,60
ema,fvg,swing,30,r3,all,1683,0.268,0.913,-0.241,-0.106,-178.9,219.3,3.77,7.65,-2.74,0.836,0.972,1043,-0.115,-2.74,s1,0.3,1.0,15
ema,ema,swing,10,r3,all,802,0.267,0.846,-0.439,-0.15,-120.0,144.2,3.93,3.7,-2.74,0.826,0.86,477,-0.164,-2.74,s1,0.3,1.0,15
don4,fvg,swing,30,r3,day,1209,0.256,0.905,-0.288,-0.125,-151.6,180.8,4.09,5.08,-2.74,0.744,1.042,718,-0.147,-2.74,s1,0.3,1.0,15
ema,ema,swing,30,r3,all,1135,0.274,0.887,-0.326,-0.127,-144.3,176.2,4.07,5.11,-2.75,0.83,0.929,667,-0.188,-2.75,s1,0.3,1.0,15
don4,fvg,eng,30,tr2,all,2175,0.274,0.882,-0.275,-0.111,-241.8,266.8,3.65,9.14,-2.82,0.779,0.963,1371,-0.135,-2.82,s1,0.3,1.0,15
ema,ema,swing,10,r2,day,411,0.304,0.785,-0.617,-0.182,-74.6,88.9,4.12,2.35,-2.83,0.809,0.768,241,-0.25,-2.83,s1,0.3,1.0,15
ema,ema,eng,30,r3,day,499,0.251,0.827,-0.472,-0.194,-97.0,114.8,3.85,2.57,-2.84,0.707,0.923,307,-0.229,-2.84,s1,0.3,1.0,15
don4,ema,eng,10,r2,day,434,0.316,0.844,-0.354,-0.179,-77.5,89.4,3.28,2.09,-2.84,0.916,0.795,296,-0.214,-2.84,s1,0.3,1.0,15
don4,ema,swing,30,r2,day,792,0.323,0.832,-0.479,-0.134,-106.0,118.5,4.22,3.37,-2.85,0.801,0.856,464,-0.188,-2.85,s1,0.3,1.0,15
don4,fvg,eng,10,tr2,day,333,0.267,0.736,-0.712,-0.217,-72.2,84.4,4.41,1.75,-2.85,0.756,0.72,180,-0.279,-2.85,s2,1.0,2.0,60
don4,fvg,eng,10,r3,day,719,0.25,0.838,-0.399,-0.171,-122.6,127.5,3.22,3.07,-2.9,0.797,0.869,508,-0.211,-2.9,s1,0.3,1.0,15
ema,fvg,swing,10,r2,day,675,0.314,0.827,-0.467,-0.149,-100.8,110.4,3.82,3.67,-2.92,0.836,0.82,432,-0.136,-2.92,s1,0.3,1.0,15
ema,fvg,eng,30,r3,all,1476,0.274,0.891,-0.287,-0.121,-179.1,218.5,3.67,6.74,-2.96,0.794,0.966,888,-0.117,-2.96,s1,0.3,1.0,15
don4,fvg,eng,10,tr2,day,336,0.208,0.713,-0.634,-0.277,-93.2,112.1,3.22,1.77,-3.02,0.78,0.656,239,-0.289,-3.02,s2,0.3,1.0,60
don4,ema,eng,10,r3,day,419,0.232,0.817,-0.464,-0.235,-98.3,112.3,3.28,2.01,-3.13,0.868,0.781,286,-0.309,-3.13,s1,0.3,1.0,15
don4,ema,eng,30,r3,all,1324,0.272,0.897,-0.275,-0.134,-177.9,216.0,3.74,5.56,-3.14,0.761,1.008,821,-0.187,-3.14,s1,0.3,1.0,15
don4,fvg,eng,10,r3,day,688,0.241,0.807,-0.579,-0.189,-129.7,140.4,3.87,2.94,-3.16,0.762,0.841,454,-0.23,-3.16,s2,0.3,2.0,15
ema,ema,swing,30,tr2,day,634,0.304,0.74,-0.662,-0.18,-113.8,129.9,4.35,3.27,-3.17,0.696,0.775,359,-0.285,-3.17,s1,0.3,1.0,15
don4,fvg,eng,10,r2,day,749,0.324,0.84,-0.363,-0.157,-117.6,120.8,3.25,3.2,-3.26,0.752,0.907,527,-0.18,-3.26,s1,0.3,1.0,15
ema,ema,eng,30,tr2,day,535,0.267,0.718,-0.67,-0.229,-122.7,142.4,3.85,2.76,-3.29,0.696,0.736,325,-0.179,-3.29,s1,0.3,1.0,15
ema,fvg,swing,10,tr2,all,1315,0.273,0.749,-0.61,-0.155,-203.7,226.8,3.66,6.35,-3.31,0.73,0.762,847,-0.127,-3.31,s1,0.3,1.0,15
don4,ema,swing,30,r3,all,1493,0.269,0.889,-0.315,-0.134,-200.2,231.3,3.94,6.27,-3.32,0.801,0.959,922,-0.2,-3.32,s1,0.3,1.0,15
don4,fvg,eng,10,r3,day,334,0.219,0.699,-0.908,-0.274,-91.5,104.4,3.81,1.76,-3.33,0.771,0.642,228,-0.294,-3.33,s2,0.3,2.0,60
ema,ema,eng,30,r3,all,1018,0.266,0.882,-0.316,-0.161,-163.6,186.6,3.81,4.59,-3.34,0.728,1.0,616,-0.236,-3.34,s1,0.3,1.0,15
don4,ema,eng,10,r3,all,846,0.252,0.931,-0.162,-0.181,-152.8,169.1,3.15,3.6,-3.37,0.771,1.054,568,-0.258,-3.37,s1,0.3,1.0,15
don4,fvg,swing,10,r2,day,999,0.317,0.851,-0.407,-0.143,-142.8,152.1,3.89,4.2,-3.39,0.792,0.896,627,-0.166,-3.39,s1,0.3,1.0,15
don4,fvg,eng,30,r3,all,2157,0.274,0.873,-0.339,-0.116,-250.5,274.2,3.67,9.06,-3.41,0.801,0.93,1348,-0.113,-3.41,s1,0.3,1.0,15
don4,ema,eng,30,r3,day,649,0.245,0.808,-0.531,-0.204,-132.7,146.7,3.79,2.79,-3.41,0.76,0.847,410,-0.251,-3.41,s1,0.3,1.0,15
ema,fvg,swing,30,tr2,all,1724,0.293,0.836,-0.395,-0.138,-237.2,270.1,3.82,7.84,-3.5,0.787,0.872,1066,-0.161,-3.5,s1,0.3,1.0,15
don4,ema,eng,10,tr2,day,432,0.236,0.692,-0.696,-0.283,-122.2,132.7,3.28,2.08,-3.53,0.761,0.646,294,-0.273,-3.53,s1,0.3,1.0,15
ema,fvg,swing,10,r3,all,1331,0.253,0.8,-0.556,-0.153,-203.2,237.5,3.61,6.43,-3.54,0.757,0.833,862,-0.093,-3.54,s1,0.3,1.0,15
don4,ema,eng,30,tr2,day,697,0.267,0.733,-0.639,-0.223,-155.7,168.3,3.79,2.99,-3.57,0.678,0.777,434,-0.208,-3.57,s1,0.3,1.0,15
ema,ema,eng,10,r2,all,697,0.323,0.927,-0.154,-0.177,-123.6,138.3,3.21,3.27,-3.6,0.812,1.007,459,-0.243,-3.6,s1,0.3,1.0,15
ema,ema,swing,10,r2,all,865,0.323,0.834,-0.442,-0.161,-138.9,150.2,3.93,3.99,-3.64,0.786,0.868,515,-0.204,-3.64,s1,0.3,1.0,15
don4,fvg,eng,10,tr2,all,1443,0.229,0.825,-0.371,-0.187,-269.7,287.5,3.0,6.06,-3.71,0.68,0.937,991,-0.191,-3.71,s1,0.3,1.0,15
ema,ema,eng,30,r2,day,525,0.307,0.789,-0.536,-0.207,-108.6,123.1,3.85,2.71,-3.71,0.668,0.886,323,-0.217,-3.71,s1,0.3,1.0,15
don4,fvg,eng,10,tr2,day,335,0.227,0.66,-0.861,-0.29,-97.1,104.5,3.84,1.76,-3.79,0.722,0.609,226,-0.329,-3.79,s2,0.3,2.0,60
ema,ema,eng,10,tr2,day,331,0.236,0.644,-0.804,-0.318,-105.4,124.4,3.31,2.02,-3.83,0.697,0.607,225,-0.313,-3.83,s1,0.3,1.0,15
don4,ema,swing,10,r2,day,556,0.293,0.727,-0.79,-0.215,-119.3,127.6,4.02,2.5,-3.92,0.712,0.738,337,-0.253,-3.92,s1,0.3,1.0,15
don4,fvg,swing,10,r3,day,940,0.233,0.805,-0.586,-0.199,-187.3,208.0,3.88,3.95,-3.92,0.648,0.939,588,-0.209,-3.92,s1,0.3,1.0,15
don4,ema,swing,30,tr2,day,812,0.305,0.726,-0.702,-0.196,-158.9,174.1,4.24,3.46,-3.93,0.676,0.767,475,-0.273,-3.93,s1,0.3,1.0,15
don4,ema,swing,10,r3,day,524,0.225,0.703,-0.931,-0.257,-134.4,146.1,4.02,2.36,-3.93,0.695,0.709,320,-0.28,-3.93,s1,0.3,1.0,15
ema,ema,swing,30,tr2,all,1256,0.292,0.758,-0.605,-0.17,-213.9,244.8,4.07,5.66,-3.93,0.742,0.769,739,-0.223,-3.93,s1,0.3,1.0,15
don4,ema,eng,30,r2,day,689,0.309,0.8,-0.507,-0.195,-134.5,149.4,3.77,2.96,-3.97,0.778,0.818,437,-0.221,-3.97,s1,0.3,1.0,15
ema,ema,swing,30,r2,all,1250,0.329,0.853,-0.394,-0.147,-184.3,204.6,4.03,5.63,-4.01,0.803,0.89,742,-0.222,-4.01,s1,0.3,1.0,15
ema,fvg,eng,10,r3,all,1031,0.247,0.785,-0.495,-0.195,-201.3,227.2,2.99,4.84,-4.04,0.797,0.777,688,-0.18,-4.04,s1,0.3,1.0,15
ema,fvg,eng,30,r2,all,1602,0.339,0.877,-0.296,-0.132,-212.2,234.3,3.65,7.32,-4.05,0.781,0.953,975,-0.131,-4.05,s1,0.3,1.0,15
don4,fvg,swing,30,tr2,all,2485,0.291,0.848,-0.372,-0.137,-339.3,372.9,3.84,10.44,-4.15,0.754,0.922,1537,-0.183,-4.15,s1,0.3,1.0,15
don4,fvg,swing,30,r3,all,2428,0.259,0.898,-0.286,-0.135,-326.6,369.1,3.8,10.2,-4.2,0.786,0.99,1514,-0.174,-4.2,s1,0.3,1.0,15
don4,ema,eng,10,r2,all,885,0.319,0.868,-0.283,-0.186,-164.3,176.1,3.13,3.77,-4.25,0.747,0.959,595,-0.228,-4.25,s1,0.3,1.0,15
ema,ema,swing,10,tr2,all,852,0.277,0.706,-0.733,-0.218,-185.7,202.3,3.96,3.93,-4.33,0.669,0.735,503,-0.25,-4.33,s1,0.3,1.0,15
don4,fvg,swing,10,tr2,all,1889,0.274,0.773,-0.56,-0.167,-315.0,345.7,3.74,7.94,-4.34,0.689,0.837,1204,-0.2,-4.34,s1,0.3,1.0,15
don4,ema,swing,30,r2,all,1648,0.329,0.857,-0.377,-0.144,-237.9,258.9,3.92,6.92,-4.49,0.802,0.899,1021,-0.202,-4.49,s1,0.3,1.0,15
ema,fvg,eng,10,r2,all,1078,0.322,0.817,-0.381,-0.18,-194.0,209.5,2.99,5.06,-4.55,0.809,0.822,720,-0.15,-4.55,s1,0.3,1.0,15
ema,ema,eng,10,tr2,all,675,0.244,0.817,-0.391,-0.281,-189.5,216.3,3.22,3.17,-4.63,0.731,0.88,442,-0.323,-4.63,s1,0.3,1.0,15
don4,ema,swing,10,r3,all,1087,0.242,0.765,-0.683,-0.216,-234.4,249.9,3.83,4.57,-4.68,0.706,0.811,677,-0.243,-4.68,s1,0.3,1.0,15
ema,fvg,swing,30,r2,all,1864,0.324,0.854,-0.377,-0.144,-268.2,296.7,3.77,8.47,-4.72,0.85,0.856,1157,-0.164,-4.72,s1,0.3,1.0,15
don4,ema,eng,10,tr2,all,860,0.241,0.805,-0.416,-0.266,-229.1,244.8,3.14,3.66,-4.73,0.669,0.906,575,-0.276,-4.73,s1,0.3,1.0,15
don4,ema,swing,30,tr2,all,1644,0.294,0.772,-0.561,-0.178,-292.1,321.1,3.97,6.91,-4.74,0.717,0.814,1006,-0.231,-4.74,s1,0.3,1.0,15
don4,ema,eng,30,r2,all,1405,0.327,0.825,-0.437,-0.165,-232.4,252.6,3.73,5.9,-4.8,0.717,0.912,874,-0.202,-4.8,s1,0.3,1.0,15
don4,fvg,eng,10,r3,all,1495,0.247,0.819,-0.417,-0.195,-291.7,310.8,2.99,6.28,-4.86,0.775,0.852,1025,-0.2,-4.86,s1,0.3,1.0,15
don4,fvg,eng,30,r2,all,2364,0.338,0.857,-0.349,-0.132,-311.2,322.0,3.65,9.93,-4.87,0.83,0.878,1488,-0.139,-4.87,s1,0.3,1.0,15
don4,ema,eng,30,tr2,all,1388,0.273,0.784,-0.512,-0.216,-299.1,322.4,3.72,5.83,-4.96,0.676,0.869,864,-0.232,-4.96,s1,0.3,1.0,15
ema,ema,eng,30,r2,all,1076,0.318,0.794,-0.525,-0.196,-211.4,225.9,3.81,4.85,-5.06,0.64,0.914,649,-0.249,-5.06,s1,0.3,1.0,15
ema,ema,eng,30,tr2,all,1067,0.262,0.746,-0.617,-0.247,-263.4,288.1,3.8,4.81,-5.1,0.678,0.797,646,-0.261,-5.1,s1,0.3,1.0,15
don4,fvg,swing,10,r3,all,1904,0.244,0.804,-0.555,-0.184,-349.9,391.0,3.68,8.0,-5.16,0.732,0.862,1227,-0.193,-5.16,s1,0.3,1.0,15
ema,ema,swing,10,tr2,day,417,0.269,0.574,-1.11,-0.307,-128.1,135.4,4.14,2.38,-5.17,0.526,0.611,245,-0.373,-5.17,s1,0.3,1.0,15
don4,ema,swing,10,r2,all,1165,0.308,0.766,-0.632,-0.199,-231.8,238.4,3.85,4.89,-5.29,0.709,0.809,721,-0.232,-5.29,s1,0.3,1.0,15
don4,fvg,swing,30,r2,all,2702,0.327,0.873,-0.328,-0.135,-365.7,391.2,3.8,11.35,-5.33,0.841,0.897,1691,-0.167,-5.33,s1,0.3,1.0,15
ema,fvg,swing,10,r2,all,1428,0.309,0.756,-0.631,-0.186,-265.6,283.5,3.61,6.9,-5.4,0.786,0.735,928,-0.163,-5.4,s1,0.3,1.0,15
don4,ema,swing,10,tr2,all,1148,0.262,0.692,-0.783,-0.241,-276.3,288.6,3.88,4.82,-5.46,0.614,0.754,705,-0.269,-5.46,s1,0.3,1.0,15
don4,ema,swing,10,tr2,day,562,0.258,0.589,-1.091,-0.317,-178.2,183.6,4.05,2.53,-5.84,0.529,0.636,341,-0.365,-5.84,s1,0.3,1.0,15
don4,fvg,swing,10,r2,all,2046,0.312,0.797,-0.529,-0.175,-358.9,382.7,3.68,8.6,-6.08,0.788,0.804,1320,-0.192,-6.08,s1,0.3,1.0,15
don4,fvg,eng,10,r2,all,1562,0.315,0.802,-0.42,-0.2,-313.1,325.0,3.0,6.56,-6.13,0.749,0.841,1069,-0.188,-6.13,s1,0.3,1.0,15
