trend,zone,trig,W,ex,sess,tr_n,tr_wr,tr_pf,tr_avg_pts,tr_avg_R,tr_sum_R,tr_maxdd_R,tr_avg_risk,tr_tpd,tr_t,tr_pf_h1,tr_pf_h2,tr_fe_n,tr_fe_avgR,rank_t
ema,fvg,eng,30,tr,day,771,0.293,1.019,0.044,-0.02,-15.7,63.8,3.81,3.97,-0.29,0.839,1.171,469,-0.067,-0.29
ema,fvg,eng,10,tr,day,480,0.263,0.976,-0.051,-0.052,-25.0,60.4,3.25,2.7,-0.55,0.876,1.05,325,-0.08,-0.55
don4,fvg,eng,30,tr,day,1136,0.276,1.0,-0.001,-0.048,-54.2,125.4,3.79,4.79,-0.82,0.848,1.121,716,-0.108,-0.82
ema,fvg,eng,30,r3,day,732,0.29,0.951,-0.133,-0.059,-42.9,63.1,3.85,3.77,-0.98,0.802,1.078,444,-0.105,-0.98
ema,fvg,swing,30,r3,day,822,0.275,0.965,-0.103,-0.061,-50.5,78.5,4.1,4.13,-1.08,0.894,1.022,481,-0.046,-1.08
ema,ema,swing,30,r3,day,556,0.272,0.902,-0.308,-0.103,-57.4,78.9,4.42,2.87,-1.54,0.826,0.96,308,-0.182,-1.54
ema,fvg,eng,10,r2,day,501,0.347,0.945,-0.118,-0.093,-46.7,56.0,3.24,2.81,-1.56,0.869,1.001,340,-0.11,-1.56
ema,fvg,eng,10,r3,day,480,0.269,0.874,-0.304,-0.115,-55.4,68.4,3.25,2.7,-1.58,0.86,0.884,327,-0.155,-1.58
ema,fvg,swing,30,tr,day,867,0.313,0.889,-0.279,-0.1,-86.4,124.5,4.15,4.36,-1.79,0.804,0.957,507,-0.14,-1.79
ema,fvg,eng,30,r2,day,787,0.352,0.942,-0.141,-0.085,-67.2,80.9,3.82,4.06,-1.8,0.772,1.092,478,-0.126,-1.8
ema,fvg,swing,30,r2,day,906,0.339,0.941,-0.16,-0.081,-73.7,90.1,4.09,4.55,-1.81,0.912,0.963,535,-0.086,-1.81
don4,fvg,eng,10,tr,day,715,0.231,0.89,-0.246,-0.143,-101.9,122.7,3.23,3.06,-1.89,0.697,1.044,501,-0.17,-1.89
don4,fvg,eng,30,r3,day,1086,0.273,0.892,-0.302,-0.094,-102.1,111.0,3.85,4.58,-1.93,0.769,0.995,686,-0.148,-1.93
ema,ema,swing,10,r3,day,388,0.258,0.802,-0.602,-0.157,-60.8,80.4,4.12,2.22,-2.0,0.83,0.781,228,-0.176,-2.0
don4,fvg,swing,30,tr,day,1270,0.3,0.917,-0.212,-0.098,-124.6,179.7,4.09,5.34,-2.05,0.757,1.047,754,-0.181,-2.05
ema,fvg,swing,10,tr,day,648,0.281,0.797,-0.511,-0.14,-91.0,110.9,3.88,3.52,-2.06,0.734,0.844,410,-0.143,-2.06
ema,ema,eng,10,r3,day,318,0.248,0.891,-0.271,-0.18,-57.4,77.9,3.32,1.94,-2.06,0.928,0.866,216,-0.264,-2.06
don4,fvg,swing,30,r2,day,1338,0.339,0.939,-0.164,-0.082,-110.0,123.7,4.06,5.62,-2.23,0.864,1.0,802,-0.102,-2.23
ema,fvg,swing,10,r3,day,635,0.25,0.836,-0.48,-0.141,-89.5,103.5,3.8,3.45,-2.23,0.773,0.885,405,-0.073,-2.23
ema,fvg,eng,30,tr,all,1492,0.275,0.873,-0.292,-0.109,-163.4,181.9,3.64,6.81,-2.28,0.753,0.967,908,-0.132,-2.28
ema,ema,swing,30,r2,day,611,0.326,0.857,-0.414,-0.126,-77.0,93.1,4.35,3.15,-2.36,0.851,0.861,344,-0.226,-2.36
don4,ema,swing,30,r3,day,720,0.26,0.853,-0.46,-0.141,-101.4,112.8,4.28,3.06,-2.41,0.786,0.906,418,-0.208,-2.41
ema,ema,eng,10,r2,day,331,0.317,0.872,-0.29,-0.174,-57.6,70.8,3.32,2.02,-2.42,0.872,0.872,225,-0.202,-2.42
ema,ema,eng,10,r3,all,667,0.264,1.017,0.039,-0.15,-99.9,126.9,3.24,3.13,-2.47,0.886,1.108,439,-0.264,-2.47
don4,fvg,swing,10,tr,day,956,0.275,0.837,-0.417,-0.143,-136.7,162.6,3.93,4.02,-2.54,0.674,0.966,595,-0.214,-2.54
ema,fvg,eng,10,tr,all,998,0.238,0.827,-0.358,-0.157,-156.7,176.5,2.98,4.69,-2.54,0.774,0.864,669,-0.15,-2.54
don4,fvg,eng,30,r2,day,1181,0.343,0.892,-0.275,-0.101,-119.8,125.6,3.84,4.98,-2.62,0.821,0.95,745,-0.154,-2.62
ema,fvg,swing,30,r3,all,1683,0.268,0.913,-0.241,-0.106,-178.9,219.3,3.77,7.65,-2.74,0.836,0.972,1043,-0.115,-2.74
ema,ema,swing,10,r3,all,802,0.267,0.846,-0.439,-0.15,-120.0,144.2,3.93,3.7,-2.74,0.826,0.86,477,-0.164,-2.74
don4,fvg,swing,30,r3,day,1209,0.256,0.905,-0.288,-0.125,-151.6,180.8,4.09,5.08,-2.74,0.744,1.042,718,-0.147,-2.74
ema,ema,swing,30,r3,all,1135,0.274,0.887,-0.326,-0.127,-144.3,176.2,4.07,5.11,-2.75,0.83,0.929,667,-0.188,-2.75
don4,fvg,eng,30,tr,all,2175,0.274,0.882,-0.275,-0.111,-241.8,266.8,3.65,9.14,-2.82,0.779,0.963,1371,-0.135,-2.82
ema,ema,swing,10,r2,day,411,0.304,0.785,-0.617,-0.182,-74.6,88.9,4.12,2.35,-2.83,0.809,0.768,241,-0.25,-2.83
don4,ema,eng,10,r2,day,434,0.316,0.844,-0.354,-0.179,-77.5,89.4,3.28,2.09,-2.84,0.916,0.795,296,-0.214,-2.84
ema,ema,eng,30,r3,day,499,0.251,0.827,-0.472,-0.194,-97.0,114.8,3.85,2.57,-2.84,0.707,0.923,307,-0.229,-2.84
don4,ema,swing,30,r2,day,792,0.323,0.832,-0.479,-0.134,-106.0,118.5,4.22,3.37,-2.85,0.801,0.856,464,-0.188,-2.85
don4,fvg,eng,10,r3,day,719,0.25,0.838,-0.399,-0.171,-122.6,127.5,3.22,3.07,-2.9,0.797,0.869,508,-0.211,-2.9
ema,fvg,swing,10,r2,day,675,0.314,0.827,-0.467,-0.149,-100.8,110.4,3.82,3.67,-2.92,0.836,0.82,432,-0.136,-2.92
ema,fvg,eng,30,r3,all,1476,0.274,0.891,-0.287,-0.121,-179.1,218.5,3.67,6.74,-2.96,0.794,0.966,888,-0.117,-2.96
don4,ema,eng,10,r3,day,419,0.232,0.817,-0.464,-0.235,-98.3,112.3,3.28,2.01,-3.13,0.868,0.781,286,-0.309,-3.13
don4,ema,eng,30,r3,all,1324,0.272,0.897,-0.275,-0.134,-177.9,216.0,3.74,5.56,-3.14,0.761,1.008,821,-0.187,-3.14
ema,ema,swing,30,tr,day,634,0.304,0.74,-0.662,-0.18,-113.8,129.9,4.35,3.27,-3.17,0.696,0.775,359,-0.285,-3.17
don4,fvg,eng,10,r2,day,749,0.324,0.84,-0.363,-0.157,-117.6,120.8,3.25,3.2,-3.26,0.752,0.907,527,-0.18,-3.26
ema,ema,eng,30,tr,day,535,0.267,0.718,-0.67,-0.229,-122.7,142.4,3.85,2.76,-3.29,0.696,0.736,325,-0.179,-3.29
ema,fvg,swing,10,tr,all,1315,0.273,0.749,-0.61,-0.155,-203.7,226.8,3.66,6.35,-3.31,0.73,0.762,847,-0.127,-3.31
don4,ema,swing,30,r3,all,1493,0.269,0.889,-0.315,-0.134,-200.2,231.3,3.94,6.27,-3.32,0.801,0.959,922,-0.2,-3.32
ema,ema,eng,30,r3,all,1018,0.266,0.882,-0.316,-0.161,-163.6,186.6,3.81,4.59,-3.34,0.728,1.0,616,-0.236,-3.34
don4,ema,eng,10,r3,all,846,0.252,0.931,-0.162,-0.181,-152.8,169.1,3.15,3.6,-3.37,0.771,1.054,568,-0.258,-3.37
don4,fvg,swing,10,r2,day,999,0.317,0.851,-0.407,-0.143,-142.8,152.1,3.89,4.2,-3.39,0.792,0.896,627,-0.166,-3.39
don4,fvg,eng,30,r3,all,2157,0.274,0.873,-0.339,-0.116,-250.5,274.2,3.67,9.06,-3.41,0.801,0.93,1348,-0.113,-3.41
don4,ema,eng,30,r3,day,649,0.245,0.808,-0.531,-0.204,-132.7,146.7,3.79,2.79,-3.41,0.76,0.847,410,-0.251,-3.41
ema,fvg,swing,30,tr,all,1724,0.293,0.836,-0.395,-0.138,-237.2,270.1,3.82,7.84,-3.5,0.787,0.872,1066,-0.161,-3.5
don4,ema,eng,10,tr,day,432,0.236,0.692,-0.696,-0.283,-122.2,132.7,3.28,2.08,-3.53,0.761,0.646,294,-0.273,-3.53
ema,fvg,swing,10,r3,all,1331,0.253,0.8,-0.556,-0.153,-203.2,237.5,3.61,6.43,-3.54,0.757,0.833,862,-0.093,-3.54
don4,ema,eng,30,tr,day,697,0.267,0.733,-0.639,-0.223,-155.7,168.3,3.79,2.99,-3.57,0.678,0.777,434,-0.208,-3.57
ema,ema,eng,10,r2,all,697,0.323,0.927,-0.154,-0.177,-123.6,138.3,3.21,3.27,-3.6,0.812,1.007,459,-0.243,-3.6
ema,ema,swing,10,r2,all,865,0.323,0.834,-0.442,-0.161,-138.9,150.2,3.93,3.99,-3.64,0.786,0.868,515,-0.204,-3.64
ema,ema,eng,30,r2,day,525,0.307,0.789,-0.536,-0.207,-108.6,123.1,3.85,2.71,-3.71,0.668,0.886,323,-0.217,-3.71
don4,fvg,eng,10,tr,all,1443,0.229,0.825,-0.371,-0.187,-269.7,287.5,3.0,6.06,-3.71,0.68,0.937,991,-0.191,-3.71
ema,ema,eng,10,tr,day,331,0.236,0.644,-0.804,-0.318,-105.4,124.4,3.31,2.02,-3.83,0.697,0.607,225,-0.313,-3.83
don4,fvg,swing,10,r3,day,940,0.233,0.805,-0.586,-0.199,-187.3,208.0,3.88,3.95,-3.92,0.648,0.939,588,-0.209,-3.92
don4,ema,swing,10,r2,day,556,0.293,0.727,-0.79,-0.215,-119.3,127.6,4.02,2.5,-3.92,0.712,0.738,337,-0.253,-3.92
ema,ema,swing,30,tr,all,1256,0.292,0.758,-0.605,-0.17,-213.9,244.8,4.07,5.66,-3.93,0.742,0.769,739,-0.223,-3.93
don4,ema,swing,10,r3,day,524,0.225,0.703,-0.931,-0.257,-134.4,146.1,4.02,2.36,-3.93,0.695,0.709,320,-0.28,-3.93
don4,ema,swing,30,tr,day,812,0.305,0.726,-0.702,-0.196,-158.9,174.1,4.24,3.46,-3.93,0.676,0.767,475,-0.273,-3.93
don4,ema,eng,30,r2,day,689,0.309,0.8,-0.507,-0.195,-134.5,149.4,3.77,2.96,-3.97,0.778,0.818,437,-0.221,-3.97
ema,ema,swing,30,r2,all,1250,0.329,0.853,-0.394,-0.147,-184.3,204.6,4.03,5.63,-4.01,0.803,0.89,742,-0.222,-4.01
ema,fvg,eng,10,r3,all,1031,0.247,0.785,-0.495,-0.195,-201.3,227.2,2.99,4.84,-4.04,0.797,0.777,688,-0.18,-4.04
ema,fvg,eng,30,r2,all,1602,0.339,0.877,-0.296,-0.132,-212.2,234.3,3.65,7.32,-4.05,0.781,0.953,975,-0.131,-4.05
don4,fvg,swing,30,tr,all,2485,0.291,0.848,-0.372,-0.137,-339.3,372.9,3.84,10.44,-4.15,0.754,0.922,1537,-0.183,-4.15
don4,fvg,swing,30,r3,all,2428,0.259,0.898,-0.286,-0.135,-326.6,369.1,3.8,10.2,-4.2,0.786,0.99,1514,-0.174,-4.2
don4,ema,eng,10,r2,all,885,0.319,0.868,-0.283,-0.186,-164.3,176.1,3.13,3.77,-4.25,0.747,0.959,595,-0.228,-4.25
ema,ema,swing,10,tr,all,852,0.277,0.706,-0.733,-0.218,-185.7,202.3,3.96,3.93,-4.33,0.669,0.735,503,-0.25,-4.33
don4,fvg,swing,10,tr,all,1889,0.274,0.773,-0.56,-0.167,-315.0,345.7,3.74,7.94,-4.34,0.689,0.837,1204,-0.2,-4.34
don4,ema,swing,30,r2,all,1648,0.329,0.857,-0.377,-0.144,-237.9,258.9,3.92,6.92,-4.49,0.802,0.899,1021,-0.202,-4.49
ema,fvg,eng,10,r2,all,1078,0.322,0.817,-0.381,-0.18,-194.0,209.5,2.99,5.06,-4.55,0.809,0.822,720,-0.15,-4.55
ema,ema,eng,10,tr,all,675,0.244,0.817,-0.391,-0.281,-189.5,216.3,3.22,3.17,-4.63,0.731,0.88,442,-0.323,-4.63
don4,ema,swing,10,r3,all,1087,0.242,0.765,-0.683,-0.216,-234.4,249.9,3.83,4.57,-4.68,0.706,0.811,677,-0.243,-4.68
ema,fvg,swing,30,r2,all,1864,0.324,0.854,-0.377,-0.144,-268.2,296.7,3.77,8.47,-4.72,0.85,0.856,1157,-0.164,-4.72
don4,ema,eng,10,tr,all,860,0.241,0.805,-0.416,-0.266,-229.1,244.8,3.14,3.66,-4.73,0.669,0.906,575,-0.276,-4.73
don4,ema,swing,30,tr,all,1644,0.294,0.772,-0.561,-0.178,-292.1,321.1,3.97,6.91,-4.74,0.717,0.814,1006,-0.231,-4.74
don4,ema,eng,30,r2,all,1405,0.327,0.825,-0.437,-0.165,-232.4,252.6,3.73,5.9,-4.8,0.717,0.912,874,-0.202,-4.8
don4,fvg,eng,10,r3,all,1495,0.247,0.819,-0.417,-0.195,-291.7,310.8,2.99,6.28,-4.86,0.775,0.852,1025,-0.2,-4.86
don4,fvg,eng,30,r2,all,2364,0.338,0.857,-0.349,-0.132,-311.2,322.0,3.65,9.93,-4.87,0.83,0.878,1488,-0.139,-4.87
don4,ema,eng,30,tr,all,1388,0.273,0.784,-0.512,-0.216,-299.1,322.4,3.72,5.83,-4.96,0.676,0.869,864,-0.232,-4.96
ema,ema,eng,30,r2,all,1076,0.318,0.794,-0.525,-0.196,-211.4,225.9,3.81,4.85,-5.06,0.64,0.914,649,-0.249,-5.06
ema,ema,eng,30,tr,all,1067,0.262,0.746,-0.617,-0.247,-263.4,288.1,3.8,4.81,-5.1,0.678,0.797,646,-0.261,-5.1
don4,fvg,swing,10,r3,all,1904,0.244,0.804,-0.555,-0.184,-349.9,391.0,3.68,8.0,-5.16,0.732,0.862,1227,-0.193,-5.16
ema,ema,swing,10,tr,day,417,0.269,0.574,-1.11,-0.307,-128.1,135.4,4.14,2.38,-5.17,0.526,0.611,245,-0.373,-5.17
don4,ema,swing,10,r2,all,1165,0.308,0.766,-0.632,-0.199,-231.8,238.4,3.85,4.89,-5.29,0.709,0.809,721,-0.232,-5.29
don4,fvg,swing,30,r2,all,2702,0.327,0.873,-0.328,-0.135,-365.7,391.2,3.8,11.35,-5.33,0.841,0.897,1691,-0.167,-5.33
ema,fvg,swing,10,r2,all,1428,0.309,0.756,-0.631,-0.186,-265.6,283.5,3.61,6.9,-5.4,0.786,0.735,928,-0.163,-5.4
don4,ema,swing,10,tr,all,1148,0.262,0.692,-0.783,-0.241,-276.3,288.6,3.88,4.82,-5.46,0.614,0.754,705,-0.269,-5.46
don4,ema,swing,10,tr,day,562,0.258,0.589,-1.091,-0.317,-178.2,183.6,4.05,2.53,-5.84,0.529,0.636,341,-0.365,-5.84
don4,fvg,swing,10,r2,all,2046,0.312,0.797,-0.529,-0.175,-358.9,382.7,3.68,8.6,-6.08,0.788,0.804,1320,-0.192,-6.08
don4,fvg,eng,10,r2,all,1562,0.315,0.802,-0.42,-0.2,-313.1,325.0,3.0,6.56,-6.13,0.749,0.841,1069,-0.188,-6.13
