id,video,video_t,date_utc,entry_utc,exit_utc_est,side,entry_prices_seen,avg_entry_est,exit_px_est,lot_per_pos,n_pos_est,total_lots_est,balance_before,balance_after,pnl_usd,evidence,notes
T1,tzwj,00:33-02:08,2026-09-21,05:31,05:33,SELL,4360.814|4361.227|4361.272,4361.10,4355.40,0.02,3,0.06,14.00,48.22,34.22,frames_0004-0009 (scratch) ticket 3256944670/951/5063,break-and-retest of broken support (grey zone ~4359.5-4361) on M1; no SL/TP
T2,tzwj,02:08-06:10,2026-09-21,08:23,08:35,SELL,4354.475|4354.475|4354.476,4354.48,4356.20,0.02,14,0.28,48.22,0.00,-48.22,frames_0010-0022 ticket 3257706254/281/322,sell at top of 08:00 range resistance (4353.5-4356.4); target line 4343.578 drawn; peak float seen +92.36 (equity 140.58) at 08:30 UTC not taken; tickets grew 9 -> ~14 during the trade; stopped out (balance 0.00) at ~08:35; price reached target only after 09:10
T3,tzwj,~06:15-07:05,2026-09-22,08:45,08:48,BUY,4316.604|4317.163|4317.236,4317.00,4321.86,0.02,4,0.08,14.00,52.29,38.29,frames_0025-0028 ticket 3264077081/141/200,attempt 2; breakout above 4311.5 and 4315.5 zones then retest; closed at +38.29 ('close all positions boom')
T4,tzwj,07:05-09:25,2026-09-22,09:42,09:47,BUY,4317.507|4317.507|4317.546,4317.52,4322.70,0.05,6,0.30,52.29,207.38,155.09,frames_0029-0038 ticket 3264479383/401/455,retest of broken 4311.5-4312.7 zone after pullback; target = drawn line 4323.660; stop idea = line 4314.922/4315.010 drawn but no SL order visible
T5,tzwj,09:25-10:45,2026-09-22,09:50,09:52,BUY,4322.449|4322.603|4322.732|4322.853|4323.622|4323.649|4322.749,4323.00,4327.10,0.05,25,1.25,207.38,730.69,523.31,frames_0039-0045 ticket 3264522623..3264530422,re-entry where previous trade was closed; trigger = bullish engulfing at the level; n_pos inferred from pnl/position
T6,tzwj,10:45-11:35,2026-09-22,10:02,10:03,BUY,4332.295|4332.295|4332.295|4332.431|4332.681|4333.021|4333.131,4332.60,4337.10,0.20,15,3.00,730.69,2018.41,1287.72,frames_0046-0052 ticket 3264643375..3264644154,retest of 4331.2-4333.0 zone (prior 08:52 high) after breakout; closed ~1 min later at nearest resistance 4334.6-4337
T7,tzwj,11:35-15:30,2026-09-22,10:14,10:35,SELL,4332.088|4331.645|4331.756|4331.846|4331.943|4331.489|4331.489|~4329.788 (adds),4331.60,4328.50,1.00,10,10.40,2018.41,5351.11,3332.70,frames_0053-0062 ticket 3264715246..3264715540,failed breakout above zone -> sell back inside; float went +739 -> -293 -> +3332; margin 3464.48 level 141-154%; added sells lower (pyramid); target line 4325.012
V1,v617,01:31-02:49,2025-03-27,~06:00,~06:01,BUY,3028.508|3028.536x4|3028.494x2,3028.52,~3029.2,0.10,7,0.70,50.00,~98,~48,t_02m31s t_02m49s,M5 trendline break + retest of 'functional level' at ~3028; 'let's try doubling to 100 bucks'
V2,v617,02:52-03:45 (also scalp.MP4),2025-03-27,~06:02,~06:03,BUY,~3030.45 (many BUY 0.1 lines),3030.45,~3031.2,0.10,~19,~1.9,~98,238.30,~140,t_03m24s scalp.MP4 00:12-00:30,'massive rejection' candle; stacked 0.1-lot buys; 'hit my maximum zone... expecting retracement' -> close
V3,v617,03:45-05:30,2025-03-27,~06:05,~06:06,BUY,3031.531|3031.533|3031.839x4|3031.888|3032.105|3032.109|3032.126,3031.86,~3033.4,0.50,10,5.00,238.30,1037.50,799.20,t_04m53s t_05m10s,added 0.5-lot buys at progressively higher prices; floated -47.90 (equity 190.40) before closing at ~1000 target
V4,v617,06:20-09:07,2025-03-27,~06:50-06:58,~07:03,BUY,3029.564x4|3029.583x3|3029.630|3029.659x3|3029.824|...,3029.65,~3031.00,0.50,~16,~8.0,1037.50,2547.15,1509.65,t_07m39s t_09m04s,'build-up level' breakout + retest after drop to 3026.8 (06:46); float went to ~0 then +1276
V5,v617,09:27-10:43,2025-03-27,~07:14-07:21,?,BUY,3031.799x6|3031.890x7,3031.85,?,0.50,>=13,>=6.5,2547.15,3048.50,501.35,t_10m06s t_10m33s,'engulfing candlestick' re-entry; target 'at least 3k'
H1,v617 history screen,11:14-11:23,2025-03-27,?,05:24:28,BUY,3034.034x3|3034.045|3034.081x5,3034.06,3035.287,0.50,>=9,>=4.5,?,?,>=+540,t_11m14s,history rows timestamped 05:24:28 (server=UTC) which is ~35 min BEFORE the dip the video presents as the first trade (~06:00 UTC); unresolved inconsistency
